{
"type": "FeatureCollection",
"name": "八幡南部(¥14500)",
"crs": { "type": "name", "properties": { "name": "urn:ogc:def:crs:EPSG::4612" } },
"features": [
{ "type": "Feature", "properties": { "KEY_CODE": "401080553101", "PREF": "40", "CITY": "108", "K_AREA": "021000010", "S_AREA": "0553101", "PREF_NAME": "福岡県", "CITY_NAME": "北九州市八幡東区", "S_NAME": "祇園原町", "KIGO_E": null, "HCODE": 8101, "AREA": 3254.286, "PERIMETER": 426.101, "KIHON1": "0210", "DUMMY1": "-", "KIHON2": "00", "KIHON3": "010", "C1": 27, "C2": 553, "DUMMY2": "-", "C3": 1, "DUMMY3": "-", "C4": 1, "KIGO_A": null, "KIGO_D": null, "N_KEN": null, "N_CITY": null, "N_C1": 0, "KIGO_I": null, "KEYCODE1": "1080553-1-01", "JINKO": 14, "SETAI": 9, "KEN_OLD": "40", "CITY_OLD": "108", "X_CODE": 130.788729, "Y_CODE": 33.85879, "KCODE1": "0210-00010", "CCODE1": "553-1- 1", "layer": "融合ポリゴンの出力", "path": "MultiPolygon?crs=EPSG:4612&field=KEY_CODE:string(12,0)&field=PREF:string(2,0)&field=CITY:string(3,0)&field=K_AREA:string(9,0)&field=S_AREA:string(7,0)&field=PREF_NAME:string(12,0)&field=CITY_NAME:string(16,0)&field=S_NAME:string(96,0)&field=KIGO_E:string(3,0)&field=HCODE:integer(4,0)&field=AREA:double(14,3)&field=PERIMETER:double(14,3)&field=KIHON1:string(4,0)&field=DUMMY1:string(1,0)&field=KIHON2:string(2,0)&field=KIHON3:string(3,0)&field=C1:integer(3,0)&field=C2:integer(4,0)&field=DUMMY2:string(1,0)&field=C3:integer(1,0)&field=DUMMY3:string(1,0)&field=C4:integer(2,0)&field=KIGO_A:string(2,0)&field=KIGO_D:string(2,0)&field=N_KEN:string(2,0)&field=N_CITY:string(3,0)&field=N_C1:integer(3,0)&field=KIGO_I:string(1,0)&field=KEYCODE1:string(12,0)&field=JINKO:integer(4,0)&field=SETAI:integer(4,0)&field=KEN_OLD:string(2,0)&field=CITY_OLD:string(3,0)&field=X_CODE:double(14,6)&field=Y_CODE:double(14,6)&field=KCODE1:string(10,0)&field=CCODE1:string(9,0)&uid={4fbb4137-32e0-4f7c-99fa-55d9801f4058}" }, "geometry": { "type": "MultiPolygon", "coordinates": [ [ [ [ 130.719180325027537, 33.776225880266878 ], [ 130.718960297368966, 33.776660908363695 ], [ 130.718731198418709, 33.777113871524392 ], [ 130.71841294407696, 33.777743095192058 ], [ 130.718365190096392, 33.777837514743837 ], [ 130.719329753652829, 33.77806293983555 ], [ 130.718365190096392, 33.777837514743844 ], [ 130.717816754776123, 33.778968795689948 ], [ 130.717549594442914, 33.779541633721827 ], [ 130.717369498435858, 33.779877360267506 ], [ 130.717184273272579, 33.780259709861262 ], [ 130.716993777528302, 33.780666483653967 ], [ 130.71677911662249, 33.78111074882051 ], [ 130.716540633373626, 33.781558410329048 ], [ 130.716540633373654, 33.781558410329055 ], [ 130.716282695043844, 33.781982425857869 ], [ 130.716088635878663, 33.782309665426929 ], [ 130.715937178373991, 33.782577833354374 ], [ 130.715877106226401, 33.78268420056655 ], [ 130.715830703761952, 33.782794754681298 ], [ 130.715735836989808, 33.782944783658571 ], [ 130.715623937685308, 33.78315640873096 ], [ 130.715485452807854, 33.783455247916045 ], [ 130.715284357207565, 33.784015624892334 ], [ 130.71527406233966, 33.784074137219804 ], [ 130.715072943045016, 33.784634446594666 ], [ 130.715000381370061, 33.784907582843182 ], [ 130.714950880247102, 33.78520987012282 ], [ 130.714875188102695, 33.785613735472161 ], [ 130.714848132449134, 33.785824358575816 ], [ 130.714807881625063, 33.786071367994836 ], [ 130.714781773580626, 33.78629495530074 ], [ 130.714708529266318, 33.786845062111652 ], [ 130.714635964113313, 33.787118132102513 ], [ 130.714597537951249, 33.787329293883936 ], [ 130.714488333816462, 33.787520356533832 ], [ 130.714355396426754, 33.787649232621689 ], [ 130.714189844062133, 33.787837980097024 ], [ 130.713828785395918, 33.788191243782926 ], [ 130.713638008968502, 33.788385778346914 ], [ 130.713475626047881, 33.788565939539332 ], [ 130.713144961647174, 33.789018734072123 ], [ 130.712605864759297, 33.7897153238493 ], [ 130.712420133580792, 33.789963756840031 ], [ 130.712034177192578, 33.790347384362555 ], [ 130.711844202786978, 33.790513885896615 ], [ 130.711844202787006, 33.79051388589663 ], [ 130.711515989190701, 33.790757964359393 ], [ 130.71116103101258, 33.791077844034575 ], [ 130.710865223810742, 33.791374900862792 ], [ 130.710553134619005, 33.791639796933126 ], [ 130.710322861816138, 33.791896852891448 ], [ 130.710116779478938, 33.792103670881467 ], [ 130.709945281913576, 33.792323815969304 ], [ 130.709711414962328, 33.79257537132326 ], [ 130.7094263630851, 33.792950356341422 ], [ 130.709234187731511, 33.793165310905593 ], [ 130.70904916617215, 33.793391478701878 ], [ 130.708477419784316, 33.794023526322555 ], [ 130.708074421945128, 33.794519317001921 ], [ 130.707789775964443, 33.794969530482312 ], [ 130.707539660299432, 33.795372001945374 ], [ 130.707271097887684, 33.795764639452614 ], [ 130.70727397573458, 33.795799299875426 ], [ 130.707295189760714, 33.796055120918005 ], [ 130.707180472619569, 33.796281671900736 ], [ 130.707003211368203, 33.796577452033951 ], [ 130.706897191009517, 33.796777745576456 ], [ 130.706785222429374, 33.796946186174623 ], [ 130.706676950288426, 33.797150492014794 ], [ 130.706556265686629, 33.797345113447072 ], [ 130.706461554063793, 33.797525144783151 ], [ 130.70628594481596, 33.797935118734799 ], [ 130.706137055735041, 33.798148268394336 ], [ 130.705947995163115, 33.798518407358436 ], [ 130.705858880349467, 33.798720359622067 ], [ 130.705809090159534, 33.798809419035578 ], [ 130.705544376791948, 33.799219104992922 ], [ 130.705346615038138, 33.799615426007769 ], [ 130.705285010331636, 33.799778845706136 ], [ 130.705238065992091, 33.799947932326994 ], [ 130.705137636408182, 33.800170141627746 ], [ 130.70502827826968, 33.800344503518708 ], [ 130.704954280538146, 33.800498097709976 ], [ 130.704882784946051, 33.800721788012844 ], [ 130.704787952725724, 33.800965922341284 ], [ 130.704715513789466, 33.801095499229142 ], [ 130.704595091413694, 33.801161917873912 ], [ 130.704419045536298, 33.8012214408799 ], [ 130.703856530868734, 33.801312510588318 ], [ 130.703484220969813, 33.80140389614678 ], [ 130.703267924719484, 33.801482197750985 ], [ 130.703064019367616, 33.801570322230646 ], [ 130.702879641815002, 33.801666029425689 ], [ 130.702566104427319, 33.801749312601288 ], [ 130.702609856322397, 33.801797457475168 ], [ 130.702795978945971, 33.80195400128158 ], [ 130.703030912000173, 33.802129611394356 ], [ 130.703238123768614, 33.802269723864256 ], [ 130.703644543608704, 33.802596136585855 ], [ 130.704045020432375, 33.802890695714218 ], [ 130.704154095239659, 33.802966325542997 ], [ 130.704203393346887, 33.8029887320452 ], [ 130.704228397954211, 33.803000096867805 ], [ 130.70428917202787, 33.803027719298861 ], [ 130.70435323640325, 33.803056837035612 ], [ 130.704381276633796, 33.803069581482077 ], [ 130.704422586560867, 33.803088357009834 ], [ 130.7044624037365, 33.803106456314701 ], [ 130.704557322054342, 33.803149607158154 ], [ 130.704759029042407, 33.80324104054813 ], [ 130.705398717026782, 33.803528999416137 ], [ 130.705533719900728, 33.803589724456586 ], [ 130.705719560344534, 33.803673316550061 ], [ 130.706114933688525, 33.803851163577072 ], [ 130.706206309261063, 33.803892386517745 ], [ 130.706337182612742, 33.803951430059541 ], [ 130.706459940135915, 33.804021304204383 ], [ 130.706653222143728, 33.804035288574319 ], [ 130.706653640332831, 33.804145405551509 ], [ 130.706653790643401, 33.804184962803149 ], [ 130.706711387466697, 33.804189005356356 ], [ 130.706847099813075, 33.804198246933268 ], [ 130.706839250493942, 33.804285543467216 ], [ 130.70683851020101, 33.804297320725404 ], [ 130.706859762835222, 33.804303291115261 ], [ 130.706880178720979, 33.804309026780693 ], [ 130.706967351123694, 33.804306159968149 ], [ 130.707260084944892, 33.804296534934622 ], [ 130.707717317132932, 33.804281257551921 ], [ 130.708521266860942, 33.804485127717115 ], [ 130.708518139058498, 33.804528370417643 ], [ 130.708512201036569, 33.804610434757805 ], [ 130.708635283679683, 33.804623348178978 ], [ 130.708635197990731, 33.804648593843254 ], [ 130.708650316853493, 33.804653141613116 ], [ 130.708669174933135, 33.804658814257785 ], [ 130.708695939652785, 33.80466740354813 ], [ 130.708737456178852, 33.804681478568867 ], [ 130.709073724579184, 33.804770605894781 ], [ 130.709249659496919, 33.804832020198937 ], [ 130.709272920303277, 33.804840106920636 ], [ 130.709600871450988, 33.804938494894543 ], [ 130.709977771842574, 33.805145100045642 ], [ 130.710213268399286, 33.805258214776529 ], [ 130.710209333372262, 33.805312922606866 ], [ 130.710208278717147, 33.805319074863853 ], [ 130.710203917350242, 33.805344514119128 ], [ 130.7102007325351, 33.805373453392448 ], [ 130.710199513788325, 33.805384527888144 ], [ 130.71019302086404, 33.805443516120327 ], [ 130.710192747805962, 33.805445996889098 ], [ 130.710182064170198, 33.805543060615378 ], [ 130.710172197889705, 33.805586316116489 ], [ 130.71017461213799, 33.80559946945862 ], [ 130.710194162460056, 33.805711827502698 ], [ 130.710201749233448, 33.80575971343918 ], [ 130.710354045294622, 33.805746264392901 ], [ 130.710201749233448, 33.805759713439194 ], [ 130.710204170854809, 33.805767042225291 ], [ 130.710320158722539, 33.805814934610908 ], [ 130.710298260408422, 33.805890395643203 ], [ 130.710305576485723, 33.805897808027503 ], [ 130.710322344431262, 33.80590582542213 ], [ 130.710361301717796, 33.805917971740833 ], [ 130.710466984397613, 33.805951946967902 ], [ 130.710632018885747, 33.806005504273301 ], [ 130.71078314606001, 33.80601149439071 ], [ 130.710929827977026, 33.806066842427043 ], [ 130.710976879605056, 33.806084596578501 ], [ 130.71103018373492, 33.806104972236426 ], [ 130.711067776294925, 33.806104879897319 ], [ 130.711100503746053, 33.806104798151544 ], [ 130.711247828030508, 33.8061053134453 ], [ 130.711394165471688, 33.806105825397267 ], [ 130.711505059455249, 33.806113283833568 ], [ 130.711512121074179, 33.80611484951573 ], [ 130.711576660211733, 33.806117072569151 ], [ 130.711812317360767, 33.806180179839771 ], [ 130.711830488136485, 33.806184133456277 ], [ 130.711838247961538, 33.806186735360271 ], [ 130.711843997580758, 33.806188662807685 ], [ 130.711917315875809, 33.806060234706564 ], [ 130.711916616230496, 33.806059118675357 ], [ 130.711955497368535, 33.805967763106807 ], [ 130.712073410232222, 33.80608045013895 ], [ 130.71224390674675, 33.806241625710072 ], [ 130.712300645625874, 33.806295167740451 ], [ 130.712407547276626, 33.806395770013509 ], [ 130.712480597062267, 33.806464514177641 ], [ 130.712605273083398, 33.806489392755957 ], [ 130.712603933269008, 33.806497762186254 ], [ 130.71260142779127, 33.806513414549023 ], [ 130.712581843181994, 33.806641639874904 ], [ 130.712582603076925, 33.806641501316413 ], [ 130.712656702224052, 33.806644281567657 ], [ 130.712734892050662, 33.806647209992761 ], [ 130.712923780790476, 33.806684632229242 ], [ 130.712928398269923, 33.806685347946519 ], [ 130.713302706024393, 33.806736922597388 ], [ 130.713459086495902, 33.806699949441381 ], [ 130.713575224179266, 33.806672490708458 ], [ 130.713632377546617, 33.806658977793994 ], [ 130.713646866294226, 33.80665555106679 ], [ 130.713742601719531, 33.806630509104849 ], [ 130.713902645127973, 33.806588645688173 ], [ 130.714016609350892, 33.806548421962134 ], [ 130.714027000454678, 33.806544752893629 ], [ 130.71405079669745, 33.806538744903314 ], [ 130.71423438960602, 33.806492390375531 ], [ 130.714479933327141, 33.806430393316532 ], [ 130.714722650523413, 33.806404326201701 ], [ 130.714751129818779, 33.806401268258838 ], [ 130.714784851071897, 33.806405678712245 ], [ 130.714933583088936, 33.80642513220446 ], [ 130.714957464537264, 33.806431951714565 ], [ 130.715060911304818, 33.806461492435808 ], [ 130.715161064994419, 33.806550084843437 ], [ 130.715443453295109, 33.80640286924303 ], [ 130.71600643425387, 33.806460361026183 ], [ 130.716108972280949, 33.806369111266186 ], [ 130.716125360289425, 33.806353153319563 ], [ 130.716376748806255, 33.806369856231179 ], [ 130.716440576208583, 33.806386077410927 ], [ 130.71640854228437, 33.806683192274996 ], [ 130.716389419036943, 33.806784640773877 ], [ 130.716359337182098, 33.80678181772668 ], [ 130.716310597666592, 33.806777246273896 ], [ 130.716214151436873, 33.806987281647345 ], [ 130.716230690112752, 33.806988317493506 ], [ 130.716214151436844, 33.806987281647345 ], [ 130.716210509328505, 33.806995213255192 ], [ 130.716168850112325, 33.80708664077882 ], [ 130.716222157057103, 33.80711610326393 ], [ 130.716312456519177, 33.807166009399602 ], [ 130.716543207162573, 33.807312455303489 ], [ 130.716594048454596, 33.807289131446574 ], [ 130.716695367872006, 33.807352477768028 ], [ 130.716702799186294, 33.807358138924222 ], [ 130.716753546015269, 33.80739679166669 ], [ 130.716723383621229, 33.807420098200637 ], [ 130.71646009363846, 33.807623344844544 ], [ 130.716453451770775, 33.807628752397612 ], [ 130.716103053402833, 33.807916119215683 ], [ 130.716119190242381, 33.807929469706409 ], [ 130.716264250752261, 33.808054769661709 ], [ 130.716396731701622, 33.808169606998455 ], [ 130.716264250752261, 33.808054769661716 ], [ 130.71616896003394, 33.808131213388037 ], [ 130.716094742624506, 33.808215965884614 ], [ 130.716066217582949, 33.808246794122418 ], [ 130.715957559082057, 33.808364224118257 ], [ 130.71570731642845, 33.808587253974899 ], [ 130.715606440359011, 33.808715956368466 ], [ 130.715567824263587, 33.808779268860476 ], [ 130.715530768462799, 33.808840020458412 ], [ 130.71549851934202, 33.808896544041573 ], [ 130.715439803539596, 33.809015062595392 ], [ 130.715374938331365, 33.809150012627605 ], [ 130.715374699096884, 33.809222143411723 ], [ 130.715433145082301, 33.80951170573816 ], [ 130.715377817628678, 33.809584610681362 ], [ 130.715205583377923, 33.809733885488747 ], [ 130.715036880482728, 33.809869955074944 ], [ 130.715014972170479, 33.809887625198741 ], [ 130.714886100016571, 33.809989212405867 ], [ 130.714701878927315, 33.810095029832148 ], [ 130.714577676819545, 33.81016612173093 ], [ 130.714403436326933, 33.810268505279815 ], [ 130.714250833158587, 33.810360118410294 ], [ 130.714146305589622, 33.81042257478174 ], [ 130.714001907093916, 33.810509213599822 ], [ 130.713847146354766, 33.810599919794761 ], [ 130.713727124625137, 33.810666225614114 ], [ 130.713550602353848, 33.810759125257995 ], [ 130.713527429549913, 33.810771320162125 ], [ 130.713565559353782, 33.810825579398298 ], [ 130.713590752314218, 33.810950808955475 ], [ 130.71397630097664, 33.810782508244749 ], [ 130.714240806580989, 33.810675063772152 ], [ 130.714727310970574, 33.810509106401817 ], [ 130.715126422502465, 33.810397324753659 ], [ 130.715700482934238, 33.810222336570021 ], [ 130.716268792490325, 33.810081989858134 ], [ 130.716544604870876, 33.809998590057504 ], [ 130.7169007387497, 33.80982309465081 ], [ 130.717313752430783, 33.80958123651375 ], [ 130.71754388944143, 33.809427287787919 ], [ 130.717739365652022, 33.809286358448574 ], [ 130.71797803981849, 33.809127148705215 ], [ 130.718398297138634, 33.808829931525977 ], [ 130.718480381169087, 33.808784685379727 ], [ 130.718600737617976, 33.808693174925835 ], [ 130.718747093471052, 33.808560095415125 ], [ 130.719000198692612, 33.808406055483829 ], [ 130.719299482439652, 33.80818097561594 ], [ 130.719328234593291, 33.808161809139854 ], [ 130.720241936637365, 33.807505520842518 ], [ 130.720368005778141, 33.807414968705913 ], [ 130.720814455882106, 33.807134219723231 ], [ 130.721936857761591, 33.806529275041527 ], [ 130.721904269400085, 33.806391345527935 ], [ 130.721819505824101, 33.806164194985008 ], [ 130.721659786835829, 33.805893202303459 ], [ 130.721560905389623, 33.805739770100757 ], [ 130.721375195920018, 33.805515205379123 ], [ 130.721082762154026, 33.805110638791227 ], [ 130.720876049612173, 33.804774308811339 ], [ 130.720718566946857, 33.804485494551265 ], [ 130.720651444379257, 33.804362425338333 ], [ 130.720431364039769, 33.803843692412819 ], [ 130.720334709559069, 33.80355198998727 ], [ 130.720334709559097, 33.80355198998727 ], [ 130.720061579624456, 33.802760740679005 ], [ 130.719919669675477, 33.802478162863871 ], [ 130.719557909071199, 33.801712848232903 ], [ 130.719552700438129, 33.801696122446685 ], [ 130.719599905333979, 33.801678074353006 ], [ 130.719787341353083, 33.801604887232934 ], [ 130.719838515561577, 33.801584905684606 ], [ 130.719922423570353, 33.801553050680369 ], [ 130.720041028521223, 33.801508023442771 ], [ 130.720197861518443, 33.801455631073551 ], [ 130.720401034171033, 33.801415518658729 ], [ 130.720574645034674, 33.801396627326191 ], [ 130.720619842351425, 33.801391708760804 ], [ 130.72073752236949, 33.801382921268853 ], [ 130.72092062429806, 33.801383336289383 ], [ 130.720942457655553, 33.801459370853252 ], [ 130.720989958910565, 33.801624793700348 ], [ 130.721042635445997, 33.801673882985334 ], [ 130.721243101388467, 33.801632004787855 ], [ 130.721042635445997, 33.801673882985341 ], [ 130.7211497870328, 33.801753937005678 ], [ 130.721207702472867, 33.801828522158551 ], [ 130.72134483406208, 33.802108834338334 ], [ 130.721367417319811, 33.802150586248082 ], [ 130.721471488381269, 33.802211614029943 ], [ 130.72172113838775, 33.802218094716991 ], [ 130.721938251903964, 33.802286417063968 ], [ 130.722207215048115, 33.802295618194691 ], [ 130.722396850475576, 33.802348454567721 ], [ 130.722604049694723, 33.802449791088492 ], [ 130.722792341871383, 33.802474870958591 ], [ 130.722893384475299, 33.802520109553448 ], [ 130.72292193196202, 33.802537853173817 ], [ 130.722930267827849, 33.802543085053344 ], [ 130.723146876052994, 33.802664165744744 ], [ 130.723310521208418, 33.802777517462886 ], [ 130.723528515446191, 33.802834995541232 ], [ 130.723573001304317, 33.802868551229331 ], [ 130.723591309211827, 33.802882331476752 ], [ 130.723625905421926, 33.802908401581988 ], [ 130.723697460749662, 33.80300604890612 ], [ 130.723864860366405, 33.803014313210127 ], [ 130.72410987386408, 33.803079740120054 ], [ 130.724485660514944, 33.803090368220808 ], [ 130.724527570274574, 33.8031049027162 ], [ 130.724920736002957, 33.803241237049278 ], [ 130.724953666375399, 33.803260470339374 ], [ 130.725015084823667, 33.803296391770154 ], [ 130.725196234602265, 33.803477266749674 ], [ 130.725339471633362, 33.803753081201364 ], [ 130.725365144137328, 33.803851474928166 ], [ 130.72540292341057, 33.804102468314561 ], [ 130.725329049532917, 33.804148653864011 ], [ 130.725423786187264, 33.804241142385393 ], [ 130.725560538201165, 33.80437458005462 ], [ 130.725470682213569, 33.804444677252128 ], [ 130.72548962878659, 33.804595324737157 ], [ 130.725493643069598, 33.80463294633941 ], [ 130.725509557041619, 33.804782034615855 ], [ 130.7254835883422, 33.80479550144576 ], [ 130.725513760502537, 33.804819872913093 ], [ 130.725447717105368, 33.804871146593904 ], [ 130.725440002094189, 33.804882751604872 ], [ 130.725586008358732, 33.804972746745236 ], [ 130.725678798469716, 33.805027194331267 ], [ 130.725738703309929, 33.805068325273091 ], [ 130.725930396366437, 33.805239145744309 ], [ 130.725821049778176, 33.80532188471004 ], [ 130.726038847503588, 33.80543690291708 ], [ 130.726092588833495, 33.80551901546928 ], [ 130.726232300671882, 33.805737554277982 ], [ 130.72632276563786, 33.805820731689202 ], [ 130.726435890850041, 33.805909318324368 ], [ 130.72647252526636, 33.805938277601761 ], [ 130.726974899579091, 33.806232425068892 ], [ 130.726981069014585, 33.806236032315105 ], [ 130.726957187668461, 33.806263241688868 ], [ 130.726963756593335, 33.806267057291002 ], [ 130.727216519602422, 33.806413428818438 ], [ 130.727511997475006, 33.806806511525892 ], [ 130.727629263951854, 33.806972606267365 ], [ 130.727823758944368, 33.8072480872857 ], [ 130.728011617771216, 33.807486454382953 ], [ 130.728292913688023, 33.807838432533345 ], [ 130.728310234360748, 33.807844942460626 ], [ 130.728412750629758, 33.807883486525242 ], [ 130.72845775346488, 33.807900406716577 ], [ 130.728495665402363, 33.807914660387503 ], [ 130.72860379254368, 33.807955315569458 ], [ 130.728681287035386, 33.807984450549753 ], [ 130.728726011903376, 33.808066192673067 ], [ 130.728801245692637, 33.808203696399389 ], [ 130.728847674970098, 33.808288554833084 ], [ 130.728900670719668, 33.808385415841968 ], [ 130.728929453903788, 33.808438021406275 ], [ 130.728986037493456, 33.808542590332856 ], [ 130.729003503106043, 33.808574869725469 ], [ 130.729056884218863, 33.808675484140146 ], [ 130.729112921581532, 33.808781103467474 ], [ 130.729128004382403, 33.808809538029685 ], [ 130.729138755518733, 33.80888008999824 ], [ 130.729150832608553, 33.808959354778835 ], [ 130.7291597501208, 33.809017883746705 ], [ 130.72918776541988, 33.809075574712161 ], [ 130.729241954004181, 33.809191432455883 ], [ 130.729377765661894, 33.809380088956452 ], [ 130.729596565492898, 33.809724111310153 ], [ 130.729736099106987, 33.809950179669094 ], [ 130.729788300273242, 33.810034752680437 ], [ 130.73001842115255, 33.810382036084427 ], [ 130.730022748096758, 33.810388248758194 ], [ 130.730209493491486, 33.81065625799156 ], [ 130.730372631320904, 33.810924644551214 ], [ 130.730603730797299, 33.811472827357115 ], [ 130.73070655006876, 33.811702761834859 ], [ 130.730943388648114, 33.812090276724867 ], [ 130.731311049173968, 33.812592478934228 ], [ 130.731669619438634, 33.812818670811545 ], [ 130.731957022317317, 33.813041534838007 ], [ 130.732198457923602, 33.813162583950998 ], [ 130.732820001354185, 33.813259085279 ], [ 130.732832009903859, 33.813218537392778 ], [ 130.732952919655446, 33.813240440728826 ], [ 130.73299886194269, 33.813055701874752 ], [ 130.733483485052147, 33.813174865771636 ], [ 130.733591489571779, 33.813178707721526 ], [ 130.733693718139591, 33.813303353573737 ], [ 130.733760592955917, 33.813334153573628 ], [ 130.733971305144223, 33.813308461271468 ], [ 130.734262278934466, 33.813424194258943 ], [ 130.734264567006875, 33.813425140788034 ], [ 130.734270329674843, 33.813427519034086 ], [ 130.734277378934962, 33.813430428359979 ], [ 130.734286458814779, 33.813434179098493 ], [ 130.734290616863234, 33.813435895702646 ], [ 130.73429972901647, 33.813439656965826 ], [ 130.734303341875659, 33.813441148964706 ], [ 130.734309055161361, 33.813443507290991 ], [ 130.734327800294238, 33.813451246111342 ], [ 130.734331077347179, 33.813452600356122 ], [ 130.734338419615142, 33.813455631380265 ], [ 130.734345927151026, 33.813458730999756 ], [ 130.734371328466153, 33.813469217594616 ], [ 130.734412114253445, 33.813486056099627 ], [ 130.734440201368045, 33.813497650756737 ], [ 130.734445544627619, 33.813499853089418 ], [ 130.734542538000397, 33.813539779656679 ], [ 130.734564061225967, 33.813548638270035 ], [ 130.734571912513331, 33.81355187069255 ], [ 130.734599129306332, 33.813563075464025 ], [ 130.734607056319817, 33.813566338314928 ], [ 130.734618319015766, 33.813570973689167 ], [ 130.734633674602264, 33.813577294696735 ], [ 130.734661690766927, 33.813588827514607 ], [ 130.73467394837968, 33.813593872261698 ], [ 130.734702726376241, 33.813605718741094 ], [ 130.734736766670039, 33.813619733239705 ], [ 130.734789621407856, 33.813641489929637 ], [ 130.734796022820603, 33.813644123772825 ], [ 130.734806473005904, 33.813648427740375 ], [ 130.734822144680322, 33.813654877078456 ], [ 130.734841532618219, 33.813662858793322 ], [ 130.734847747026805, 33.813665418488718 ], [ 130.734856585354379, 33.813669054749326 ], [ 130.734867645269958, 33.813673608767552 ], [ 130.734882221952972, 33.813679608883419 ], [ 130.734885450969585, 33.81368093934632 ], [ 130.734889113251398, 33.813682445742558 ], [ 130.734892502931729, 33.813683841488505 ], [ 130.734907227118356, 33.813689899702176 ], [ 130.734911657804162, 33.813691723633553 ], [ 130.734916118774549, 33.813693561387865 ], [ 130.734920239995489, 33.813695256429007 ], [ 130.73492959190952, 33.8136991067624 ], [ 130.734935090594433, 33.813701371043763 ], [ 130.734937800763475, 33.813702485765049 ], [ 130.734940842786131, 33.813703738229378 ], [ 130.734943549657203, 33.813704853493768 ], [ 130.734947314656125, 33.813706403034033 ], [ 130.734964885960238, 33.813713637892015 ], [ 130.735302042051273, 33.81366747688574 ], [ 130.735749690517764, 33.813869501838063 ], [ 130.735750363141733, 33.81386988024839 ], [ 130.735750448699093, 33.813869928859866 ], [ 130.735751109478059, 33.813870300090656 ], [ 130.735751403671458, 33.813870464716338 ], [ 130.735752254648702, 33.813870944767686 ], [ 130.73575745526739, 33.813873884162767 ], [ 130.735761889166497, 33.813876386061537 ], [ 130.73576602755557, 33.813878722781382 ], [ 130.735774150338813, 33.813883306188558 ], [ 130.735776540050978, 33.813884654639253 ], [ 130.735779764287599, 33.813886473750344 ], [ 130.735785024153586, 33.813889442438175 ], [ 130.735788859801744, 33.813891607359167 ], [ 130.735795129915942, 33.813895146140943 ], [ 130.735800534574196, 33.813898196585605 ], [ 130.735815919298943, 33.813906877819591 ], [ 130.735832351786172, 33.813916151238836 ], [ 130.735857272331828, 33.813930216310439 ], [ 130.735868533143673, 33.81393657185842 ], [ 130.735895193833244, 33.813951618017164 ], [ 130.735909457757344, 33.813959667823518 ], [ 130.735924316643292, 33.813968054046903 ], [ 130.735938369968693, 33.81397598452979 ], [ 130.735953569779014, 33.813984562990896 ], [ 130.735992133020517, 33.814006326500831 ], [ 130.73603741000781, 33.814031878461869 ], [ 130.736106592797967, 33.814070921472563 ], [ 130.73611083732348, 33.814070481498995 ], [ 130.736485414494354, 33.814023946586964 ], [ 130.736830106554237, 33.814200223656492 ], [ 130.736845818101699, 33.814208803099 ], [ 130.736858591200672, 33.81436417050196 ], [ 130.73719088150483, 33.814329358511863 ], [ 130.737285646493859, 33.814319429694926 ], [ 130.737559844282316, 33.814293534077976 ], [ 130.737753469131434, 33.814234569510816 ], [ 130.737948946055951, 33.814175039823731 ], [ 130.738493983666444, 33.814009700005045 ], [ 130.738506266215381, 33.814019421301673 ], [ 130.738606265133285, 33.81409858636583 ], [ 130.738704111229737, 33.814176046610875 ], [ 130.738709017426203, 33.814161183546425 ], [ 130.738808395396092, 33.813983317345119 ], [ 130.738808910295518, 33.813983223757297 ], [ 130.738809351226365, 33.813983578295392 ], [ 130.738818345988875, 33.813986039344783 ], [ 130.73883903658529, 33.813991701710336 ], [ 130.740469410220925, 33.814437646717394 ], [ 130.740471853314659, 33.814440212703254 ], [ 130.740430818908663, 33.814476800152704 ], [ 130.740411474246997, 33.814537088646411 ], [ 130.740411474247026, 33.814537088646418 ], [ 130.740375955603469, 33.814647784176621 ], [ 130.740316317084961, 33.814757898379185 ], [ 130.74019547373652, 33.815056736403875 ], [ 130.740084507269586, 33.815333757385289 ], [ 130.740254385545455, 33.815381732861646 ], [ 130.740617101024043, 33.815484142628996 ], [ 130.741428113880687, 33.815707524071961 ], [ 130.741433764206676, 33.815709014629292 ], [ 130.741636645496953, 33.815762622228185 ], [ 130.741797913572782, 33.815812410078813 ], [ 130.742207334108286, 33.815938861711444 ], [ 130.742226768802766, 33.815881422692897 ], [ 130.742530679373345, 33.815966164620797 ], [ 130.74268035738109, 33.816026000130876 ], [ 130.742782655071352, 33.81607672019026 ], [ 130.742837112311747, 33.816103742171798 ], [ 130.743001939082092, 33.816219678074546 ], [ 130.743024929367465, 33.816235856382406 ], [ 130.743223229328379, 33.816418429912382 ], [ 130.743278437867673, 33.816469262232452 ], [ 130.743393923314329, 33.816625811235994 ], [ 130.743253188545992, 33.816693141328024 ], [ 130.743431786101098, 33.816959919489392 ], [ 130.743531387687341, 33.817108757247205 ], [ 130.743731243217468, 33.817407350690281 ], [ 130.743925156596731, 33.817697050958927 ], [ 130.743944799459399, 33.817730899371092 ], [ 130.743925156596731, 33.817697050958941 ], [ 130.743542349382409, 33.817874399830067 ], [ 130.743527222805483, 33.817881413536014 ], [ 130.743525536538215, 33.81788220688874 ], [ 130.743598730102661, 33.817992397622369 ], [ 130.743611391756332, 33.8180114601222 ], [ 130.743617480370119, 33.818024545867701 ], [ 130.743634870103904, 33.818262981525926 ], [ 130.743635837542342, 33.818276248391356 ], [ 130.743620472652367, 33.81827583768397 ], [ 130.743379843228723, 33.818269404203718 ], [ 130.743379562447302, 33.81827268186457 ], [ 130.743370103209145, 33.818382694989104 ], [ 130.74336907595648, 33.818397477698355 ], [ 130.743273295581389, 33.818394425436693 ], [ 130.743267080747643, 33.818394228688739 ], [ 130.743215279486407, 33.818392586519167 ], [ 130.743214875289539, 33.818400970875125 ], [ 130.743215327470551, 33.818401449493095 ], [ 130.743212976577922, 33.818440368599958 ], [ 130.743068220633006, 33.818441872053839 ], [ 130.743066965208385, 33.818500476120363 ], [ 130.743000197989375, 33.818499255032009 ], [ 130.742989130401185, 33.81849888360896 ], [ 130.742977311269556, 33.818498484202863 ], [ 130.7429666486114, 33.818689591870829 ], [ 130.742963980800965, 33.81873742216321 ], [ 130.742956126237459, 33.818888877552155 ], [ 130.742954311954293, 33.818899603322095 ], [ 130.742954504945885, 33.818899667011024 ], [ 130.742947831886653, 33.819027121633788 ], [ 130.742941901534152, 33.819140380695714 ], [ 130.742946588590826, 33.819178933647514 ], [ 130.742947382630689, 33.819185467028618 ], [ 130.742948627795897, 33.819210441409183 ], [ 130.742922054984831, 33.819274681868457 ], [ 130.742692501254226, 33.819455434858448 ], [ 130.742666491440417, 33.819483329578176 ], [ 130.742672354747356, 33.819541192903962 ], [ 130.742682051351295, 33.819598636632115 ], [ 130.742689776472588, 33.819657651254744 ], [ 130.742720671334354, 33.819887704101511 ], [ 130.742759416640354, 33.820135962990761 ], [ 130.742762774708297, 33.82015705592552 ], [ 130.742687986237542, 33.820218409221056 ], [ 130.742603275675208, 33.820287903641677 ], [ 130.742397737046758, 33.820456866644378 ], [ 130.742345439348526, 33.820499857712683 ], [ 130.742275171149373, 33.820557621312268 ], [ 130.742263251255793, 33.820567420500147 ], [ 130.742246871148211, 33.820581012642101 ], [ 130.742240803296255, 33.82058604828427 ], [ 130.742220899370352, 33.820585327854182 ], [ 130.742220899370352, 33.820585327854197 ], [ 130.741878948220801, 33.82057537204507 ], [ 130.741865224858856, 33.820565910338665 ], [ 130.741847988567315, 33.820554030338855 ], [ 130.741750738775949, 33.820486995693685 ], [ 130.741713229069433, 33.820461139195686 ], [ 130.741706900662081, 33.820434222618317 ], [ 130.741692147630005, 33.820371473796492 ], [ 130.741688410877515, 33.820353170147179 ], [ 130.741682665121914, 33.82010881375269 ], [ 130.741558507273368, 33.820085111179338 ], [ 130.741492269549894, 33.820061354935646 ], [ 130.741331951624034, 33.819986357261435 ], [ 130.741310333119344, 33.819990820096514 ], [ 130.741295035458023, 33.820048493079888 ], [ 130.741179423997039, 33.820113581253345 ], [ 130.741097367974788, 33.820156575790335 ], [ 130.741059517718924, 33.820177050069901 ], [ 130.741031313437048, 33.820187283949501 ], [ 130.741004941260655, 33.820197359327864 ], [ 130.740962796462384, 33.820213329021037 ], [ 130.740889371310061, 33.820236985271499 ], [ 130.740781996531439, 33.820297654273716 ], [ 130.740709731510606, 33.82034209940457 ], [ 130.74066862491415, 33.820360947132123 ], [ 130.740625368566072, 33.820376184100049 ], [ 130.740523267204111, 33.820390929059847 ], [ 130.740399503170153, 33.820406366297796 ], [ 130.740356192196089, 33.82043963361977 ], [ 130.740323615489103, 33.820495466693281 ], [ 130.740312602868215, 33.820564869754023 ], [ 130.740309224651241, 33.820708369173637 ], [ 130.740306404840368, 33.820828135174459 ], [ 130.740305229344216, 33.820859690035959 ], [ 130.740288461867721, 33.820914517397163 ], [ 130.740262616373911, 33.820999029501685 ], [ 130.740223402137673, 33.821126402328346 ], [ 130.740176754937892, 33.821171267067449 ], [ 130.739972229879783, 33.82136604788495 ], [ 130.739818563743597, 33.821438007711222 ], [ 130.739818563743597, 33.821438007711215 ], [ 130.739809521329533, 33.821428056520446 ], [ 130.739796767353454, 33.821414010847192 ], [ 130.739723167007554, 33.821403787447572 ], [ 130.739640057494825, 33.821403162899017 ], [ 130.739592617813543, 33.821442926117761 ], [ 130.739556844161115, 33.821472912233936 ], [ 130.739523411899626, 33.821500933746186 ], [ 130.739503603692896, 33.821517536327512 ], [ 130.739475879882377, 33.821540774033714 ], [ 130.739447957678806, 33.821564177446113 ], [ 130.73942311007238, 33.821583226662575 ], [ 130.739419025465565, 33.821586357873315 ], [ 130.739415106053968, 33.821563646295409 ], [ 130.739409855840961, 33.82153341623642 ], [ 130.739402066078895, 33.821488559458608 ], [ 130.739392168981254, 33.821431570907833 ], [ 130.739383752603459, 33.821383108232766 ], [ 130.739382982213328, 33.821378640238088 ], [ 130.739382366025126, 33.821375068484095 ], [ 130.739381407473502, 33.821369596865239 ], [ 130.739381135349362, 33.821368016332208 ], [ 130.73938074230378, 33.821365653544262 ], [ 130.739379477939508, 33.821357970658795 ], [ 130.739378842177842, 33.821354113799629 ], [ 130.739376934935052, 33.821342529464303 ], [ 130.739375497705197, 33.821333800062263 ], [ 130.739373714768277, 33.821322969372474 ], [ 130.739405415054705, 33.821200413829871 ], [ 130.739391488404095, 33.821198243661357 ], [ 130.739229414838036, 33.821172992539225 ], [ 130.739260610886475, 33.821040236405587 ], [ 130.739265858535731, 33.821017904666057 ], [ 130.73924422288664, 33.821014869039509 ], [ 130.739180579328377, 33.821004434145372 ], [ 130.739026200861019, 33.820979134102231 ], [ 130.739000364115412, 33.820974945983039 ], [ 130.738962705982487, 33.820968841733212 ], [ 130.738769937099647, 33.82093759391887 ], [ 130.738761809087237, 33.820983824441726 ], [ 130.738752348523803, 33.8210376382482 ], [ 130.738586256024774, 33.821014795858673 ], [ 130.738552583041837, 33.821010165635336 ], [ 130.738502889718092, 33.821043716477519 ], [ 130.738492666632993, 33.821095589587593 ], [ 130.738478587904808, 33.821167027039031 ], [ 130.738474538660739, 33.821187572263931 ], [ 130.738471932134672, 33.821187402740414 ], [ 130.738311187778294, 33.821172851104755 ], [ 130.738308897183089, 33.821171133934044 ], [ 130.738210444675474, 33.821234905214908 ], [ 130.73791548881033, 33.821411859478303 ], [ 130.737874482289584, 33.821436424805306 ], [ 130.737757203371444, 33.821501967874575 ], [ 130.737568033486156, 33.821576232761579 ], [ 130.737428729914058, 33.821607701512505 ], [ 130.73729971687078, 33.821636845432742 ], [ 130.73730913796399, 33.821735144240741 ], [ 130.737250576597745, 33.82176919681649 ], [ 130.737123144833618, 33.821842675748357 ], [ 130.737214272783774, 33.821966423122248 ], [ 130.73764161043286, 33.821733469919707 ], [ 130.73780436501076, 33.821648253829458 ], [ 130.73764161043286, 33.821733469919721 ], [ 130.737214272783774, 33.821966423122255 ], [ 130.737166094169908, 33.821986428958724 ], [ 130.737025391290615, 33.822058180111526 ], [ 130.737025391290615, 33.82205818011154 ], [ 130.736877813340442, 33.822133301144525 ], [ 130.736692900032949, 33.82222754278007 ], [ 130.73645696754545, 33.822347786185297 ], [ 130.736363803566292, 33.822396831192691 ], [ 130.736220487909435, 33.822472278047769 ], [ 130.73617829308472, 33.822466334043881 ], [ 130.736177143511895, 33.82246686704103 ], [ 130.736176458244842, 33.82246607422028 ], [ 130.735976426549541, 33.822439018897498 ], [ 130.735973065901391, 33.822438564330163 ], [ 130.735966375545217, 33.822437659306487 ], [ 130.735842174257954, 33.822420861747943 ], [ 130.735834108143308, 33.822413235521651 ], [ 130.735787180798923, 33.822347050276854 ], [ 130.735719086871029, 33.822255658649055 ], [ 130.735646372352079, 33.822158064371706 ], [ 130.735628290041717, 33.822142892460008 ], [ 130.735606504936641, 33.822124618178421 ], [ 130.735565535915896, 33.822122999326872 ], [ 130.735481888254355, 33.822120594119596 ], [ 130.735473975560978, 33.822120338710739 ], [ 130.735423961539396, 33.822118723060953 ], [ 130.735248759932631, 33.82211306531611 ], [ 130.735127988887655, 33.82210916500118 ], [ 130.735092151035502, 33.822119467505331 ], [ 130.734987534534952, 33.822150329453969 ], [ 130.734821998630679, 33.822196867567392 ], [ 130.73470846946509, 33.822229083424602 ], [ 130.734517739920193, 33.822332408034669 ], [ 130.73472759562793, 33.822559234552877 ], [ 130.734723486955403, 33.822561869429585 ], [ 130.734727595627902, 33.822559234552877 ], [ 130.734517740137704, 33.822332408768887 ], [ 130.734183941942348, 33.822511018849212 ], [ 130.733959610004234, 33.822720409952289 ], [ 130.733730787251545, 33.822933858439143 ], [ 130.733283768302982, 33.822862564602254 ], [ 130.73323939564068, 33.822888617966818 ], [ 130.733396488858773, 33.823090922602333 ], [ 130.733420063436199, 33.823097326422712 ], [ 130.733496871237776, 33.823118188747387 ], [ 130.733597778742592, 33.823251946469675 ], [ 130.733646900584546, 33.823317060858322 ], [ 130.733836845763079, 33.823568842103874 ], [ 130.733837324282803, 33.823569111690944 ], [ 130.733837690911514, 33.823569316649561 ], [ 130.733838548594662, 33.823569789021015 ], [ 130.733840200739422, 33.823570708863201 ], [ 130.733842230048992, 33.823571838089244 ], [ 130.733843441180539, 33.823572513189518 ], [ 130.733846201776487, 33.823574050127093 ], [ 130.733848944602357, 33.823575576570271 ], [ 130.733851936236903, 33.823577241679686 ], [ 130.73385404847906, 33.823578418411678 ], [ 130.733857955046886, 33.823580592887033 ], [ 130.733861995890067, 33.823582843045358 ], [ 130.733868801940616, 33.823586631801483 ], [ 130.733880427861465, 33.823593307076472 ], [ 130.733903788884419, 33.823606719852471 ], [ 130.733924804174563, 33.823618785831037 ], [ 130.733937202136502, 33.823625903856524 ], [ 130.733949606095479, 33.823633025952553 ], [ 130.733959518864367, 33.823638717831798 ], [ 130.733968516858965, 33.823643883958262 ], [ 130.733979642300966, 33.823650271759583 ], [ 130.733986375122868, 33.823654136871397 ], [ 130.733989729928965, 33.823656063051438 ], [ 130.733992651671883, 33.823657740622664 ], [ 130.733996039697416, 33.823659686305518 ], [ 130.733998864065654, 33.823661308038822 ], [ 130.73400390573849, 33.823664202655955 ], [ 130.734006396757621, 33.823665632534222 ], [ 130.73400841575409, 33.823666797467894 ], [ 130.734010774491964, 33.823668149413251 ], [ 130.734011731765406, 33.823668698426438 ], [ 130.734012381849368, 33.823669074625897 ], [ 130.734013547073999, 33.82366974300151 ], [ 130.7340142495934, 33.823670145673432 ], [ 130.734014718910743, 33.823670415206564 ], [ 130.734015251463802, 33.823670721136246 ], [ 130.734016484817317, 33.823671428027588 ], [ 130.734019093149811, 33.823672922852545 ], [ 130.734087581265413, 33.823814733155189 ], [ 130.734104965953946, 33.823850731558878 ], [ 130.734119589246831, 33.823891150784156 ], [ 130.73414244095531, 33.823954318503766 ], [ 130.734186014781613, 33.82404250533822 ], [ 130.734335838872283, 33.824076568466651 ], [ 130.734186014779937, 33.824042505888521 ], [ 130.734089943966353, 33.824104986316954 ], [ 130.734039657606928, 33.824148926238117 ], [ 130.734028759076381, 33.824158447407108 ], [ 130.734004959301728, 33.824170540987708 ], [ 130.733986728081277, 33.824179804746478 ], [ 130.733975860407128, 33.824185326832925 ], [ 130.733966641768831, 33.824190011593743 ], [ 130.733954232036893, 33.824196317853229 ], [ 130.733941556166627, 33.824202756713653 ], [ 130.733927768158395, 33.824209763300196 ], [ 130.733918109019584, 33.82421467273641 ], [ 130.733911903820456, 33.824217825863187 ], [ 130.73389530247249, 33.824226259947771 ], [ 130.733893868233224, 33.824227784529157 ], [ 130.733893649256629, 33.824228018491112 ], [ 130.733893463360886, 33.824228216203608 ], [ 130.733893312527499, 33.824228376570311 ], [ 130.733893186828482, 33.824228511676722 ], [ 130.73389303268803, 33.824228675338169 ], [ 130.733892850763851, 33.824228868106395 ], [ 130.733892691331448, 33.824229037259578 ], [ 130.733892446556013, 33.824229298131328 ], [ 130.733892186565697, 33.824229574929397 ], [ 130.733891718191302, 33.824230071954368 ], [ 130.733891437033066, 33.824230370719384 ], [ 130.733890979908836, 33.824230854561073 ], [ 130.733889594641596, 33.824232321464933 ], [ 130.733887156842428, 33.824234909291775 ], [ 130.733886726835749, 33.824235366226489 ], [ 130.733885860870885, 33.824236285586238 ], [ 130.733884538432534, 33.824237691540588 ], [ 130.733884086600199, 33.824238169890492 ], [ 130.733883601027571, 33.824238684488442 ], [ 130.733882895152817, 33.82423943524671 ], [ 130.733881536333257, 33.824240878544003 ], [ 130.733880765629095, 33.82424169740149 ], [ 130.733877246201558, 33.824245433053768 ], [ 130.733873880907424, 33.824249007245733 ], [ 130.733872436754723, 33.824250538959603 ], [ 130.733870195424089, 33.824252921392045 ], [ 130.733867349452538, 33.8242559414361 ], [ 130.733865999892572, 33.824257375397835 ], [ 130.7338638081863, 33.824259702355384 ], [ 130.733862414307112, 33.824261181897633 ], [ 130.73385759426597, 33.824266301537953 ], [ 130.733854665599893, 33.824269409453748 ], [ 130.733850522983118, 33.824273809642278 ], [ 130.733848380231109, 33.824276084425229 ], [ 130.733846334060274, 33.824278258158508 ], [ 130.733842702826564, 33.824282112987014 ], [ 130.733840103606923, 33.824284872163062 ], [ 130.733835962314174, 33.824289270152732 ], [ 130.733833748114392, 33.824291620724786 ], [ 130.733830830025369, 33.824294719307488 ], [ 130.73382744091154, 33.824298318761365 ], [ 130.733823271174316, 33.824302745855945 ], [ 130.733817904691932, 33.824308444898342 ], [ 130.73381111522005, 33.82431565423704 ], [ 130.733808449185602, 33.824318483158301 ], [ 130.733806449318422, 33.824320608563113 ], [ 130.73380219291704, 33.824325127372639 ], [ 130.733799371410555, 33.824328123804399 ], [ 130.733794372750765, 33.824333430714397 ], [ 130.733787355696819, 33.824340883350402 ], [ 130.733756090884611, 33.824374080785965 ], [ 130.733742640255116, 33.824388364355805 ], [ 130.733730163431375, 33.824401611030851 ], [ 130.733716204066951, 33.824416432808803 ], [ 130.733715925539826, 33.824416733230045 ], [ 130.733715209089951, 33.824417491118659 ], [ 130.733714726824019, 33.824418001870882 ], [ 130.733714464188267, 33.824418280864137 ], [ 130.733714078502288, 33.824418691117138 ], [ 130.733713942878012, 33.824418837208249 ], [ 130.733713465176407, 33.824419364479795 ], [ 130.733712723463839, 33.824420188902053 ], [ 130.733711852068126, 33.824421157226972 ], [ 130.733711225483205, 33.824421853674252 ], [ 130.733710150304233, 33.824423046638238 ], [ 130.733709656709436, 33.824423595888085 ], [ 130.733709339117411, 33.824423948504965 ], [ 130.733708940138087, 33.824424392848812 ], [ 130.733708381047506, 33.824425012397633 ], [ 130.733708102492955, 33.824425321623863 ], [ 130.733707422292611, 33.824426084543546 ], [ 130.733706905541425, 33.824426659057899 ], [ 130.733706352408973, 33.824427270915145 ], [ 130.733706095680134, 33.824427558726185 ], [ 130.733705942845688, 33.824427726242448 ], [ 130.733705660970315, 33.824428043165923 ], [ 130.733705294417803, 33.824428449608014 ], [ 130.733704876253711, 33.824428914272097 ], [ 130.733704608288264, 33.824429210863933 ], [ 130.733704302609198, 33.8244295491983 ], [ 130.733703818949209, 33.824430084161385 ], [ 130.733703304189731, 33.824430654277499 ], [ 130.733702429491871, 33.824431624246166 ], [ 130.73368310860991, 33.824453085007832 ], [ 130.733465361020649, 33.824697517170591 ], [ 130.733312082116441, 33.824874178883967 ], [ 130.733305478455208, 33.824882461713322 ], [ 130.733279873359436, 33.824914580546313 ], [ 130.733253245520132, 33.824947982699506 ], [ 130.73323667344772, 33.824968769149137 ], [ 130.733227515276809, 33.824980257540957 ], [ 130.733225469831325, 33.824982823090679 ], [ 130.733225231509948, 33.824983127450039 ], [ 130.733225055450106, 33.824983341692317 ], [ 130.733156393968102, 33.82497749076493 ], [ 130.732945861023097, 33.824915540805499 ], [ 130.732670913467274, 33.824873102635941 ], [ 130.732105444155849, 33.824769242131829 ], [ 130.731893510074627, 33.824737438016911 ], [ 130.731719449444199, 33.824692678401796 ], [ 130.731581965772108, 33.824671458956026 ], [ 130.731268560100716, 33.824607100951106 ], [ 130.731261913557603, 33.824605134763004 ], [ 130.731259179356499, 33.824614219760932 ], [ 130.731256655957196, 33.824622610420604 ], [ 130.731254083009787, 33.824631166568615 ], [ 130.731248065764106, 33.82465117345297 ], [ 130.731245584525169, 33.824659423360906 ], [ 130.73124306559049, 33.824667799681805 ], [ 130.73123941272209, 33.824679945975554 ], [ 130.731187379625709, 33.824852957647828 ], [ 130.73116033669703, 33.824943608934007 ], [ 130.73111566727178, 33.825093351035349 ], [ 130.731528118134378, 33.825467626905976 ], [ 130.73143794637366, 33.825508393675378 ], [ 130.731400246602107, 33.825525437615298 ], [ 130.731231383329202, 33.825526459814128 ], [ 130.73117100955244, 33.825526824057469 ], [ 130.731181586542192, 33.825598978125463 ], [ 130.73111745440977, 33.825724166995343 ], [ 130.731090155098769, 33.825816976039768 ], [ 130.731003760540801, 33.825806868460674 ], [ 130.731002811436952, 33.825807212053903 ], [ 130.731002371903145, 33.825807371053038 ], [ 130.731001917251547, 33.825807537000259 ], [ 130.731001450326005, 33.825807706328618 ], [ 130.731000626312238, 33.825808008646092 ], [ 130.730999446266509, 33.825808438439211 ], [ 130.730998040955484, 33.825808949584051 ], [ 130.730995792751628, 33.825809767252601 ], [ 130.730986650304033, 33.825813093850535 ], [ 130.730981656314071, 33.825814910960304 ], [ 130.730978362486326, 33.825816108870292 ], [ 130.730976814636932, 33.825816672081608 ], [ 130.730974706566741, 33.825817439077802 ], [ 130.730971286459635, 33.825818683122442 ], [ 130.730968738410155, 33.825819609925901 ], [ 130.730965432974955, 33.825820812585683 ], [ 130.730959520151004, 33.82582296351967 ], [ 130.730955157529309, 33.825824550303061 ], [ 130.730955081328005, 33.825824669005065 ], [ 130.730948322637374, 33.825827100893953 ], [ 130.730940495523129, 33.825829916835893 ], [ 130.730932714949461, 33.825832716182973 ], [ 130.73093216067636, 33.825833367919849 ], [ 130.730931977360086, 33.825833054393854 ], [ 130.730844769222585, 33.825865128022713 ], [ 130.730843689443134, 33.825863356950663 ], [ 130.730707196304962, 33.825639418274342 ], [ 130.730488113139103, 33.825310152274263 ], [ 130.730456075341806, 33.825265707518184 ], [ 130.730442403581606, 33.825249016816201 ], [ 130.730314590539422, 33.825094872848503 ], [ 130.730222286193879, 33.824983576440765 ], [ 130.730126591945179, 33.824868191944887 ], [ 130.729958610396068, 33.824928194441 ], [ 130.729770603421599, 33.824987990488111 ], [ 130.729753297949202, 33.824993495899704 ], [ 130.729648542360763, 33.82502681411151 ], [ 130.729655228276187, 33.825040236121801 ], [ 130.729658817453782, 33.825059612918047 ], [ 130.729685955056453, 33.825205836928909 ], [ 130.72972911022211, 33.82543824582271 ], [ 130.729754960549997, 33.82569167351452 ], [ 130.729756035757845, 33.825712243934909 ], [ 130.729800534613929, 33.826569179135063 ], [ 130.729888151420084, 33.826887973744036 ], [ 130.729681273611106, 33.827017974572001 ], [ 130.72969833664888, 33.827040342138488 ], [ 130.729919234786593, 33.827329560854679 ], [ 130.728921064805121, 33.827838980194429 ], [ 130.729160713145177, 33.828150474209835 ], [ 130.729167211859618, 33.828158920969621 ], [ 130.729184494097609, 33.828182186789839 ], [ 130.7292009480025, 33.828204338102729 ], [ 130.729212873337644, 33.828220391996936 ], [ 130.729233393746512, 33.828248017904151 ], [ 130.729246617226266, 33.828265819891655 ], [ 130.729257324248181, 33.828280233714793 ], [ 130.729267158914439, 33.828293473292653 ], [ 130.729273698519961, 33.828302276818988 ], [ 130.729283543425623, 33.828315530524371 ], [ 130.729295792158581, 33.828332019651235 ], [ 130.729306625902268, 33.828346604544492 ], [ 130.729313420440917, 33.82835575138968 ], [ 130.729323174408961, 33.828368882349913 ], [ 130.729328880074235, 33.828376563840933 ], [ 130.729332364254446, 33.828381254546713 ], [ 130.729339340285151, 33.828390645234464 ], [ 130.729343786893736, 33.828396631374531 ], [ 130.729352231139444, 33.828407999447556 ], [ 130.729356819893468, 33.828414176486554 ], [ 130.729361344112277, 33.828420267288884 ], [ 130.729366924053181, 33.828427779173026 ], [ 130.729372714405343, 33.828435574775241 ], [ 130.729386249587947, 33.828453795742504 ], [ 130.729390972454468, 33.828460153494142 ], [ 130.729398794219009, 33.828470683665856 ], [ 130.729217887058184, 33.828561070454107 ], [ 130.728884129540262, 33.82872782675112 ], [ 130.728480737032726, 33.82893268560089 ], [ 130.72826675901365, 33.829041350397915 ], [ 130.728550047348534, 33.829387214521013 ], [ 130.728483608988313, 33.829410876979871 ], [ 130.728108072297715, 33.829595600049963 ], [ 130.728214000936447, 33.829764519751201 ], [ 130.728329178495557, 33.829948561984587 ], [ 130.728350171149572, 33.829982105919918 ], [ 130.728490697933751, 33.830206653338983 ], [ 130.72854683750262, 33.830304095327882 ], [ 130.728743532561396, 33.830645501939898 ], [ 130.728731222572435, 33.830654534647024 ], [ 130.728661970520932, 33.830705349427511 ], [ 130.728622247313382, 33.830734496785091 ], [ 130.728586615215846, 33.830753691733214 ], [ 130.728506835725426, 33.830796669546011 ], [ 130.728453524372867, 33.830824796077124 ], [ 130.728378792255853, 33.830863180533044 ], [ 130.728245691550995, 33.830931550187231 ], [ 130.728137150497332, 33.830987301815412 ], [ 130.728024490448632, 33.83104517065761 ], [ 130.727895718636546, 33.831111559799091 ], [ 130.727786964022783, 33.831167973471764 ], [ 130.727777296797541, 33.831172995731649 ], [ 130.727478385843256, 33.831328454304966 ], [ 130.72746000055605, 33.831303101499465 ], [ 130.727373037837509, 33.831199136828531 ], [ 130.727246289450022, 33.831264785428324 ], [ 130.726982154395586, 33.83140019533117 ], [ 130.726842657902267, 33.831471708528767 ], [ 130.727056072822307, 33.83159287906782 ], [ 130.727180120611933, 33.831663773071199 ], [ 130.727322806699277, 33.831746259801193 ], [ 130.727476762944434, 33.831840074163161 ], [ 130.727719219924779, 33.832039870976523 ], [ 130.727760490295736, 33.832079130627193 ], [ 130.727856018970527, 33.832170007771801 ], [ 130.727963661714227, 33.832295572458833 ], [ 130.728078624838787, 33.832497793547809 ], [ 130.727974243515121, 33.832555799357195 ], [ 130.728222840250766, 33.832889051890866 ], [ 130.728265420588599, 33.832944644806794 ], [ 130.728207033429555, 33.832969669668771 ], [ 130.72822218889371, 33.832988302006278 ], [ 130.728470594262262, 33.832743645503903 ], [ 130.728636069123212, 33.832618770023942 ], [ 130.728470594262262, 33.832743645503918 ], [ 130.72822218889371, 33.832988302006292 ], [ 130.728207033429527, 33.832969669668771 ], [ 130.728159019404529, 33.832988579210614 ], [ 130.728143821900801, 33.832966361214552 ], [ 130.728051478683312, 33.832847115801961 ], [ 130.727843435993208, 33.832520657006121 ], [ 130.727810685605419, 33.832434507594002 ], [ 130.727735788815579, 33.832330163360162 ], [ 130.727550649327725, 33.832141748546313 ], [ 130.727346036866805, 33.831978721148971 ], [ 130.727003742964513, 33.831794113460148 ], [ 130.72665272171011, 33.831772838697702 ], [ 130.726531667715903, 33.832068909926356 ], [ 130.726409634378541, 33.832341171496545 ], [ 130.726406751883559, 33.832411533437842 ], [ 130.726522855120891, 33.832702075067594 ], [ 130.726613763019145, 33.832880559636607 ], [ 130.726834505048856, 33.833399136923312 ], [ 130.726884459436434, 33.833556396895688 ], [ 130.72692638638415, 33.833789365790146 ], [ 130.726772877859105, 33.833945471206349 ], [ 130.726780600318079, 33.83411827681573 ], [ 130.726752402858921, 33.834232680979817 ], [ 130.726693302652251, 33.834329614596093 ], [ 130.726635459193659, 33.834389711738787 ], [ 130.726578066179229, 33.834420502649053 ], [ 130.726535395957399, 33.834408212805286 ], [ 130.726534802341092, 33.83440804199104 ], [ 130.726393701592258, 33.834367649372318 ], [ 130.72633218962423, 33.834344971927308 ], [ 130.726270708668096, 33.834312376260655 ], [ 130.726100311444583, 33.834184261858717 ], [ 130.725958548573487, 33.83408624035458 ], [ 130.725919074321951, 33.834060459453625 ], [ 130.725790987510237, 33.833976804492224 ], [ 130.7256936914672, 33.833902717345246 ], [ 130.725630872117193, 33.83384628250414 ], [ 130.725482183335089, 33.833713902637008 ], [ 130.725439386313184, 33.833674120176852 ], [ 130.725330069668132, 33.833592918246786 ], [ 130.72527582704663, 33.833575332598343 ], [ 130.725213208469455, 33.833560767058543 ], [ 130.725173239314785, 33.833558874512157 ], [ 130.725121419163401, 33.833546137216061 ], [ 130.725064249599797, 33.833517156535279 ], [ 130.724972552257356, 33.833444221893693 ], [ 130.724779498138474, 33.833290474058174 ], [ 130.724561137731598, 33.833116848791519 ], [ 130.724455075648621, 33.833033247791789 ], [ 130.724364647543098, 33.832976903607225 ], [ 130.72425037705176, 33.83294190070319 ], [ 130.724216453341427, 33.832902831394719 ], [ 130.723818207587613, 33.832512475031052 ], [ 130.723715731789497, 33.832325484709777 ], [ 130.723363030490759, 33.832371885209248 ], [ 130.722957550549211, 33.832472859434525 ], [ 130.72270946777013, 33.832543998091793 ], [ 130.722523903938765, 33.832597208256892 ], [ 130.722457334270473, 33.832802629165045 ], [ 130.722421019137954, 33.833007216923505 ], [ 130.722637016633712, 33.833270063567944 ], [ 130.722696460695005, 33.833342106046871 ], [ 130.722789077847835, 33.833454352564075 ], [ 130.722912244970274, 33.833574516710975 ], [ 130.723005621485612, 33.833646886448875 ], [ 130.722897343845119, 33.833719675110665 ], [ 130.722871906081423, 33.833693117048675 ], [ 130.722868631093945, 33.833689697780862 ], [ 130.722863196344406, 33.833684023516952 ], [ 130.722715361192314, 33.833529676535619 ], [ 130.722501821107414, 33.833306774083027 ], [ 130.7223193158963, 33.833116300934975 ], [ 130.722283614435895, 33.833112939915239 ], [ 130.722263509419378, 33.833121757806225 ], [ 130.722080536099753, 33.833182245609777 ], [ 130.72175891086178, 33.833296245362767 ], [ 130.721369375211424, 33.833462865753148 ], [ 130.721369334227177, 33.833475488677799 ], [ 130.721356249095749, 33.833512425574121 ], [ 130.721338892457368, 33.833534025548097 ], [ 130.721303156906401, 33.833559190054316 ], [ 130.721456088002299, 33.833689778461668 ], [ 130.721548642345056, 33.833768811468644 ], [ 130.721575720809483, 33.833791933482033 ], [ 130.721790160299747, 33.833975041734291 ], [ 130.721711078542626, 33.83403978015744 ], [ 130.721674284743557, 33.834007639922632 ], [ 130.721668464684456, 33.834002556055985 ], [ 130.721653400334191, 33.833989396399325 ], [ 130.721411394332506, 33.833777995419737 ], [ 130.721303496295434, 33.833689820727855 ], [ 130.721195952391327, 33.833633782109089 ], [ 130.721076728478351, 33.833595654268287 ], [ 130.72104043234944, 33.833616340103845 ], [ 130.721031269004698, 33.833618505976247 ], [ 130.720963528018842, 33.833674730212223 ], [ 130.720796900726043, 33.833749187087768 ], [ 130.720528668795765, 33.833836937323866 ], [ 130.720323070603428, 33.833858346987633 ], [ 130.720298141549961, 33.833864080660419 ], [ 130.719951732762809, 33.833895624732925 ], [ 130.719560175339154, 33.833988418182614 ], [ 130.719333580510295, 33.834065876703029 ], [ 130.718974877014887, 33.834261727294454 ], [ 130.718850861275428, 33.834377248182541 ], [ 130.718771208652669, 33.834496813094809 ], [ 130.718740438421605, 33.83454302164624 ], [ 130.718647561677528, 33.834686081463794 ], [ 130.718525792167583, 33.834830559284939 ], [ 130.718276549665035, 33.835081948876741 ], [ 130.718155651705985, 33.835165920048979 ], [ 130.718330144977045, 33.835347067583839 ], [ 130.718539893993807, 33.835266188165654 ], [ 130.718691573273816, 33.835222721634459 ], [ 130.718869970924544, 33.835242570320595 ], [ 130.719192536252592, 33.835328823175978 ], [ 130.719625474351147, 33.835522182213438 ], [ 130.720009881593967, 33.835624700130523 ], [ 130.720155867131865, 33.835650954156065 ], [ 130.720360904747679, 33.835629936345988 ], [ 130.720507119586671, 33.835579765044898 ], [ 130.720625480779404, 33.835502693060548 ], [ 130.720847214411776, 33.835856518438007 ], [ 130.720916527561457, 33.836001992811291 ], [ 130.720972101059999, 33.836076716171497 ], [ 130.720913147360505, 33.836282127381857 ], [ 130.720848868431602, 33.836418352775176 ], [ 130.720828166117286, 33.836509309748386 ], [ 130.72075041407092, 33.836758423163765 ], [ 130.720682163469178, 33.836915065286867 ], [ 130.720648882839527, 33.837058336611207 ], [ 130.720642518304203, 33.837443769406782 ], [ 130.720629367826263, 33.837632730390894 ], [ 130.720654252908759, 33.837812408141907 ], [ 130.720777986421979, 33.838341690073023 ], [ 130.720819916995907, 33.838562827336887 ], [ 130.720826736836983, 33.838723515143734 ], [ 130.720806505311799, 33.838928590225485 ], [ 130.720784113130691, 33.83896143813211 ], [ 130.720707835036279, 33.838977604256179 ], [ 130.720461451626448, 33.838978032904436 ], [ 130.720349526409649, 33.838962912359683 ], [ 130.720290831083304, 33.838919742318403 ], [ 130.720166254429643, 33.838739837766411 ], [ 130.720032025357028, 33.838614288521377 ], [ 130.719781913695272, 33.83845818768301 ], [ 130.719653495161026, 33.838408375811326 ], [ 130.719682119286063, 33.838708727429037 ], [ 130.71962907204221, 33.839171186395539 ], [ 130.719523115324932, 33.839305695227637 ], [ 130.719524103265343, 33.839390719524033 ], [ 130.719585013365048, 33.839498698569926 ], [ 130.719615675677005, 33.839524832881352 ], [ 130.719736136145883, 33.839627595812608 ], [ 130.71989250606407, 33.839933098163328 ], [ 130.719878815237337, 33.840151151608588 ], [ 130.719860863775494, 33.84027768980944 ], [ 130.719891613519565, 33.840425683866371 ], [ 130.719758603416579, 33.840604507812351 ], [ 130.719617188151773, 33.840745842281898 ], [ 130.719581665315673, 33.840895936893908 ], [ 130.71959245443901, 33.841036280463825 ], [ 130.719520720394883, 33.841255889268055 ], [ 130.719516531742784, 33.841381471240965 ], [ 130.719532175182849, 33.841476744364144 ], [ 130.719462909967632, 33.841548433111342 ], [ 130.719274846557084, 33.84165922905116 ], [ 130.718944851659643, 33.841868810106533 ], [ 130.718929849789674, 33.841925758908594 ], [ 130.718989521825677, 33.842089811561593 ], [ 130.718923388505488, 33.842306403286415 ], [ 130.718912103163092, 33.842343356760146 ], [ 130.719097029809802, 33.842404215604681 ], [ 130.719063281852982, 33.842527622313675 ], [ 130.719051414163772, 33.842684469687903 ], [ 130.718984011880167, 33.842727839246528 ], [ 130.718903723962171, 33.842800177414539 ], [ 130.718818808280588, 33.843138765332206 ], [ 130.71876654832343, 33.843320868723019 ], [ 130.718744071310539, 33.843529461749242 ], [ 130.718726569241511, 33.843585467057316 ], [ 130.718697943908978, 33.843667336305259 ], [ 130.718638595432793, 33.84383621098258 ], [ 130.718627325961023, 33.843857988523162 ], [ 130.718609965010586, 33.8438858396648 ], [ 130.718523743437345, 33.844024157789903 ], [ 130.718498248598308, 33.844065056896675 ], [ 130.718468037085159, 33.844113522448588 ], [ 130.718548978541747, 33.844152317572281 ], [ 130.71853548279941, 33.844211336163077 ], [ 130.718553694195862, 33.844372753276517 ], [ 130.718648465198868, 33.844549211693632 ], [ 130.718529602061722, 33.844663329515548 ], [ 130.718529601915606, 33.844663329655816 ], [ 130.718352445940951, 33.844730989620913 ], [ 130.71815481655787, 33.844796976370951 ], [ 130.718152007849312, 33.844797914816759 ], [ 130.71806703818541, 33.844826283359026 ], [ 130.718033499619509, 33.844835211741945 ], [ 130.717943320074681, 33.844856431266997 ], [ 130.717486434182376, 33.84496392970631 ], [ 130.717322296634677, 33.844997932253754 ], [ 130.717280437350382, 33.844989493797485 ], [ 130.717239525419558, 33.844973408135175 ], [ 130.717123599774794, 33.844927778573734 ], [ 130.716784111951938, 33.844741178544844 ], [ 130.716659245952997, 33.844776110221702 ], [ 130.716317012038274, 33.845017705008168 ], [ 130.716041940242349, 33.845249450377324 ], [ 130.715901875102105, 33.845367396099832 ], [ 130.715842348425866, 33.845415160709528 ], [ 130.715774906695174, 33.845469245525109 ], [ 130.715680007768384, 33.845504173656686 ], [ 130.715368922779589, 33.845579245594486 ], [ 130.715530034953616, 33.845991765114015 ], [ 130.715579156625154, 33.846089861168622 ], [ 130.71542394675194, 33.846141416641785 ], [ 130.715371083004925, 33.846158975381428 ], [ 130.715133393180167, 33.846008456025814 ], [ 130.71495381647145, 33.845867231417664 ], [ 130.714788063722466, 33.845960907685168 ], [ 130.71468867761925, 33.846017077426524 ], [ 130.714037726772858, 33.846377205556678 ], [ 130.713576815703561, 33.846626760488185 ], [ 130.713255267487909, 33.84679267216552 ], [ 130.713492336351607, 33.847102247509582 ], [ 130.713928470925822, 33.847664883698108 ], [ 130.713578346643573, 33.847848269128079 ], [ 130.712806374890874, 33.848239739949079 ], [ 130.713043198896997, 33.84854818560693 ], [ 130.713129911110371, 33.848664332596172 ], [ 130.71283875096745, 33.848803477672284 ], [ 130.712828498736343, 33.848958494640605 ], [ 130.712810298394828, 33.84922985833461 ], [ 130.712416312329225, 33.84941736695788 ], [ 130.71165674767272, 33.849385863555668 ], [ 130.711661157251228, 33.849355160769782 ], [ 130.711333295243151, 33.849349040470379 ], [ 130.711310447264964, 33.84953290625441 ], [ 130.711260931287825, 33.849869353304534 ], [ 130.711258447010749, 33.849886182735702 ], [ 130.711164383432617, 33.849896812643081 ], [ 130.71112765204208, 33.849898555978662 ], [ 130.711106550553154, 33.84990357789453 ], [ 130.711013269973506, 33.849925829443464 ], [ 130.710850788524709, 33.849964613332844 ], [ 130.710597429458119, 33.850107365909025 ], [ 130.710355773460378, 33.850625239216974 ], [ 130.710231824299939, 33.85084584878355 ], [ 130.710151550512165, 33.850934341055677 ], [ 130.710098364835432, 33.85100148728926 ], [ 130.709989964439671, 33.851056038168949 ], [ 130.709853717409317, 33.851124467984008 ], [ 130.709852833686313, 33.851124042714616 ], [ 130.709853251562151, 33.851125099752778 ], [ 130.709783351051357, 33.851160368135183 ], [ 130.709619457429937, 33.851209287852157 ], [ 130.709608115857208, 33.851211376596247 ], [ 130.70955532471379, 33.85119976899761 ], [ 130.709464660364603, 33.851227592665644 ], [ 130.709446071555817, 33.851176057514742 ], [ 130.709308979882053, 33.851145728617418 ], [ 130.709011281303873, 33.851295627213233 ], [ 130.708909350259404, 33.851321871484323 ], [ 130.708726824923019, 33.851368849161851 ], [ 130.708612009930818, 33.851440709309905 ], [ 130.708485521168967, 33.851457525602513 ], [ 130.708098859675374, 33.851802477027952 ], [ 130.707996641433937, 33.851893664867148 ], [ 130.707922695796412, 33.851889827640498 ], [ 130.707871308582128, 33.851887100342694 ], [ 130.707813102628279, 33.851841880747422 ], [ 130.707529301957237, 33.852226872874027 ], [ 130.707511255310806, 33.852251411372663 ], [ 130.707574840100108, 33.852303829869506 ], [ 130.707296551298356, 33.852466382476699 ], [ 130.706116345512811, 33.852518663118659 ], [ 130.705878344963736, 33.852486539176525 ], [ 130.70582999885022, 33.852477335550482 ], [ 130.705722140514325, 33.852641979146838 ], [ 130.705706144251906, 33.852665471168436 ], [ 130.70567581322851, 33.852665398608458 ], [ 130.705651033392826, 33.852665339822849 ], [ 130.705581865149327, 33.852665174939453 ], [ 130.705561941283634, 33.852665128263176 ], [ 130.705400322258413, 33.852664741992562 ], [ 130.705393174012784, 33.8525713178568 ], [ 130.705386902261836, 33.852480787446297 ], [ 130.705240388505359, 33.852476984589266 ], [ 130.70464669233246, 33.852461902829411 ], [ 130.704651335775139, 33.852370833852085 ], [ 130.704552940151444, 33.852326643626391 ], [ 130.704509989847111, 33.852307381051929 ], [ 130.704466937508499, 33.852305518116466 ], [ 130.704200962656273, 33.852294032921542 ], [ 130.704034579336962, 33.85222586887209 ], [ 130.704031552543739, 33.852234737118451 ], [ 130.703925565305695, 33.852545761186732 ], [ 130.703901467153855, 33.852616426199212 ], [ 130.703787098474351, 33.852952080357646 ], [ 130.703741051552356, 33.853222180110805 ], [ 130.703736538933128, 33.853251192961238 ], [ 130.703711455254364, 33.853412084750317 ], [ 130.703676766595379, 33.853634734610687 ], [ 130.70365731081057, 33.853859320678374 ], [ 130.703649968399702, 33.853871222784981 ], [ 130.703640605588873, 33.853886397734762 ], [ 130.703631316892171, 33.853951148753623 ], [ 130.70372474753708, 33.853945348161474 ], [ 130.703941780619061, 33.85396249309423 ], [ 130.704288748086356, 33.853956631915892 ], [ 130.704787746366293, 33.85397712511277 ], [ 130.705051502256111, 33.853992905520052 ], [ 130.705069835112027, 33.85399400150726 ], [ 130.705199917236826, 33.853988958164059 ], [ 130.705458290021937, 33.854009371139199 ], [ 130.705423854365705, 33.854386704552873 ], [ 130.705419152095345, 33.854735442569293 ], [ 130.705419036511813, 33.85474431607453 ], [ 130.705407614643491, 33.855058308944756 ], [ 130.705405341501631, 33.855394233198403 ], [ 130.706453838074907, 33.855412367200664 ], [ 130.705405341501631, 33.855394233198417 ], [ 130.705405419106853, 33.855420788135959 ], [ 130.705406407276655, 33.855741506230402 ], [ 130.70552553738969, 33.855748691435082 ], [ 130.705568116220917, 33.855750423732701 ], [ 130.705567913755971, 33.855771919394897 ], [ 130.705564813497375, 33.856101247282822 ], [ 130.705578727919999, 33.856108862401292 ], [ 130.705564813497375, 33.85610124728283 ], [ 130.705564655633054, 33.856118015461 ], [ 130.705500977141583, 33.856114358031583 ], [ 130.704519340907694, 33.856091021066824 ], [ 130.7044994782473, 33.856421827425173 ], [ 130.704323264337546, 33.856416756296831 ], [ 130.704303443844537, 33.856710444982092 ], [ 130.704288922369869, 33.856746896106351 ], [ 130.704357435951607, 33.856747978203352 ], [ 130.704297686804921, 33.856886600464421 ], [ 130.704199761539655, 33.857114448354608 ], [ 130.704173949491775, 33.857174474967117 ], [ 130.704140264904453, 33.857252792652837 ], [ 130.704111253652428, 33.857297874198615 ], [ 130.703852106615585, 33.857542454866028 ], [ 130.70344461105455, 33.857285357324791 ], [ 130.703209386136677, 33.857137007301546 ], [ 130.702978509131782, 33.857373273626855 ], [ 130.702499444763845, 33.857863576019824 ], [ 130.702463199612993, 33.85790068080253 ], [ 130.701763480432078, 33.857631670564068 ], [ 130.701535450211196, 33.857545677320971 ], [ 130.701533115732815, 33.857555461421114 ], [ 130.701535450211196, 33.857545677320957 ], [ 130.701309403231448, 33.857459686278823 ], [ 130.701150625302489, 33.857745145050941 ], [ 130.700280715148608, 33.857403093702274 ], [ 130.700216292310273, 33.85765736586665 ], [ 130.700186480275619, 33.857774362516352 ], [ 130.700374042513886, 33.857861246630392 ], [ 130.700405527703822, 33.857875833679081 ], [ 130.700291510724838, 33.858024256258339 ], [ 130.700253616369167, 33.858073822778408 ], [ 130.700633022426643, 33.858249016390467 ], [ 130.701181975876864, 33.858502516768141 ], [ 130.701521513281449, 33.858610199853857 ], [ 130.701836510370754, 33.858697247711532 ], [ 130.702181110485611, 33.858763870519674 ], [ 130.70240267689374, 33.858797300190808 ], [ 130.702485811858224, 33.858800952322603 ], [ 130.702698216117142, 33.858810340507233 ], [ 130.702934701762643, 33.858802669469462 ], [ 130.703125092264116, 33.858781008733061 ], [ 130.703324035671557, 33.858758385967541 ], [ 130.703709202168341, 33.858673447977658 ], [ 130.703709202168341, 33.858673447977672 ], [ 130.704103083259497, 33.858558867876745 ], [ 130.704522434758331, 33.858379054688065 ], [ 130.704651530729876, 33.85831280096842 ], [ 130.705008515227007, 33.858129522121736 ], [ 130.705265166976233, 33.857984114302432 ], [ 130.705694610577041, 33.857740714811271 ], [ 130.706577646984272, 33.857381177980663 ], [ 130.706725552037852, 33.857344548134684 ], [ 130.706873112785019, 33.85733447755706 ], [ 130.707861574580534, 33.857266664426639 ], [ 130.708242880379942, 33.857240303134077 ], [ 130.708504790969442, 33.857222186267101 ], [ 130.708703764027774, 33.85720842842025 ], [ 130.708941372341513, 33.857192009834158 ], [ 130.709819065830175, 33.857133076142418 ], [ 130.710774902789012, 33.857067802760312 ], [ 130.710898027052878, 33.857059394531795 ], [ 130.711176761202893, 33.857040329328797 ], [ 130.711290517167612, 33.857032562428905 ], [ 130.711671648368281, 33.857006477893378 ], [ 130.712016253879682, 33.856982912558934 ], [ 130.713250628219896, 33.85689647038626 ], [ 130.713533184514517, 33.85687642205113 ], [ 130.714065149801968, 33.856838699826625 ], [ 130.714792809185411, 33.856787134029481 ], [ 130.714937852569022, 33.856784299850183 ], [ 130.715069944939614, 33.856784605357156 ], [ 130.715404926794207, 33.856785379477934 ], [ 130.715582996037568, 33.85679769718373 ], [ 130.715774296511796, 33.856810887680147 ], [ 130.71615831767167, 33.856873477235041 ], [ 130.716630859438538, 33.856989593390523 ], [ 130.717336584656238, 33.857284244779265 ], [ 130.717811160855888, 33.857488060495797 ], [ 130.718102868039921, 33.857618617334253 ], [ 130.718731026736748, 33.857895194656166 ], [ 130.719350363077666, 33.858166106266111 ], [ 130.72019179094076, 33.858538327027773 ], [ 130.720649069524711, 33.858736875911084 ], [ 130.721436669421678, 33.859080712390806 ], [ 130.722022234085841, 33.859336815863159 ], [ 130.722456262107329, 33.859528056200148 ], [ 130.723226255445866, 33.85986830143603 ], [ 130.723930236519863, 33.860473643885271 ], [ 130.724769044344384, 33.861580552122412 ], [ 130.725534144698827, 33.86260460951992 ], [ 130.726415002681762, 33.863540522343378 ], [ 130.726914295277822, 33.863920550211773 ], [ 130.727789995024352, 33.864569573744092 ], [ 130.728160819601896, 33.864845808923128 ], [ 130.728642340585594, 33.865204001150943 ], [ 130.728882747680416, 33.865381828998338 ], [ 130.729527999321846, 33.86585519754707 ], [ 130.729697434664331, 33.865953973536364 ], [ 130.729965043072696, 33.866082758394548 ], [ 130.730246980943974, 33.866199601429706 ], [ 130.730514760779954, 33.866274716165854 ], [ 130.730793291912534, 33.866340902412141 ], [ 130.730996880533269, 33.866374173676256 ], [ 130.731158262563639, 33.866390024823389 ], [ 130.73133804522115, 33.866407674123529 ], [ 130.731663247524494, 33.866408382546815 ], [ 130.732024081348243, 33.866382821852852 ], [ 130.732260218395453, 33.866350084498627 ], [ 130.732474744036352, 33.866308779818226 ], [ 130.732632143482761, 33.866261435527448 ], [ 130.732981184432788, 33.866125253625626 ], [ 130.73309548811477, 33.866080630215471 ], [ 130.733808235344668, 33.865761387736597 ], [ 130.733959256215172, 33.865694233659468 ], [ 130.735018926747188, 33.865223226213089 ], [ 130.735143591038764, 33.865172495932633 ], [ 130.73541251030673, 33.865063116444766 ], [ 130.735781042421024, 33.864955081357536 ], [ 130.736016940755746, 33.864894512979511 ], [ 130.736426348575122, 33.864817839773131 ], [ 130.736581631800647, 33.864797110331082 ], [ 130.73681617334185, 33.864765703660154 ], [ 130.737062668167368, 33.864732771322331 ], [ 130.737734238177893, 33.864627345496018 ], [ 130.737999377646759, 33.864585718135743 ], [ 130.738217427373314, 33.864562301671683 ], [ 130.738556317762118, 33.864508996716062 ], [ 130.738659044725694, 33.864492801980475 ], [ 130.739208570969936, 33.864458184575405 ], [ 130.739468754468533, 33.864441830504902 ], [ 130.740175124821917, 33.86435900776938 ], [ 130.740205828503264, 33.864355410309742 ], [ 130.741054829892676, 33.864267319094438 ], [ 130.741396434860775, 33.864236129235557 ], [ 130.742395891246844, 33.864144894204856 ], [ 130.74278651465562, 33.864119719637053 ], [ 130.743812981078293, 33.864080232726501 ], [ 130.744175156772826, 33.864066264908971 ], [ 130.744976618064413, 33.864053912991274 ], [ 130.746118064221918, 33.864036270480831 ], [ 130.746972973242947, 33.86402429717063 ], [ 130.747081797976733, 33.864022829989636 ], [ 130.748369592682138, 33.864005747813508 ], [ 130.749512483285798, 33.86399159497082 ], [ 130.749782977537706, 33.863985453232985 ], [ 130.750578469124378, 33.863970588903705 ], [ 130.75098165303416, 33.863966258569562 ], [ 130.75110400756401, 33.863964959069605 ], [ 130.751749717472421, 33.86395329911975 ], [ 130.752184116062011, 33.863950866936719 ], [ 130.752411004034485, 33.863971961805419 ], [ 130.752547314623257, 33.863984561210422 ], [ 130.75283542344323, 33.864047760004993 ], [ 130.753133297857232, 33.864143874818843 ], [ 130.753271718151353, 33.864200504276944 ], [ 130.753441137614544, 33.864283613401263 ], [ 130.753828915144339, 33.864483240852735 ], [ 130.754300496904023, 33.864735862656012 ], [ 130.754591077487134, 33.864873801780689 ], [ 130.754690917546327, 33.864921127282038 ], [ 130.754911524081052, 33.864961997530038 ], [ 130.754921124593295, 33.864963774888906 ], [ 130.755158652618121, 33.865007711696762 ], [ 130.755668416761239, 33.86506479132224 ], [ 130.755759709112965, 33.865075045378667 ], [ 130.756429240046089, 33.865152170138309 ], [ 130.756666477329333, 33.865180039848852 ], [ 130.757230392045017, 33.865244404337268 ], [ 130.765496595614223, 33.86618227050807 ], [ 130.766317934114284, 33.866214929736877 ], [ 130.767059464893805, 33.866224645296931 ], [ 130.769063149685252, 33.866105629686196 ], [ 130.769575645478255, 33.866111421654722 ], [ 130.770245869652001, 33.866155066939889 ], [ 130.773749116105989, 33.867067028727753 ], [ 130.779437363991178, 33.868091968933335 ], [ 130.780285876573998, 33.868090692014469 ], [ 130.780697682906549, 33.868072176690987 ], [ 130.783720309464741, 33.867471775428221 ], [ 130.784355975635123, 33.867479317230234 ], [ 130.787125253510794, 33.868205844158325 ], [ 130.78843079331088, 33.868795900383191 ], [ 130.790107452618741, 33.869011313103449 ], [ 130.791393150296756, 33.869068594885491 ], [ 130.793119325126099, 33.868969474058943 ], [ 130.794511595649311, 33.868780794333325 ], [ 130.798613059030288, 33.868493208263665 ], [ 130.802139190656249, 33.868433033462374 ], [ 130.80315242577214, 33.868297041603725 ], [ 130.807239364200115, 33.867222155249124 ], [ 130.808887247941584, 33.866822978442173 ], [ 130.810523010929785, 33.866790925783583 ], [ 130.812005783076984, 33.866995766513476 ], [ 130.813409669321885, 33.86753604908948 ], [ 130.814340240152461, 33.867665438130388 ], [ 130.816465614234318, 33.867575441537532 ], [ 130.817458303925321, 33.867604531345322 ], [ 130.818472413259826, 33.867891622749177 ], [ 130.819310347671973, 33.868447768819387 ], [ 130.819365899669634, 33.868493494899226 ], [ 130.819504679245171, 33.868674870761048 ], [ 130.81978458967032, 33.869044387154013 ], [ 130.819878355923493, 33.869179064304689 ], [ 130.820103772543575, 33.869502925006479 ], [ 130.820228581162723, 33.869633351454766 ], [ 130.820371611392488, 33.8697827516282 ], [ 130.820667863254727, 33.8700193673751 ], [ 130.820757510274319, 33.870075498026779 ], [ 130.820990051114194, 33.870221153436788 ], [ 130.82127788778979, 33.87036949488617 ], [ 130.821637185688672, 33.870493286269003 ], [ 130.821813355269569, 33.870545666056962 ], [ 130.822135218707672, 33.870641364593922 ], [ 130.822445742438106, 33.870754164481582 ], [ 130.822573596458483, 33.870802811235919 ], [ 130.822881100859775, 33.870967591090952 ], [ 130.82308004636073, 33.871109462161733 ], [ 130.823196979097105, 33.871192888624151 ], [ 130.823371683090528, 33.871317467186408 ], [ 130.823542293434883, 33.87148754159432 ], [ 130.823745255535471, 33.87168985595487 ], [ 130.824311875151324, 33.87219600175051 ], [ 130.824531388215206, 33.872394744527064 ], [ 130.824675450740301, 33.872525194607633 ], [ 130.824586858095273, 33.872312901577381 ], [ 130.824469996558889, 33.872115575122791 ], [ 130.824421547597069, 33.87208359554765 ], [ 130.824420166008565, 33.872082677305059 ], [ 130.82440713075485, 33.871989257043417 ], [ 130.824402697089852, 33.871865557716269 ], [ 130.824401140126866, 33.871822023090566 ], [ 130.824418528240813, 33.871701666158707 ], [ 130.824477076470913, 33.871575451047995 ], [ 130.824555518934062, 33.871450110122666 ], [ 130.824563905069567, 33.871436737959876 ], [ 130.824668723667486, 33.871349330153294 ], [ 130.824670954054341, 33.871347149697272 ], [ 130.824790237254206, 33.871231518201576 ], [ 130.824739820241462, 33.871062460446545 ], [ 130.824738702352846, 33.871061965223319 ], [ 130.824724116862683, 33.871055605939617 ], [ 130.824679697124594, 33.870844502988035 ], [ 130.824930972394327, 33.870167794124505 ], [ 130.824994919844585, 33.870135482217215 ], [ 130.825031921686048, 33.87008143699537 ], [ 130.825086752079528, 33.870001354339855 ], [ 130.825266442081556, 33.869818888829606 ], [ 130.825306703038308, 33.869527885868131 ], [ 130.825677776895958, 33.869628719068686 ], [ 130.825810049629837, 33.869642714382302 ], [ 130.826017084849298, 33.869622015174755 ], [ 130.826132563941229, 33.869600202266383 ], [ 130.826323771844642, 33.869597653714273 ], [ 130.827136030833145, 33.869663461472662 ], [ 130.827603187681035, 33.869720328908095 ], [ 130.828023145703554, 33.869701194176251 ], [ 130.828147709041701, 33.869733488412635 ], [ 130.828949066992266, 33.870222754675574 ], [ 130.829454050018512, 33.870283612962567 ], [ 130.830063169131392, 33.870156114311897 ], [ 130.830233063845611, 33.870165224415203 ], [ 130.8304472725506, 33.870232156298123 ], [ 130.83060067284444, 33.870223351365674 ], [ 130.830843410923478, 33.870238196168323 ], [ 130.831025585581813, 33.870325791859862 ], [ 130.831127304221155, 33.870430324449401 ], [ 130.831170857111346, 33.870596481588635 ], [ 130.831567781645674, 33.870648799478197 ], [ 130.832315116229466, 33.870747310749181 ], [ 130.833015471520724, 33.870839624914915 ], [ 130.833358673177997, 33.870884891122145 ], [ 130.833518117506316, 33.870770148672889 ], [ 130.83356200723594, 33.870754146621501 ], [ 130.834017748690229, 33.870747507943996 ], [ 130.834267310472484, 33.870815467268187 ], [ 130.834329384555133, 33.870599087984608 ], [ 130.834329658727626, 33.870599229234578 ], [ 130.835088923849469, 33.870911454644094 ], [ 130.835231064272307, 33.871022236552569 ], [ 130.835330777518664, 33.871162688366667 ], [ 130.835845349238241, 33.872146721918881 ], [ 130.83590881228659, 33.872366580287903 ], [ 130.835919503943387, 33.873160033650315 ], [ 130.835940146952936, 33.873724147837891 ], [ 130.836183597830939, 33.87461934523008 ], [ 130.836251715745277, 33.874663530984847 ], [ 130.837615322673372, 33.8749538621787 ], [ 130.838052192346993, 33.874412190147034 ], [ 130.839249344878908, 33.874177785251533 ], [ 130.839532142044561, 33.874167167067732 ], [ 130.839664504634641, 33.874187907713754 ], [ 130.840120450084072, 33.874359671544376 ], [ 130.840370861942262, 33.874212354307872 ], [ 130.840445718153546, 33.874182021316862 ], [ 130.840545087398198, 33.874162707086043 ], [ 130.840862110231882, 33.874115641687339 ], [ 130.841604319434197, 33.87404038493284 ], [ 130.841786549465297, 33.873988492207062 ], [ 130.842969175252477, 33.87356215617708 ], [ 130.843116444828723, 33.873509092022978 ], [ 130.843186261287087, 33.873377034347165 ], [ 130.843373623089974, 33.873022678784025 ], [ 130.843460259733718, 33.872858803461405 ], [ 130.843704014876408, 33.872397731467956 ], [ 130.844114266584853, 33.872432909569838 ], [ 130.844245131824124, 33.872512109275149 ], [ 130.844414345039041, 33.872487387798017 ], [ 130.844401264400858, 33.872459052667928 ], [ 130.844324436206932, 33.87229257695973 ], [ 130.844338173118473, 33.872168619776794 ], [ 130.844247976572916, 33.87195817079224 ], [ 130.844349048905798, 33.871893635379266 ], [ 130.844377769107126, 33.871633536432952 ], [ 130.844422481538544, 33.871228349989856 ], [ 130.844528894070407, 33.871013079365163 ], [ 130.844395659533831, 33.870809902286119 ], [ 130.843791020670153, 33.87075264204973 ], [ 130.843734467877482, 33.870755670051032 ], [ 130.843592175903638, 33.870780143589613 ], [ 130.843459795755905, 33.870763772664191 ], [ 130.842701788656285, 33.870571347673462 ], [ 130.842476183204894, 33.870468497752931 ], [ 130.842328244623559, 33.870412098384527 ], [ 130.842269560359625, 33.870386523166879 ], [ 130.842300510103541, 33.870271182458687 ], [ 130.842268323268769, 33.870227256914745 ], [ 130.842161062969154, 33.870195632400012 ], [ 130.842083744058641, 33.870097620649325 ], [ 130.84200244443818, 33.86993212204181 ], [ 130.842002444438151, 33.86993212204181 ], [ 130.84236939055603, 33.869821298093932 ], [ 130.84255462889152, 33.86973602081504 ], [ 130.842745489030108, 33.869618069267226 ], [ 130.842973319218657, 33.869433665912283 ], [ 130.843148605943213, 33.869288501450463 ], [ 130.84326820085397, 33.86920130806925 ], [ 130.843462848653104, 33.869095051057542 ], [ 130.843684504670335, 33.868995307761338 ], [ 130.843813205089504, 33.868962082276013 ], [ 130.843966584491568, 33.868951006749548 ], [ 130.844109964774191, 33.868982886270722 ], [ 130.84420570276302, 33.869058097438376 ], [ 130.844293837571826, 33.869158375581904 ], [ 130.844506499538738, 33.869459565151068 ], [ 130.844595727154797, 33.869214123223898 ], [ 130.844716611482795, 33.868944983456821 ], [ 130.844595727154797, 33.869214123223905 ], [ 130.844506499538767, 33.869459565151075 ], [ 130.84469543174913, 33.869727195138843 ], [ 130.844870679698772, 33.869875622872456 ], [ 130.845009655408546, 33.869973850951816 ], [ 130.845066791751179, 33.870015884963408 ], [ 130.845086576856346, 33.870030440403895 ], [ 130.84579448075263, 33.870460382292961 ], [ 130.846018911749155, 33.870596684166955 ], [ 130.846288179921459, 33.87070578030599 ], [ 130.846356091081759, 33.870754962954955 ], [ 130.846541111586049, 33.870824998254903 ], [ 130.846995910237382, 33.87096841850034 ], [ 130.847359409459699, 33.871037198054033 ], [ 130.847650207408606, 33.871078694788878 ], [ 130.847796087014586, 33.870883051670283 ], [ 130.848084860442356, 33.870495775715277 ], [ 130.848442893414699, 33.870015604937826 ], [ 130.847751218997217, 33.869830903893948 ], [ 130.847264072190654, 33.869705338832468 ], [ 130.847208469958076, 33.869685617430164 ], [ 130.847146157297061, 33.869663562027299 ], [ 130.846540453867959, 33.869443949280047 ], [ 130.846349258813177, 33.869351925669115 ], [ 130.846290663245696, 33.869323746746062 ], [ 130.846008624891653, 33.869104747309876 ], [ 130.846001450493901, 33.868944698299536 ], [ 130.846116015469732, 33.868806358169728 ], [ 130.846015451251645, 33.868661406111904 ], [ 130.846144030041216, 33.868460037916194 ], [ 130.846204860546493, 33.868330644517528 ], [ 130.846351894161501, 33.868032516045545 ], [ 130.846357049542462, 33.867900869274045 ], [ 130.846465950404621, 33.867670666602201 ], [ 130.846510724122425, 33.867448623029198 ], [ 130.846534237068568, 33.867385891303982 ], [ 130.846548831633129, 33.86734695556418 ], [ 130.84662583035356, 33.867141648692581 ], [ 130.846281058036851, 33.866723085001908 ], [ 130.846062994401024, 33.866373850851147 ], [ 130.845962467503313, 33.866233197836237 ], [ 130.845859319320027, 33.866088877463575 ], [ 130.845790389774351, 33.865992427727754 ], [ 130.845709046270628, 33.865831652687007 ], [ 130.845683552427374, 33.865781255400776 ], [ 130.845572453797814, 33.865714479450034 ], [ 130.845502086445237, 33.86544439325165 ], [ 130.845509812722469, 33.865327543798834 ], [ 130.845742720681159, 33.865157088199403 ], [ 130.846097518647667, 33.864756305590674 ], [ 130.846023430702587, 33.864605894527095 ], [ 130.845996271033442, 33.864571414146361 ], [ 130.845845804897834, 33.864335040665104 ], [ 130.846212365659653, 33.864141154152705 ], [ 130.846215200692086, 33.864043739993228 ], [ 130.846237974315017, 33.863881474237878 ], [ 130.846300732671722, 33.863722920808193 ], [ 130.846576732661248, 33.863556885207188 ], [ 130.846746656244534, 33.863343734260781 ], [ 130.846662808115582, 33.863297280049842 ], [ 130.846802070341624, 33.863160235547667 ], [ 130.846874375745841, 33.862992185348773 ], [ 130.846855399741884, 33.862868046032133 ], [ 130.846989853643834, 33.862828132383875 ], [ 130.847057140532883, 33.862780176961905 ], [ 130.847095624647693, 33.862720208095737 ], [ 130.847105466378679, 33.86258807500424 ], [ 130.847148763413287, 33.862528043863342 ], [ 130.847235223961803, 33.862488140706176 ], [ 130.847408011134604, 33.862484340709962 ], [ 130.847499288864412, 33.862436413155137 ], [ 130.847523421003586, 33.862363044899674 ], [ 130.847509607117473, 33.862036044152873 ], [ 130.847485777415983, 33.861939934653321 ], [ 130.847423590171132, 33.861827715535043 ], [ 130.847327831703439, 33.861695521772461 ], [ 130.847019879967803, 33.86162582476549 ], [ 130.847001391357992, 33.861565156227954 ], [ 130.847036550426679, 33.861386985487762 ], [ 130.847274386840468, 33.86109051859065 ], [ 130.847381022969103, 33.860969845569791 ], [ 130.847444370172269, 33.860863700905782 ], [ 130.847457223000987, 33.860842162812219 ], [ 130.847508648894575, 33.860755936703129 ], [ 130.84753481761868, 33.860712085139028 ], [ 130.847571001312645, 33.860651481306554 ], [ 130.847577214661413, 33.86064106391423 ], [ 130.847692455443365, 33.860447850403091 ], [ 130.847775679802879, 33.860297563218872 ], [ 130.848069992943635, 33.860645691192055 ], [ 130.848551597808353, 33.860201034649371 ], [ 130.848835178489765, 33.860024999238419 ], [ 130.84913879424451, 33.859948028360229 ], [ 130.849217463955711, 33.859943407518919 ], [ 130.849319197347342, 33.859937402774122 ], [ 130.849324029743514, 33.8598899327908 ], [ 130.84938221129201, 33.85931732976038 ], [ 130.849211565666309, 33.8590078887201 ], [ 130.849245511656591, 33.858448777116827 ], [ 130.849077307419947, 33.858348830815117 ], [ 130.848635588417835, 33.858364066707836 ], [ 130.848228038935531, 33.858263680367678 ], [ 130.848089544043376, 33.858229555780888 ], [ 130.847946587529123, 33.858194300686954 ], [ 130.847894875333452, 33.857919803589894 ], [ 130.847846993806229, 33.857739981282577 ], [ 130.847764381825954, 33.857583081580039 ], [ 130.847412320877083, 33.85719170186298 ], [ 130.847091850766361, 33.856971530589824 ], [ 130.846584391657956, 33.857367896190205 ], [ 130.846533537644461, 33.857399952129541 ], [ 130.846431368350125, 33.857421097772807 ], [ 130.846483880690641, 33.85706473744942 ], [ 130.846474390983389, 33.856936243158998 ], [ 130.846440569427926, 33.856810538772152 ], [ 130.846399215593777, 33.85672976066494 ], [ 130.846313477755388, 33.856628502687862 ], [ 130.845946048876129, 33.856379105587543 ], [ 130.845772954041848, 33.856296898806818 ], [ 130.845635140535535, 33.856250516905739 ], [ 130.845502901399072, 33.856226538470381 ], [ 130.845228003036993, 33.856210133936884 ], [ 130.845061217135452, 33.856229222362288 ], [ 130.844847860713315, 33.856269104130881 ], [ 130.844762632342196, 33.85627843475185 ], [ 130.844713475244248, 33.856206665740295 ], [ 130.844750033246356, 33.856073582055188 ], [ 130.844762271173551, 33.855936098662845 ], [ 130.844744808031663, 33.855376076896725 ], [ 130.844737894662643, 33.855376068146626 ], [ 130.844550840235513, 33.854829497936244 ], [ 130.844523248530464, 33.854791565679406 ], [ 130.844098118494287, 33.85456871723143 ], [ 130.842485172969816, 33.853723207441277 ], [ 130.841747835886764, 33.853774805118725 ], [ 130.841518318368315, 33.853414842925396 ], [ 130.84136281733015, 33.853292778676355 ], [ 130.841056929868273, 33.853204051433039 ], [ 130.841129885374215, 33.852561306665784 ], [ 130.841141257403223, 33.852432838274531 ], [ 130.841177127242929, 33.852319617277452 ], [ 130.841145767331227, 33.852214197385052 ], [ 130.840947343136378, 33.852106167533456 ], [ 130.840843449741811, 33.852012769176476 ], [ 130.840797510464455, 33.851842244519176 ], [ 130.840863456213242, 33.851593674713492 ], [ 130.840875409071714, 33.851498878107513 ], [ 130.840781660324836, 33.851364920892102 ], [ 130.840585727873702, 33.851245479077456 ], [ 130.84038007155948, 33.851191677976836 ], [ 130.840134589943602, 33.851169803420632 ], [ 130.840012846819008, 33.85114189224636 ], [ 130.839766300392768, 33.851052533750618 ], [ 130.83966790102383, 33.850968015978843 ], [ 130.839545869152943, 33.850751041619695 ], [ 130.839503705038936, 33.850645750810997 ], [ 130.839512978086475, 33.850568909261533 ], [ 130.839533797722453, 33.850507866954587 ], [ 130.839591462558019, 33.850410452450063 ], [ 130.839737971463251, 33.850309631491555 ], [ 130.839828050813821, 33.850220572285131 ], [ 130.839871936607324, 33.85009848827756 ], [ 130.839920140456428, 33.849919911791567 ], [ 130.839983412034542, 33.849831379883661 ], [ 130.840224534278377, 33.849585295087465 ], [ 130.840228476795716, 33.849497390685229 ], [ 130.840056575137538, 33.849368824321836 ], [ 130.839982195005518, 33.84926827937651 ], [ 130.839918334189662, 33.849151970032864 ], [ 130.839883792540036, 33.849017243568134 ], [ 130.839865557326789, 33.848886762052572 ], [ 130.839887528869724, 33.848751404954555 ], [ 130.84009713032475, 33.847728744754839 ], [ 130.840108795652952, 33.847618170253995 ], [ 130.840100195915255, 33.847420078558521 ], [ 130.839962786395574, 33.84675945054493 ], [ 130.839935573138234, 33.846577396587612 ], [ 130.839942114645169, 33.846487241452969 ], [ 130.839975384461184, 33.846376412265094 ], [ 130.840704084735449, 33.845475864053206 ], [ 130.840860750244985, 33.844843373093589 ], [ 130.840967127369879, 33.844594434403035 ], [ 130.841318136847804, 33.844153228134019 ], [ 130.841378723487907, 33.844064693779686 ], [ 130.841404441900551, 33.843994567464648 ], [ 130.841477715135625, 33.843698671786569 ], [ 130.84151136265487, 33.843615032269085 ], [ 130.84161986291403, 33.843494297507974 ], [ 130.84181428107982, 33.843361416866365 ], [ 130.84191757680415, 33.843247579377632 ], [ 130.842098935548961, 33.842812913317381 ], [ 130.842098548485069, 33.842788117857616 ], [ 130.841757419389893, 33.842024245882648 ], [ 130.841766715179716, 33.841847735723029 ], [ 130.841782257416128, 33.841802111042568 ], [ 130.841750839108357, 33.841667528541933 ], [ 130.841189624524361, 33.84107425924914 ], [ 130.841137215486924, 33.840958248365034 ], [ 130.84110380728967, 33.840679401432219 ], [ 130.841093879148872, 33.840382130098973 ], [ 130.840955391754079, 33.840184717841815 ], [ 130.8404257026653, 33.839732649632559 ], [ 130.839419026603451, 33.83878898384117 ], [ 130.83926262199094, 33.838702420242448 ], [ 130.838785510295111, 33.838452152997192 ], [ 130.838274005803754, 33.838222829732352 ], [ 130.838113227399731, 33.838167957020829 ], [ 130.836552604451953, 33.838152362529456 ], [ 130.836385589611979, 33.837910530048724 ], [ 130.836280196375924, 33.837818393773929 ], [ 130.835960872878104, 33.837613830980878 ], [ 130.835846926424068, 33.837591700582237 ], [ 130.835550034789634, 33.837576088277984 ], [ 130.835287232451719, 33.837534880759044 ], [ 130.835188269371457, 33.83747402822992 ], [ 130.835067946313217, 33.837339324584939 ], [ 130.834976124352238, 33.837170144667432 ], [ 130.83493677012595, 33.837119233967876 ], [ 130.8348036565298, 33.837007337008131 ], [ 130.83461016601305, 33.836939736227031 ], [ 130.834196879985598, 33.836827602814168 ], [ 130.834113970174883, 33.836847496161937 ], [ 130.833725214303371, 33.836906142609173 ], [ 130.833566065163268, 33.836900854737337 ], [ 130.833500638134723, 33.836877662958514 ], [ 130.833345925679509, 33.836761790177107 ], [ 130.833048473252774, 33.836482442968389 ], [ 130.832843829355255, 33.836324803179764 ], [ 130.832760346667158, 33.83624340245629 ], [ 130.832651586323351, 33.836051938735388 ], [ 130.832548393077076, 33.835781589522945 ], [ 130.832371132405996, 33.835147809643601 ], [ 130.832345714282496, 33.83511002020451 ], [ 130.832168492956271, 33.834965374702328 ], [ 130.83191001899624, 33.834809067983876 ], [ 130.831685600260045, 33.834703805954035 ], [ 130.831285125328094, 33.834571112335503 ], [ 130.831083738080707, 33.834510397283069 ], [ 130.830884444781248, 33.834431652631039 ], [ 130.830739166908529, 33.834356083526323 ], [ 130.830524734887831, 33.834228149631642 ], [ 130.830313876232736, 33.834043587990223 ], [ 130.830180164659765, 33.833909145014481 ], [ 130.829647160537661, 33.833597060708591 ], [ 130.829448530201432, 33.833457315483528 ], [ 130.829370462358924, 33.833378030744953 ], [ 130.829220191424696, 33.833151569796378 ], [ 130.828922930401149, 33.832795432329853 ], [ 130.82890850791722, 33.832604236842961 ], [ 130.828847360023275, 33.832384661544289 ], [ 130.828810112642003, 33.832153282201908 ], [ 130.828772302175793, 33.831987413706948 ], [ 130.828716304089454, 33.83184208731965 ], [ 130.828618165696412, 33.831643874160171 ], [ 130.828567878794672, 33.831507431668321 ], [ 130.828558504505651, 33.831388233081391 ], [ 130.828579142622687, 33.831277246861653 ], [ 130.828582965040283, 33.831148628772695 ], [ 130.828679687097718, 33.830650468974341 ], [ 130.82860881336282, 33.830541611464803 ], [ 130.828294120103322, 33.830314495392471 ], [ 130.828013514654714, 33.830057277701272 ], [ 130.827864222957231, 33.829941264270239 ], [ 130.827708461267207, 33.829874972445218 ], [ 130.827359062957612, 33.829819961886066 ], [ 130.826969732838137, 33.82985829636138 ], [ 130.826740688749538, 33.829859100742361 ], [ 130.8266263497338, 33.829823438669322 ], [ 130.826228306499758, 33.829517165887033 ], [ 130.826321874490077, 33.82924892034093 ], [ 130.826336909801483, 33.82913355915889 ], [ 130.826313236670018, 33.828658476903897 ], [ 130.826283228051182, 33.828483318592845 ], [ 130.826310603651393, 33.828302326614811 ], [ 130.82634381426098, 33.828177835069162 ], [ 130.826081940362883, 33.828012355580356 ], [ 130.825994168828373, 33.8279300983098 ], [ 130.825812142887003, 33.827711899507719 ], [ 130.825670325913677, 33.827477275762121 ], [ 130.825480334534376, 33.827405440651162 ], [ 130.825411654381384, 33.827336453271045 ], [ 130.825353383744641, 33.827249448690949 ], [ 130.825296938165422, 33.827115110793706 ], [ 130.8251977105744, 33.826715576688514 ], [ 130.825185350958918, 33.826630185895304 ], [ 130.825145397102659, 33.826515736424206 ], [ 130.824939467571426, 33.826309055566036 ], [ 130.824760675350291, 33.826469120492732 ], [ 130.824760623746329, 33.826494479734308 ], [ 130.824617059591418, 33.826540340719731 ], [ 130.824355809899515, 33.826554056628368 ], [ 130.824212065091245, 33.826688249076454 ], [ 130.824113939495135, 33.826810814240304 ], [ 130.824025472263656, 33.826854360616416 ], [ 130.823928374472274, 33.82684619199452 ], [ 130.823257462174212, 33.826642925745624 ], [ 130.823082061013196, 33.826624359672834 ], [ 130.82292303880169, 33.826619057917455 ], [ 130.82275443272809, 33.826708414953465 ], [ 130.822709275330652, 33.826760615337939 ], [ 130.822372155260325, 33.826943977114915 ], [ 130.822275607581332, 33.826980890057271 ], [ 130.822095547513328, 33.827016414318614 ], [ 130.822001598412328, 33.827046568613163 ], [ 130.821640722795195, 33.82727751218561 ], [ 130.821416999592003, 33.827477801041027 ], [ 130.821141488723867, 33.827640119326489 ], [ 130.820969708274419, 33.827695798696936 ], [ 130.820888799393401, 33.827689905512763 ], [ 130.820536778285714, 33.827557956058975 ], [ 130.820383062780166, 33.827545897947616 ], [ 130.820270669327812, 33.827612229650882 ], [ 130.819924021221681, 33.827897005930588 ], [ 130.819823015550412, 33.828006040296202 ], [ 130.819779259951531, 33.828164183450099 ], [ 130.819606299733437, 33.828292696943613 ], [ 130.819523717096757, 33.828330190599068 ], [ 130.819332643438145, 33.828362455770581 ], [ 130.819209158254694, 33.828423840869235 ], [ 130.818980356731316, 33.828456331564063 ], [ 130.818778217341929, 33.828452654518394 ], [ 130.818519906380885, 33.828510176807335 ], [ 130.818250766028683, 33.828558526488187 ], [ 130.818107344775001, 33.828448710475527 ], [ 130.817843203391135, 33.828290113868242 ], [ 130.817797710106447, 33.828290046883424 ], [ 130.817466795836197, 33.828135998553385 ], [ 130.817364011705251, 33.828107530602146 ], [ 130.816886577536593, 33.828071464593336 ], [ 130.816762096529402, 33.828025212048786 ], [ 130.816426736227442, 33.827721963603054 ], [ 130.816298823088999, 33.827624004730112 ], [ 130.816190922201088, 33.827620603616722 ], [ 130.816019033715264, 33.82766049767833 ], [ 130.81588712798407, 33.827672841337268 ], [ 130.815733484849289, 33.827667539732687 ], [ 130.815548801915696, 33.827554279261996 ], [ 130.815492171281846, 33.827552643999212 ], [ 130.815193410679285, 33.827580092659822 ], [ 130.815072378292371, 33.82759921228557 ], [ 130.814997312044852, 33.827633756493455 ], [ 130.81485515307034, 33.827684682649696 ], [ 130.81476389596375, 33.827712442449183 ], [ 130.814725980164837, 33.827701678218638 ], [ 130.814444386633028, 33.827382020067091 ], [ 130.814321079928789, 33.827009208102794 ], [ 130.814252826023449, 33.826937820752455 ], [ 130.813872980805826, 33.826740722007877 ], [ 130.813672074393651, 33.826618698737519 ], [ 130.813511107917947, 33.82646926261706 ], [ 130.813439899515316, 33.826379837572972 ], [ 130.813358255321759, 33.826315189989451 ], [ 130.813187505604645, 33.826240126669873 ], [ 130.813146285478808, 33.826177510712142 ], [ 130.813123031815849, 33.82604251382331 ], [ 130.813043511840903, 33.825932929457558 ], [ 130.812831837832789, 33.825815396391683 ], [ 130.812674836598802, 33.825765003829041 ], [ 130.812126324183623, 33.825646253084784 ], [ 130.811987982733285, 33.82557306807503 ], [ 130.811927173906099, 33.825456606500687 ], [ 130.811879294922051, 33.825083059782351 ], [ 130.811824182519814, 33.824986614575714 ], [ 130.811525720914346, 33.824824991776609 ], [ 130.811355338566756, 33.824776973473732 ], [ 130.810687347827752, 33.82480102515369 ], [ 130.810573316486312, 33.82472773471828 ], [ 130.810405384768075, 33.824449940584685 ], [ 130.810337175750107, 33.8243808041614 ], [ 130.810231046931762, 33.824302874756256 ], [ 130.809902245795939, 33.824085131783363 ], [ 130.80981818747307, 33.824045274377958 ], [ 130.809241485374713, 33.824046220291727 ], [ 130.808953065816013, 33.824039716878744 ], [ 130.80874324035517, 33.824061934063465 ], [ 130.808307974354875, 33.824165089967664 ], [ 130.808100802268825, 33.824189423930036 ], [ 130.808021801672794, 33.824115904258164 ], [ 130.808004475186181, 33.824032755500504 ], [ 130.808022942218912, 33.823767084468273 ], [ 130.808009694914745, 33.823379359791161 ], [ 130.807970829764884, 33.823285049147167 ], [ 130.807835649874363, 33.823047454698518 ], [ 130.807818640468895, 33.82297332661895 ], [ 130.807829295914814, 33.822756950109337 ], [ 130.808311269722481, 33.822730084747455 ], [ 130.808459114817197, 33.822701713512494 ], [ 130.808523376451745, 33.822667298140615 ], [ 130.808704490102031, 33.8224989429809 ], [ 130.80875736874529, 33.822421820798908 ], [ 130.808867930516016, 33.822213487717605 ], [ 130.809110922600269, 33.822037904359732 ], [ 130.809259806280608, 33.821883304488374 ], [ 130.809331227490503, 33.821779022794814 ], [ 130.809472759621372, 33.821248401316453 ], [ 130.809553039880996, 33.820993105473931 ], [ 130.809504778243763, 33.820797489104791 ], [ 130.809356514050592, 33.820580303841048 ], [ 130.809068277950814, 33.820382487366444 ], [ 130.808958458797576, 33.820221289484799 ], [ 130.808941328728878, 33.820144906696846 ], [ 130.808939316633854, 33.819987257821779 ], [ 130.808877334680489, 33.819776122715048 ], [ 130.808736349528516, 33.819493442968785 ], [ 130.808556276782269, 33.819103070109534 ], [ 130.80840631417513, 33.818967170117183 ], [ 130.808338934672747, 33.818963264279269 ], [ 130.808121086033822, 33.818994483836335 ], [ 130.807935090900315, 33.818989404423867 ], [ 130.807743020615277, 33.818928105458966 ], [ 130.807513288454516, 33.818876186000736 ], [ 130.807371964259147, 33.818785099942204 ], [ 130.807268278552925, 33.818675615980538 ], [ 130.807163785285326, 33.81851217210793 ], [ 130.807107863410266, 33.818348244161719 ], [ 130.80638876371296, 33.818377268417038 ], [ 130.806286164193381, 33.818366964524309 ], [ 130.806093957053292, 33.818292138131106 ], [ 130.805673868626997, 33.818095515378801 ], [ 130.805429322187052, 33.817935513132774 ], [ 130.805190039088814, 33.817761994703602 ], [ 130.804512476703707, 33.817452822006508 ], [ 130.804463062989015, 33.817378923903426 ], [ 130.804551269869876, 33.817112236132047 ], [ 130.804810031840191, 33.81669775395499 ], [ 130.804800937747132, 33.816614338674732 ], [ 130.804691667052197, 33.816495967280822 ], [ 130.803863712479313, 33.816010171662725 ], [ 130.803836181330581, 33.815963073478301 ], [ 130.804031144555211, 33.815400425523428 ], [ 130.804011349645521, 33.815328546396138 ], [ 130.803747280044092, 33.815112438706649 ], [ 130.803670689437041, 33.81502299792438 ], [ 130.80363989206586, 33.814743866567383 ], [ 130.803659766490398, 33.814743898161133 ], [ 130.803630507460241, 33.814548873559161 ], [ 130.803599409685489, 33.814069548246053 ], [ 130.803182501903706, 33.814006475017933 ], [ 130.803182450523821, 33.814028877087296 ], [ 130.80306942771557, 33.81391134201079 ], [ 130.802989573300067, 33.813682143929931 ], [ 130.80292411408675, 33.813578914018215 ], [ 130.802810447795537, 33.813502939474212 ], [ 130.802526650689373, 33.813374002964579 ], [ 130.802372175013403, 33.813246542459375 ], [ 130.801907460670208, 33.812692839823896 ], [ 130.801871951715469, 33.812630092143344 ], [ 130.801855014133565, 33.812528771401404 ], [ 130.801942540306101, 33.812339004653758 ], [ 130.801955427801374, 33.812275910937622 ], [ 130.801919505449547, 33.812154415475014 ], [ 130.801648406433856, 33.811919554821735 ], [ 130.801529580993162, 33.811868504176687 ], [ 130.801416231162364, 33.811839866066791 ], [ 130.801679732326221, 33.811437370753659 ], [ 130.801762583980434, 33.811353396890247 ], [ 130.801842537344385, 33.811244907217791 ], [ 130.801811860550686, 33.810042156230537 ], [ 130.801990860287617, 33.80950498263735 ], [ 130.802028146503687, 33.809455311524943 ], [ 130.802169995408548, 33.809346356507547 ], [ 130.802645507427997, 33.809197080721034 ], [ 130.80319484112033, 33.808631195101221 ], [ 130.803194812641891, 33.808643592584609 ], [ 130.803455850385888, 33.808332944099703 ], [ 130.803558681848699, 33.808180956665993 ], [ 130.803792470860799, 33.807773337988444 ], [ 130.804017743396656, 33.807325131667064 ], [ 130.80421601523625, 33.806875192054108 ], [ 130.804296595558441, 33.806489164876425 ], [ 130.804380181287002, 33.806301504497142 ], [ 130.804323030552979, 33.806072340084036 ], [ 130.804292950836896, 33.805849700848789 ], [ 130.804285992281052, 33.805552571215514 ], [ 130.804327766501586, 33.805272846882495 ], [ 130.804406714400926, 33.804954441561343 ], [ 130.804423280520297, 33.804794427076196 ], [ 130.804397585231357, 33.804499663703538 ], [ 130.804374952611113, 33.80386044886464 ], [ 130.804368906169259, 33.803810849124389 ], [ 130.804471851909852, 33.803476701602236 ], [ 130.804307938118427, 33.803313866348333 ], [ 130.804166940746342, 33.803240946288675 ], [ 130.803709126823378, 33.803047347845663 ], [ 130.803589637981617, 33.802978687479921 ], [ 130.803383672268126, 33.80288608177397 ], [ 130.80320812440516, 33.802849311227149 ], [ 130.803113436074739, 33.802783507190874 ], [ 130.80300222075843, 33.802676118943353 ], [ 130.80282030849736, 33.80247225124112 ], [ 130.802634899784437, 33.802175817673522 ], [ 130.802569238574875, 33.802036659873728 ], [ 130.802551471402836, 33.801820518817976 ], [ 130.80237760987464, 33.801621032383814 ], [ 130.802290243517575, 33.801472823043262 ], [ 130.802268750169645, 33.801217086222323 ], [ 130.802218855161811, 33.801111062124257 ], [ 130.802034393064844, 33.800826745592126 ], [ 130.801933401259959, 33.800733177125309 ], [ 130.801859320837025, 33.800641625398029 ], [ 130.801836526017468, 33.800556214788948 ], [ 130.801827566402039, 33.800308527822502 ], [ 130.801798907316709, 33.800187180983322 ], [ 130.801718963497251, 33.800059551512255 ], [ 130.80162851915523, 33.799947826459032 ], [ 130.801562329465867, 33.799838115038831 ], [ 130.801561310607241, 33.799768235514847 ], [ 130.801643778227998, 33.79951745569484 ], [ 130.801331076237034, 33.798560918878863 ], [ 130.801218342113089, 33.798402244602244 ], [ 130.801130064116307, 33.79824980751448 ], [ 130.801092893719272, 33.798106045785353 ], [ 130.801109466368359, 33.797945890976287 ], [ 130.801267595028577, 33.797523074252581 ], [ 130.801213164410143, 33.797229033610677 ], [ 130.801174354947477, 33.797037440595176 ], [ 130.801120290556099, 33.796830676882415 ], [ 130.801097459014102, 33.796562822682013 ], [ 130.801113025409848, 33.796145977007768 ], [ 130.801167833228362, 33.795471798911002 ], [ 130.801154236270094, 33.795278204893528 ], [ 130.801074490350743, 33.794977149999646 ], [ 130.801019042326601, 33.794675851405351 ], [ 130.80093786728429, 33.794462704958477 ], [ 130.800824812201739, 33.794281347463055 ], [ 130.800374882649294, 33.793695671528837 ], [ 130.80036248814838, 33.793403035125074 ], [ 130.80034469905371, 33.79328833018851 ], [ 130.800263025616061, 33.793036862151368 ], [ 130.800185203023688, 33.792870913014141 ], [ 130.799798916952, 33.792223773096488 ], [ 130.799588140126446, 33.791982659800219 ], [ 130.799549455818862, 33.791911031665506 ], [ 130.799685232263272, 33.791808263903306 ], [ 130.799884726862871, 33.79164178329971 ], [ 130.799988003878127, 33.7915281178783 ], [ 130.800061656084353, 33.791401163920526 ], [ 130.800168844142604, 33.791183814758526 ], [ 130.800283582377006, 33.79093026752556 ], [ 130.800305727878822, 33.790785898885183 ], [ 130.800349575776437, 33.790650301911242 ], [ 130.800417479500823, 33.790509949575224 ], [ 130.800845715895264, 33.789967117521535 ], [ 130.800879307279388, 33.789869963188828 ], [ 130.800828219775724, 33.789690253310134 ], [ 130.800707631119366, 33.789540581840292 ], [ 130.800587997099996, 33.789451630760603 ], [ 130.800380632267775, 33.789269131486321 ], [ 130.800306947223703, 33.789193217127831 ], [ 130.800227114214266, 33.789076858705876 ], [ 130.800181622937316, 33.788903924648835 ], [ 130.800014284313647, 33.788506925268067 ], [ 130.799967397451866, 33.788426260148697 ], [ 130.799914272377038, 33.788289376580018 ], [ 130.79986836021456, 33.788098403939216 ], [ 130.799875553451756, 33.788035159659564 ], [ 130.799988437635619, 33.787688633629493 ], [ 130.799989099642517, 33.787494917284469 ], [ 130.799925522936547, 33.787390699907647 ], [ 130.799493482375993, 33.787218399856656 ], [ 130.799464309466174, 33.787175244139362 ], [ 130.799525633689569, 33.786709159461921 ], [ 130.799504784313399, 33.78638889971721 ], [ 130.799471091208829, 33.786257965273869 ], [ 130.799310073129959, 33.785938886064315 ], [ 130.799286747853586, 33.785848542534112 ], [ 130.799292857735452, 33.785778675030386 ], [ 130.799633984184652, 33.7848502566967 ], [ 130.799676304073586, 33.784663515620359 ], [ 130.799666962820226, 33.784273538812329 ], [ 130.799683733229386, 33.784208196907208 ], [ 130.799746663359997, 33.784118557184748 ], [ 130.800115515745233, 33.783886844568741 ], [ 130.800148367523491, 33.783835337991619 ], [ 130.800138806223856, 33.783720362650598 ], [ 130.800143185871292, 33.783560327749477 ], [ 130.800196739172321, 33.783330637122546 ], [ 130.800202964251639, 33.783247382923591 ], [ 130.800004871445879, 33.782348795967074 ], [ 130.799988196481593, 33.782136744237739 ], [ 130.800026546293765, 33.782078337649537 ], [ 130.800435564996718, 33.781619445680228 ], [ 130.800529047741293, 33.781430818440704 ], [ 130.800586651219987, 33.780817934822096 ], [ 130.800602383436797, 33.780599449190802 ], [ 130.800641978836325, 33.780421719751189 ], [ 130.800738476255134, 33.78020604787524 ], [ 130.800874872529391, 33.780044815707157 ], [ 130.801303710325953, 33.779745998522024 ], [ 130.801325683756716, 33.779709968293155 ], [ 130.801140807318461, 33.779350279163111 ], [ 130.80110927309596, 33.779271048134689 ], [ 130.801112335778271, 33.778457317772805 ], [ 130.801075076225516, 33.778409780597777 ], [ 130.800736841700171, 33.778290047890167 ], [ 130.800436601655633, 33.778136702042801 ], [ 130.800354114416621, 33.778041472939115 ], [ 130.800281002665429, 33.777813263083168 ], [ 130.800268353965066, 33.77773871587209 ], [ 130.80018317907755, 33.777638977107607 ], [ 130.799982419122273, 33.777511292545547 ], [ 130.799756687629696, 33.777457666752262 ], [ 130.799579012722376, 33.77743370843082 ], [ 130.799474225888673, 33.777405927075328 ], [ 130.799330218613818, 33.77734095523391 ], [ 130.799404972057602, 33.77711679334751 ], [ 130.799232121116773, 33.776958442426952 ], [ 130.799020523714546, 33.777202101660897 ], [ 130.798851123460707, 33.777372998635599 ], [ 130.798582196906835, 33.777593244797643 ], [ 130.798355173156978, 33.777740516046649 ], [ 130.798113514427911, 33.777851626545242 ], [ 130.79777120531881, 33.777951864707987 ], [ 130.797585979460109, 33.778026156753839 ], [ 130.797131093264028, 33.778260260374189 ], [ 130.796761714498331, 33.778469286574563 ], [ 130.79654957065884, 33.77865286267221 ], [ 130.796366864304076, 33.778908189181259 ], [ 130.796199828876468, 33.779260261082541 ], [ 130.796047805895057, 33.77964835385518 ], [ 130.795878329665413, 33.779819171944489 ], [ 130.79566537491354, 33.779942235361631 ], [ 130.794780940140413, 33.780180760257288 ], [ 130.7944237896549, 33.78024468982607 ], [ 130.794108990947223, 33.780235924587018 ], [ 130.79380776912086, 33.780202670270029 ], [ 130.793334927482277, 33.7801590522255 ], [ 130.792529442336019, 33.779889601694826 ], [ 130.792041716965713, 33.779809817801578 ], [ 130.791826199213233, 33.779751837451656 ], [ 130.791018442509056, 33.779300851334646 ], [ 130.790859767220894, 33.779205978135685 ], [ 130.790659011617578, 33.779183943160461 ], [ 130.789815153781092, 33.779228648203919 ], [ 130.789629136544846, 33.779242423470897 ], [ 130.789316767689598, 33.779414889910981 ], [ 130.789132246613974, 33.77954968076552 ], [ 130.788791034068623, 33.779847697967377 ], [ 130.788015136883899, 33.780563523964247 ], [ 130.787664573161493, 33.781110451991246 ], [ 130.787299118465683, 33.781621644622305 ], [ 130.787059284878666, 33.78199019895451 ], [ 130.786990653922658, 33.782095671192025 ], [ 130.786625317586811, 33.782606646651864 ], [ 130.786302108413963, 33.783044859440942 ], [ 130.785963862524966, 33.783446979558775 ], [ 130.785469482347565, 33.783935187187794 ], [ 130.784619564776932, 33.784608024024756 ], [ 130.78432402669165, 33.784997461080394 ], [ 130.784141442559303, 33.785253120679954 ], [ 130.783956274891182, 33.785327179112493 ], [ 130.783570507972058, 33.785379541390931 ], [ 130.783166582268507, 33.785474273232971 ], [ 130.782157943659911, 33.785732055499579 ], [ 130.781701325198867, 33.785845353069888 ], [ 130.781373284869375, 33.78592098283935 ], [ 130.780958482619127, 33.785961310941076 ], [ 130.779370710536455, 33.786061938604206 ], [ 130.778970331099146, 33.786078122274709 ], [ 130.7785538961067, 33.785997699960802 ], [ 130.778165720790923, 33.78586879964363 ], [ 130.777750460328832, 33.785848744129666 ], [ 130.775303738155856, 33.785957831592299 ], [ 130.774910880193943, 33.785904211447708 ], [ 130.774804685964114, 33.785889716880014 ], [ 130.774662439643663, 33.785870295899485 ], [ 130.77463030863251, 33.785865936712327 ], [ 130.774213691247866, 33.785809104013005 ], [ 130.773984457406129, 33.785777825774872 ], [ 130.773930065421268, 33.785874719508833 ], [ 130.773932352145465, 33.785992148984079 ], [ 130.773745826042671, 33.786041602882406 ], [ 130.772759865376202, 33.78622883682273 ], [ 130.772470647967225, 33.786246408073289 ], [ 130.771785438418817, 33.786182877738682 ], [ 130.771411011971367, 33.786065964219951 ], [ 130.771047072659229, 33.786011761548941 ], [ 130.770672139514375, 33.786038254895054 ], [ 130.770350711790201, 33.786073724637269 ], [ 130.770147232635594, 33.786073490830617 ], [ 130.769984747579002, 33.786043039226676 ], [ 130.769788039459087, 33.785947443755653 ], [ 130.769286683564843, 33.785708281396694 ], [ 130.768778674004238, 33.785426422393932 ], [ 130.768522344262777, 33.785228855176697 ], [ 130.768276871212919, 33.784986509233228 ], [ 130.768202520487193, 33.784816044301785 ], [ 130.768117785239184, 33.784546949050153 ], [ 130.768065353297516, 33.78423304208043 ], [ 130.768022774483029, 33.784161326481538 ], [ 130.767926836077748, 33.784035622433251 ], [ 130.767756131826218, 33.783856104201924 ], [ 130.76743580480931, 33.783586776975454 ], [ 130.767275725754843, 33.783425171098507 ], [ 130.767083734506912, 33.783209755623247 ], [ 130.766764299878076, 33.782689382210449 ], [ 130.766647728703902, 33.78234851774755 ], [ 130.76662719070211, 33.782097430873165 ], [ 130.766617830009181, 33.781720841438691 ], [ 130.766566363262683, 33.781137929882689 ], [ 130.766576176820706, 33.781033694227794 ], [ 130.766646286984866, 33.780787925099524 ], [ 130.766781785034823, 33.780412171541663 ], [ 130.767011593320774, 33.779973062604917 ], [ 130.767249838735637, 33.779626526453569 ], [ 130.767402010315664, 33.779306808279578 ], [ 130.767625899890106, 33.778964755851419 ], [ 130.767851197660747, 33.778718360251624 ], [ 130.768300600496502, 33.778306496845666 ], [ 130.768418936125897, 33.778154216041678 ], [ 130.768473036763936, 33.778001813892033 ], [ 130.768473572206204, 33.77784938316892 ], [ 130.768388984705553, 33.777544424019119 ], [ 130.768218667810459, 33.777257272308717 ], [ 130.76797370877054, 33.776880445957829 ], [ 130.767813780893789, 33.776682977805145 ], [ 130.767621831570125, 33.776458614129673 ], [ 130.7674830740944, 33.776332900285283 ], [ 130.767354727408247, 33.776287925081036 ], [ 130.767119366075434, 33.776224857499898 ], [ 130.766980423130661, 33.776153030527766 ], [ 130.766691918803019, 33.775973351114544 ], [ 130.766446360615987, 33.775766846783512 ], [ 130.766136690736261, 33.775524367572601 ], [ 130.765933914844197, 33.77533583592669 ], [ 130.765656034855596, 33.775183084321824 ], [ 130.764993051611242, 33.774922314960079 ], [ 130.76455798813447, 33.774728084980488 ], [ 130.764127068711076, 33.774535701827467 ], [ 130.762994169524205, 33.773933654578116 ], [ 130.762630572553604, 33.77379869288221 ], [ 130.761972457963822, 33.77344642037604 ], [ 130.761469337697008, 33.773217145253 ], [ 130.761052097957645, 33.773044391978395 ], [ 130.760592808198851, 33.772941290403793 ], [ 130.760383679741693, 33.773007465052316 ], [ 130.760128840619387, 33.773088103552396 ], [ 130.759974428111718, 33.772971014831839 ], [ 130.759901567937789, 33.772805898962361 ], [ 130.759839214300683, 33.772623405125564 ], [ 130.759863371945841, 33.772421995369868 ], [ 130.760032675172226, 33.772203884024854 ], [ 130.760272703886955, 33.772061076853213 ], [ 130.760321912774373, 33.771927472241494 ], [ 130.760270082749116, 33.771805649635716 ], [ 130.760159387268857, 33.771710691865245 ], [ 130.760052415771668, 33.771656737240434 ], [ 130.759947467860826, 33.7715121305868 ], [ 130.759937294400629, 33.771500417376359 ], [ 130.759799195900001, 33.771341306680192 ], [ 130.759404240521036, 33.770910075529422 ], [ 130.759036542122459, 33.770679226766468 ], [ 130.759081274959783, 33.77080886790182 ], [ 130.759036542122431, 33.770679226766461 ], [ 130.758990322910989, 33.77064779381093 ], [ 130.758864253681168, 33.77056217068543 ], [ 130.758724058728149, 33.770430312327996 ], [ 130.758583753651862, 33.77033043567306 ], [ 130.758355393888678, 33.770244971101945 ], [ 130.758323852151136, 33.770198204428752 ], [ 130.758218338683662, 33.770106565126163 ], [ 130.758008132247596, 33.770007395330865 ], [ 130.757870998733551, 33.769926825650145 ], [ 130.757367781428798, 33.769757556975115 ], [ 130.756946714305485, 33.769680229460974 ], [ 130.756603528379628, 33.769599251675857 ], [ 130.756292330672238, 33.769533621153627 ], [ 130.755926896504434, 33.769483661621443 ], [ 130.755849875489105, 33.769466322524302 ], [ 130.75583921261574, 33.769463907027813 ], [ 130.755537218715006, 33.769446968652993 ], [ 130.755051685070185, 33.769439388927189 ], [ 130.754884686946184, 33.769415034077845 ], [ 130.754829984315137, 33.769386961662036 ], [ 130.754677289454605, 33.769248663818985 ], [ 130.754335522614127, 33.76901926346217 ], [ 130.754005723855698, 33.768823419225463 ], [ 130.753960145777853, 33.768804236302337 ], [ 130.753872680569543, 33.768767361415833 ], [ 130.753855190443062, 33.768765899353156 ], [ 130.753804326368964, 33.768708450616948 ], [ 130.753432014112235, 33.768654515546146 ], [ 130.753342350282878, 33.768674172228451 ], [ 130.753334179017372, 33.768675916681666 ], [ 130.753293318813093, 33.76866363238576 ], [ 130.75304168072401, 33.768587983428056 ], [ 130.752955618805998, 33.768760673153871 ], [ 130.752786397685128, 33.769063794154818 ], [ 130.752784171182725, 33.769068368366817 ], [ 130.752629095475953, 33.769387229563172 ], [ 130.752627101662569, 33.769391310049706 ], [ 130.752485961515873, 33.769681243258809 ], [ 130.75248458216268, 33.769684059236525 ], [ 130.752384778226656, 33.769765782800434 ], [ 130.752358288664198, 33.769775097849546 ], [ 130.75187406044634, 33.769884295680384 ], [ 130.751725791991134, 33.769916893438072 ], [ 130.751259692902948, 33.770049865163806 ], [ 130.750607753597535, 33.770227753157428 ], [ 130.749919260954471, 33.770415567949513 ], [ 130.749864177766852, 33.770428440178627 ], [ 130.749267875715532, 33.770567807249243 ], [ 130.749169119147524, 33.770658266852386 ], [ 130.749083320173838, 33.770736842139698 ], [ 130.749004794528332, 33.770809029456373 ], [ 130.748978767376258, 33.770832925070785 ], [ 130.748957114345956, 33.770853658905075 ], [ 130.748810771589177, 33.771020592232354 ], [ 130.748789035455019, 33.771004835947153 ], [ 130.748572718433792, 33.770848369597118 ], [ 130.748421782153031, 33.770739164041956 ], [ 130.748338473116945, 33.770853246506782 ], [ 130.748279304335256, 33.770940826883233 ], [ 130.748278835745083, 33.770941529235181 ], [ 130.748201003418785, 33.770978350991498 ], [ 130.748152229286148, 33.771000229683381 ], [ 130.748135041528627, 33.771007945344088 ], [ 130.748118953857073, 33.771014885644661 ], [ 130.748083167306532, 33.771030380667341 ], [ 130.747990182137187, 33.771078228942429 ], [ 130.747983676932961, 33.771081596833824 ], [ 130.747909049768538, 33.771132798128882 ], [ 130.74788614288147, 33.77114930552294 ], [ 130.747827905999088, 33.771191239270721 ], [ 130.747760807748818, 33.771241608889149 ], [ 130.747713196845012, 33.771276661075355 ], [ 130.747680731394155, 33.771302726099854 ], [ 130.747659070115446, 33.771326140826147 ], [ 130.747641289601091, 33.771363720939583 ], [ 130.747630070652946, 33.771407508848114 ], [ 130.747629685901671, 33.771409058859014 ], [ 130.747618694595815, 33.771475745405716 ], [ 130.747610964481595, 33.771537928193446 ], [ 130.747604492138009, 33.771573556869683 ], [ 130.747603400326852, 33.77157961364081 ], [ 130.747603269774288, 33.771580316680549 ], [ 130.747592420624017, 33.771598327375926 ], [ 130.747591406031745, 33.771599380266935 ], [ 130.747577952102603, 33.771613512517618 ], [ 130.747571839923694, 33.771619912360201 ], [ 130.747566726659954, 33.771623633091451 ], [ 130.747547164939533, 33.771637923488051 ], [ 130.747536149164404, 33.771645972540803 ], [ 130.74753194031706, 33.771648683630502 ], [ 130.747529586663717, 33.771650199635111 ], [ 130.747518708404243, 33.771657191531425 ], [ 130.747504354125596, 33.771666423561847 ], [ 130.747501138238761, 33.771668493628745 ], [ 130.747498422134669, 33.771670240852643 ], [ 130.747498347537402, 33.771670286652068 ], [ 130.747498285024136, 33.77167025625716 ], [ 130.747498075774047, 33.771670152921189 ], [ 130.74743252163185, 33.771637662787995 ], [ 130.747419381656272, 33.771631173888146 ], [ 130.747417429319398, 33.771630208226782 ], [ 130.747407439614278, 33.771625273518261 ], [ 130.74739325701816, 33.771618267667286 ], [ 130.747383602906552, 33.771613498186298 ], [ 130.747377538285662, 33.771610501444641 ], [ 130.747370465702659, 33.771607979496814 ], [ 130.747349276934557, 33.771600419213229 ], [ 130.7473419469693, 33.771597804010263 ], [ 130.747334758985545, 33.771597789346679 ], [ 130.747328465216526, 33.771597776506937 ], [ 130.747317570887532, 33.771597754281018 ], [ 130.747306318740812, 33.771597731324064 ], [ 130.747288178020199, 33.771605159917726 ], [ 130.747260565137879, 33.771616468178998 ], [ 130.747248321333501, 33.77162148217505 ], [ 130.747232906733132, 33.771627792300194 ], [ 130.747225247592468, 33.771630928336791 ], [ 130.747181034298563, 33.771651577906589 ], [ 130.747173352746643, 33.771655165154421 ], [ 130.747167678067314, 33.771657519384952 ], [ 130.747022204612051, 33.771717893724883 ], [ 130.747008521624281, 33.771723571466296 ], [ 130.747004840757711, 33.771725100433521 ], [ 130.747004722002117, 33.771725148618891 ], [ 130.747003012162395, 33.771725760380981 ], [ 130.74700293761066, 33.771725790496149 ], [ 130.747002446837712, 33.771725961192644 ], [ 130.746994762430205, 33.77172871854448 ], [ 130.746991136247829, 33.771730025845088 ], [ 130.746991010995998, 33.771730042098731 ], [ 130.746887356161636, 33.771767027907416 ], [ 130.746881496404768, 33.771769120345397 ], [ 130.746878200750899, 33.771770295141302 ], [ 130.746842744724006, 33.771782946560286 ], [ 130.746811261159166, 33.771794179667239 ], [ 130.746806293074684, 33.771796241455704 ], [ 130.746804662778402, 33.771796917764732 ], [ 130.746779974756919, 33.771807164279004 ], [ 130.746747872210761, 33.771820486209194 ], [ 130.746732568781141, 33.771826838596567 ], [ 130.74667756220407, 33.771849665526155 ], [ 130.746667485492964, 33.771853846587625 ], [ 130.746665289109245, 33.77185475782295 ], [ 130.746661269104521, 33.771856428618115 ], [ 130.746658319918765, 33.771857652544654 ], [ 130.746657399314785, 33.77185803478298 ], [ 130.746657473605808, 33.771858842800846 ], [ 130.746655601663122, 33.771858777336057 ], [ 130.746653607344001, 33.771859545351688 ], [ 130.746585620492169, 33.771885685561621 ], [ 130.746583806936911, 33.771886382955024 ], [ 130.746576350634484, 33.771888647112149 ], [ 130.746576198934974, 33.771888693578717 ], [ 130.746556707675467, 33.771894612804282 ], [ 130.746556677998598, 33.771894620723167 ], [ 130.746523886083537, 33.771904579844261 ], [ 130.746517736357504, 33.771906449067629 ], [ 130.746464448667183, 33.771922628007111 ], [ 130.746447875278903, 33.771927661399246 ], [ 130.74643755457646, 33.771930996104139 ], [ 130.746366921699462, 33.771953815386233 ], [ 130.746357391857259, 33.77195689112866 ], [ 130.746357362827951, 33.771956902901039 ], [ 130.746353405583619, 33.771958179512062 ], [ 130.746351188015922, 33.771958897261761 ], [ 130.746325051171965, 33.771967339801655 ], [ 130.746323177912643, 33.771967946541636 ], [ 130.74631440000411, 33.771970780580659 ], [ 130.746311140933727, 33.771971834366148 ], [ 130.746309993232899, 33.77197220595577 ], [ 130.746304723711631, 33.771973909124554 ], [ 130.746303488289755, 33.771974307224788 ], [ 130.74630344673767, 33.771974319796989 ], [ 130.746289245132687, 33.771978848156905 ], [ 130.746180920153591, 33.771995671995775 ], [ 130.746081873003959, 33.772005472351168 ], [ 130.745946882014948, 33.772016915886347 ], [ 130.74579135875905, 33.772034629542581 ], [ 130.745675304601491, 33.772046281971491 ], [ 130.745549465873893, 33.772051264154285 ], [ 130.745498730688439, 33.772048455092843 ], [ 130.745465274339068, 33.772043878135854 ], [ 130.745462835898479, 33.772043290338196 ], [ 130.745494949957532, 33.771974697391499 ], [ 130.745239898547823, 33.772046936192233 ], [ 130.745019924990373, 33.772109246595953 ], [ 130.745003689238786, 33.77212308941219 ], [ 130.744851789272161, 33.77221244631022 ], [ 130.744707717252453, 33.772242369776109 ], [ 130.744308550537056, 33.772209071767101 ], [ 130.743932907975505, 33.772279229797242 ], [ 130.743608087890777, 33.772205793161376 ], [ 130.743469147882308, 33.772133939739916 ], [ 130.743435564409708, 33.772121822630119 ], [ 130.743169736099873, 33.772025898673711 ], [ 130.74299837820476, 33.77203462918056 ], [ 130.742990335271458, 33.772037571817457 ], [ 130.742845166434847, 33.772091392183761 ], [ 130.742805366083985, 33.772106145794893 ], [ 130.742612758581316, 33.772070031716503 ], [ 130.742538044668947, 33.77200711333267 ], [ 130.74232416223532, 33.771935105296841 ], [ 130.741275325901853, 33.771790272038956 ], [ 130.741119728084641, 33.771725353462486 ], [ 130.741026089223737, 33.771624641263863 ], [ 130.740759087386522, 33.771289980516251 ], [ 130.740628632457856, 33.771127980353675 ], [ 130.740593493676329, 33.771084343152488 ], [ 130.740568327562755, 33.771061163386804 ], [ 130.740515973303104, 33.771012952466933 ], [ 130.740446909927101, 33.771001987977854 ], [ 130.740401935576898, 33.771001136481999 ], [ 130.740340030133126, 33.770999959732364 ], [ 130.740296915004109, 33.770976427775096 ], [ 130.740249100194319, 33.770912985524582 ], [ 130.74018937936691, 33.770833745110117 ], [ 130.740135611688345, 33.770762400993092 ], [ 130.740108704827009, 33.770734395612159 ], [ 130.740002963029127, 33.770713433080651 ], [ 130.739852855404223, 33.770725741867039 ], [ 130.739762451945694, 33.770733135583988 ], [ 130.739666953435091, 33.770740948597307 ], [ 130.739637954602784, 33.770743323065581 ], [ 130.739460708543987, 33.770804260810799 ], [ 130.739312708426723, 33.770833703340536 ], [ 130.739232824494081, 33.770830830367728 ], [ 130.738972952229346, 33.770723890560916 ], [ 130.73881630423125, 33.770756921041858 ], [ 130.738709361333747, 33.770776533272262 ], [ 130.738552259595764, 33.77078718632194 ], [ 130.738329263116128, 33.770801912362174 ], [ 130.738302706250778, 33.770803664039043 ], [ 130.738035213399939, 33.770823344942784 ], [ 130.737918373290483, 33.771032669969948 ], [ 130.737898759654826, 33.771052303915049 ], [ 130.737828956045746, 33.771164684255908 ], [ 130.737814166506553, 33.771188490438945 ], [ 130.737645763945238, 33.771180921637139 ], [ 130.73756260953428, 33.771187957619581 ], [ 130.737406003999524, 33.77120656285723 ], [ 130.737313190719533, 33.771194641815121 ], [ 130.737240917656322, 33.771173750934935 ], [ 130.73715035432366, 33.77113208446184 ], [ 130.737030793424083, 33.771117251122647 ], [ 130.736906700785454, 33.771124742340213 ], [ 130.736866408308856, 33.771131481479728 ], [ 130.736749389549885, 33.771208445420434 ], [ 130.736639182802463, 33.771280923522575 ], [ 130.736554845356437, 33.771336392360475 ], [ 130.736460912640496, 33.771364830389246 ], [ 130.736386264544052, 33.77138742707109 ], [ 130.736319829932, 33.771393554557676 ], [ 130.736262069747283, 33.771398883813802 ], [ 130.73614312175431, 33.771459940844998 ], [ 130.736047321394295, 33.771521995842193 ], [ 130.735942724261747, 33.771558622547872 ], [ 130.735801559548889, 33.771588146646017 ], [ 130.735708318386116, 33.771593475879413 ], [ 130.735619066644176, 33.771598576923608 ], [ 130.735537888310716, 33.771583087471939 ], [ 130.735451818056589, 33.771566662436221 ], [ 130.735357516708888, 33.771521600032365 ], [ 130.735194661345446, 33.771443772397042 ], [ 130.735092713883063, 33.771402602101126 ], [ 130.734956629714361, 33.771354251966976 ], [ 130.734904061579186, 33.771335573767715 ], [ 130.734738763835423, 33.771371285427122 ], [ 130.734720470210249, 33.771373410096238 ], [ 130.734678064914078, 33.771415872983148 ], [ 130.734586637910411, 33.771571700384953 ], [ 130.734538482424483, 33.771837512103907 ], [ 130.734446624929603, 33.771988899312163 ], [ 130.734412677073777, 33.772077303205521 ], [ 130.734298507895915, 33.772215696807912 ], [ 130.734235020129915, 33.772276350621681 ], [ 130.734178562029086, 33.772288424995644 ], [ 130.73410808497195, 33.772297452418435 ], [ 130.733674874519295, 33.772316709366329 ], [ 130.733654874933137, 33.77231765472348 ], [ 130.732891917780819, 33.772353773630584 ], [ 130.732837254830059, 33.772356360520469 ], [ 130.732770468862242, 33.772359522171797 ], [ 130.732700982664397, 33.772362811134975 ], [ 130.732688578889139, 33.77236339741367 ], [ 130.732674628258053, 33.772364059597493 ], [ 130.732669080060305, 33.772370328363714 ], [ 130.732656770875252, 33.77238423191001 ], [ 130.732642457319457, 33.772400401726415 ], [ 130.732453986123573, 33.772613312633155 ], [ 130.732330627101277, 33.772751544286201 ], [ 130.732131763915817, 33.772974381277933 ], [ 130.731965952117974, 33.773153714441662 ], [ 130.731813214438262, 33.773356700657423 ], [ 130.731782899867255, 33.773383684040098 ], [ 130.731771114862482, 33.773387322823417 ], [ 130.731490026005474, 33.773474112465216 ], [ 130.731433537930002, 33.773518011226336 ], [ 130.731363484874322, 33.773585375638909 ], [ 130.731287824338324, 33.773669101331315 ], [ 130.731247515005379, 33.773687273804079 ], [ 130.731162195698687, 33.773695205136399 ], [ 130.730991594978633, 33.773698439096734 ], [ 130.730934335780972, 33.773710035798182 ], [ 130.730860450278101, 33.773735447974637 ], [ 130.730731137787103, 33.773779923561733 ], [ 130.730588775009409, 33.773857527812694 ], [ 130.730584923938011, 33.773859627133611 ], [ 130.730482299342754, 33.77395752305209 ], [ 130.730386123779169, 33.774172512183689 ], [ 130.73037704721591, 33.774182760167925 ], [ 130.730347651023038, 33.774215955996844 ], [ 130.730231658614969, 33.774287694744011 ], [ 130.729955949330275, 33.774316605742946 ], [ 130.729845522178039, 33.774340671018557 ], [ 130.72971127219742, 33.774356363979486 ], [ 130.72963725647071, 33.774524274956271 ], [ 130.729528966407742, 33.774492129523722 ], [ 130.729347197474539, 33.774496240330571 ], [ 130.729241381672324, 33.77456264220703 ], [ 130.729096864139819, 33.774564019273569 ], [ 130.728837667510277, 33.774437997561868 ], [ 130.728591623641194, 33.774442174716512 ], [ 130.728465647372673, 33.7744150648548 ], [ 130.728275717388726, 33.774338360869791 ], [ 130.728150860894516, 33.774216152460326 ], [ 130.727988901073303, 33.774150993704055 ], [ 130.727722803851094, 33.774228667813311 ], [ 130.72766358992817, 33.774248962952605 ], [ 130.72730397205433, 33.774372217708461 ], [ 130.726911426575469, 33.774559288348406 ], [ 130.726724685185701, 33.774638423245285 ], [ 130.726531927882945, 33.774720105752742 ], [ 130.726044388956296, 33.774877094740603 ], [ 130.725881483301919, 33.774904208328202 ], [ 130.725635619355785, 33.774951067345235 ], [ 130.725320108205551, 33.775102236455538 ], [ 130.725207972930178, 33.775172848404253 ], [ 130.725102333536711, 33.775220221792637 ], [ 130.725056513735382, 33.775240771818162 ], [ 130.724885107670985, 33.775268846352809 ], [ 130.724520918973241, 33.775208512971261 ], [ 130.724510929164836, 33.775206874189315 ], [ 130.724392475106868, 33.775201183503327 ], [ 130.723825132877096, 33.775117481294501 ], [ 130.723773435151116, 33.775109851394447 ], [ 130.723731657402254, 33.775104054971941 ], [ 130.723626510871384, 33.775031757712348 ], [ 130.723484045988471, 33.774858231403293 ], [ 130.723446904388851, 33.774747836559833 ], [ 130.722698374009923, 33.774641065825726 ], [ 130.722676959088801, 33.774637988375147 ], [ 130.722553959417297, 33.774617145483781 ], [ 130.722296261924441, 33.774573592964579 ], [ 130.721950380082774, 33.774529211240193 ], [ 130.721891540539673, 33.774544433143603 ], [ 130.721835970850179, 33.774565511390207 ], [ 130.721703632166424, 33.774576978564781 ], [ 130.721450699862459, 33.774507513988382 ], [ 130.720913973083555, 33.774320480721769 ], [ 130.72054463580767, 33.774200176970496 ], [ 130.720395440962392, 33.773919275337342 ], [ 130.719952600226264, 33.774698950994932 ], [ 130.719216376206276, 33.776154600231251 ], [ 130.719180325027537, 33.776225880266878 ] ] ] ] } }
]
}
