{
"type": "FeatureCollection",
"name": "北九州市北部",
"crs": { "type": "name", "properties": { "name": "urn:ogc:def:crs:EPSG::4612" } },
"features": [
{ "type": "Feature", "properties": { "KEY_CODE": "401030001101", "PREF": "40", "CITY": "103", "K_AREA": "056003070", "S_AREA": "0001101", "PREF_NAME": "福岡県", "CITY_NAME": "北九州市若松区", "S_NAME": "浜町三丁目", "KIGO_E": null, "HCODE": 8101, "AREA": 4329.209, "PERIMETER": 294.878, "KIHON1": "0560", "DUMMY1": "-", "KIHON2": "03", "KIHON3": "070", "C1": 2, "C2": 1, "DUMMY2": "-", "C3": 1, "DUMMY3": "-", "C4": 1, "KIGO_A": null, "KIGO_D": null, "N_KEN": null, "N_CITY": null, "N_C1": 0, "KIGO_I": null, "KEYCODE1": "1030001-1-01", "JINKO": 34, "SETAI": 17, "KEN_OLD": "40", "CITY_OLD": "103", "X_CODE": 130.810935, "Y_CODE": 33.908939, "KCODE1": "0560-03070", "CCODE1": "1-1- 1", "layer": "出力レイヤ", "path": "MultiPolygon?crs=EPSG:4612&field=KEY_CODE:string(12,0)&field=PREF:string(2,0)&field=CITY:string(3,0)&field=K_AREA:string(9,0)&field=S_AREA:string(7,0)&field=PREF_NAME:string(12,0)&field=CITY_NAME:string(16,0)&field=S_NAME:string(96,0)&field=KIGO_E:string(3,0)&field=HCODE:integer(4,0)&field=AREA:double(14,3)&field=PERIMETER:double(14,3)&field=KIHON1:string(4,0)&field=DUMMY1:string(1,0)&field=KIHON2:string(2,0)&field=KIHON3:string(3,0)&field=C1:integer(3,0)&field=C2:integer(4,0)&field=DUMMY2:string(1,0)&field=C3:integer(1,0)&field=DUMMY3:string(1,0)&field=C4:integer(2,0)&field=KIGO_A:string(2,0)&field=KIGO_D:string(2,0)&field=N_KEN:string(2,0)&field=N_CITY:string(3,0)&field=N_C1:integer(3,0)&field=KIGO_I:string(1,0)&field=KEYCODE1:string(12,0)&field=JINKO:integer(4,0)&field=SETAI:integer(4,0)&field=KEN_OLD:string(2,0)&field=CITY_OLD:string(3,0)&field=X_CODE:double(14,6)&field=Y_CODE:double(14,6)&field=KCODE1:string(10,0)&field=CCODE1:string(9,0)&uid={83e7eb34-7150-4141-85ea-ebb213e38aca}" }, "geometry": { "type": "MultiPolygon", "coordinates": [ [ [ [ 130.847381022969103, 33.860969845569791 ], [ 130.847274386840468, 33.86109051859065 ], [ 130.847036550426679, 33.861386985487762 ], [ 130.847001391357992, 33.861565156227954 ], [ 130.847019879967803, 33.86162582476549 ], [ 130.847327831703439, 33.861695521772461 ], [ 130.847423590171132, 33.861827715535043 ], [ 130.847485777415983, 33.861939934653321 ], [ 130.847509607117473, 33.862036044152873 ], [ 130.847523421003586, 33.862363044899674 ], [ 130.847499288864412, 33.862436413155137 ], [ 130.847408011134604, 33.862484340709962 ], [ 130.847235223961803, 33.862488140706176 ], [ 130.847148763413287, 33.862528043863342 ], [ 130.847105466378679, 33.86258807500424 ], [ 130.847095624647693, 33.862720208095737 ], [ 130.847057140532883, 33.862780176961905 ], [ 130.846989853643834, 33.862828132383875 ], [ 130.846855399741884, 33.862868046032133 ], [ 130.846874375745841, 33.862992185348773 ], [ 130.846802070341624, 33.863160235547667 ], [ 130.846662808115582, 33.863297280049842 ], [ 130.846746656244534, 33.863343734260781 ], [ 130.846576732661248, 33.863556885207188 ], [ 130.846300732671722, 33.863722920808193 ], [ 130.846237974315017, 33.863881474237878 ], [ 130.846215200692086, 33.864043739993228 ], [ 130.846212365659653, 33.864141154152705 ], [ 130.845845804897834, 33.864335040665104 ], [ 130.845996271033442, 33.864571414146361 ], [ 130.846023430702587, 33.864605894527095 ], [ 130.846097518647667, 33.864756305590674 ], [ 130.845742720681159, 33.865157088199403 ], [ 130.845509812722469, 33.865327543798834 ], [ 130.845502086445237, 33.86544439325165 ], [ 130.845572453797814, 33.865714479450034 ], [ 130.845683552427374, 33.865781255400776 ], [ 130.845709046270628, 33.865831652687007 ], [ 130.845790389774351, 33.865992427727754 ], [ 130.845859319320027, 33.866088877463575 ], [ 130.845962467503313, 33.866233197836237 ], [ 130.846062994401024, 33.866373850851147 ], [ 130.846281058036851, 33.866723085001908 ], [ 130.84662583035356, 33.867141648692581 ], [ 130.846548831633129, 33.86734695556418 ], [ 130.846534237068568, 33.867385891303982 ], [ 130.846510724122425, 33.867448623029198 ], [ 130.846465950404621, 33.867670666602201 ], [ 130.846357049542462, 33.867900869274045 ], [ 130.846351894161501, 33.868032516045545 ], [ 130.846204860546493, 33.868330644517528 ], [ 130.846144030041216, 33.868460037916194 ], [ 130.846015451251645, 33.868661406111904 ], [ 130.846116015469732, 33.868806358169728 ], [ 130.846001450493901, 33.868944698299536 ], [ 130.846008624891653, 33.869104747309876 ], [ 130.846290663245696, 33.869323746746062 ], [ 130.846349258813177, 33.869351925669115 ], [ 130.846540453867959, 33.869443949280047 ], [ 130.847146157297061, 33.869663562027299 ], [ 130.847208469958076, 33.869685617430164 ], [ 130.847264072190654, 33.869705338832468 ], [ 130.847751218997217, 33.869830903893948 ], [ 130.848442893414699, 33.870015604937826 ], [ 130.848084860442356, 33.870495775715277 ], [ 130.848714159830109, 33.870828135933188 ], [ 130.848084860442356, 33.870495775715291 ], [ 130.847796087014586, 33.870883051670283 ], [ 130.847650207408606, 33.871078694788878 ], [ 130.847359409459699, 33.871037198054033 ], [ 130.846995910237382, 33.87096841850034 ], [ 130.846541111586049, 33.870824998254903 ], [ 130.846356091081759, 33.870754962954955 ], [ 130.846288179921459, 33.87070578030599 ], [ 130.846018911749155, 33.870596684166955 ], [ 130.84579448075263, 33.870460382292961 ], [ 130.845086576856346, 33.870030440403895 ], [ 130.845066791751179, 33.870015884963408 ], [ 130.845009655408546, 33.869973850951816 ], [ 130.844870679698772, 33.869875622872456 ], [ 130.84469543174913, 33.869727195138843 ], [ 130.844506499538767, 33.869459565151075 ], [ 130.844293837571826, 33.869158375581897 ], [ 130.84420570276302, 33.869058097438369 ], [ 130.844109964774191, 33.868982886270722 ], [ 130.843966584491568, 33.868951006749548 ], [ 130.843813205089504, 33.868962082276013 ], [ 130.843684504670335, 33.868995307761338 ], [ 130.843462848653104, 33.869095051057542 ], [ 130.84326820085397, 33.86920130806925 ], [ 130.843148605943213, 33.869288501450463 ], [ 130.842973319218657, 33.869433665912283 ], [ 130.842745489030108, 33.869618069267226 ], [ 130.84255462889152, 33.86973602081504 ], [ 130.842982279123333, 33.869957892080478 ], [ 130.843954412712634, 33.870462494915905 ], [ 130.842982279123333, 33.869957892080485 ], [ 130.842554628891463, 33.869736020815033 ], [ 130.842369390556058, 33.869821298093932 ], [ 130.84200244443818, 33.86993212204181 ], [ 130.842083744058641, 33.870097620649325 ], [ 130.842161062969154, 33.870195632400012 ], [ 130.842268323268769, 33.870227256914745 ], [ 130.842300510103541, 33.870271182458687 ], [ 130.842269560359625, 33.870386523166879 ], [ 130.842328244623559, 33.870412098384527 ], [ 130.842476183204894, 33.870468497752931 ], [ 130.842701788656285, 33.870571347673462 ], [ 130.843459795755905, 33.870763772664191 ], [ 130.843592175903638, 33.870780143589613 ], [ 130.843734467877482, 33.870755670051032 ], [ 130.843791020670153, 33.87075264204973 ], [ 130.844395659533831, 33.870809902286119 ], [ 130.844528894070407, 33.871013079365163 ], [ 130.844422481538544, 33.871228349989856 ], [ 130.844377769107126, 33.871633536432952 ], [ 130.844349048905798, 33.871893635379266 ], [ 130.844247976572916, 33.87195817079224 ], [ 130.844338173118473, 33.872168619776794 ], [ 130.844324436206932, 33.87229257695973 ], [ 130.844401264400858, 33.872459052667928 ], [ 130.844414345039041, 33.872487387798017 ], [ 130.844245131824124, 33.872512109275149 ], [ 130.844114266584853, 33.872432909569838 ], [ 130.843704014876408, 33.872397731467956 ], [ 130.843460259733718, 33.872858803461405 ], [ 130.843373623089974, 33.873022678784025 ], [ 130.843186261287087, 33.873377034347165 ], [ 130.843116444828723, 33.873509092022978 ], [ 130.842969175252477, 33.87356215617708 ], [ 130.841786549465297, 33.873988492207062 ], [ 130.841604319434197, 33.87404038493284 ], [ 130.840862110231882, 33.874115641687339 ], [ 130.840545087398198, 33.874162707086043 ], [ 130.840445718153546, 33.874182021316862 ], [ 130.840370861942262, 33.874212354307872 ], [ 130.840120450084072, 33.874359671544376 ], [ 130.839664504634641, 33.874187907713754 ], [ 130.839532142044561, 33.874167167067732 ], [ 130.839249344878908, 33.874177785251533 ], [ 130.838052192346993, 33.874412190147034 ], [ 130.837615322673372, 33.8749538621787 ], [ 130.836251715745277, 33.874663530984847 ], [ 130.836183597830939, 33.87461934523008 ], [ 130.835940146952936, 33.873724147837891 ], [ 130.835919503943387, 33.873160033650315 ], [ 130.83590881228659, 33.872366580287903 ], [ 130.835845349238241, 33.872146721918881 ], [ 130.835330777518664, 33.871162688366667 ], [ 130.835231064272307, 33.871022236552569 ], [ 130.835088923849469, 33.870911454644094 ], [ 130.834329658727626, 33.870599229234578 ], [ 130.834329384555133, 33.870599087984608 ], [ 130.834267310472484, 33.870815467268187 ], [ 130.834017748690229, 33.870747507943996 ], [ 130.83356200723594, 33.870754146621501 ], [ 130.833518117506316, 33.870770148672889 ], [ 130.833358673177997, 33.870884891122145 ], [ 130.833015471520724, 33.870839624914915 ], [ 130.832315116229466, 33.870747310749181 ], [ 130.831567781645674, 33.870648799478197 ], [ 130.831170857111346, 33.870596481588635 ], [ 130.831127304221155, 33.870430324449401 ], [ 130.831025585581813, 33.870325791859862 ], [ 130.830843410923478, 33.870238196168323 ], [ 130.83060067284444, 33.870223351365674 ], [ 130.8304472725506, 33.870232156298123 ], [ 130.830233063845611, 33.870165224415203 ], [ 130.830063169131392, 33.870156114311897 ], [ 130.829454050018512, 33.870283612962567 ], [ 130.828949066992266, 33.870222754675574 ], [ 130.828147709041701, 33.869733488412635 ], [ 130.828023145703554, 33.869701194176251 ], [ 130.827603187681035, 33.869720328908095 ], [ 130.827136030833145, 33.869663461472662 ], [ 130.826323771844642, 33.869597653714273 ], [ 130.826132563941229, 33.869600202266383 ], [ 130.826017084849298, 33.869622015174755 ], [ 130.825810049629837, 33.869642714382302 ], [ 130.825677776895958, 33.869628719068686 ], [ 130.825306703038308, 33.869527885868131 ], [ 130.825266442081556, 33.869818888829606 ], [ 130.825086752079528, 33.870001354339855 ], [ 130.825031921686048, 33.87008143699537 ], [ 130.824994919844585, 33.870135482217215 ], [ 130.824930972394327, 33.870167794124505 ], [ 130.824679697124594, 33.870844502988035 ], [ 130.824724116862683, 33.871055605939617 ], [ 130.824738702352846, 33.871061965223319 ], [ 130.824739820241462, 33.871062460446545 ], [ 130.824790237254206, 33.871231518201576 ], [ 130.824670954054341, 33.871347149697272 ], [ 130.824668723667486, 33.871349330153294 ], [ 130.824563905069567, 33.871436737959876 ], [ 130.824555518934062, 33.871450110122666 ], [ 130.824477076470913, 33.871575451047995 ], [ 130.824418528240813, 33.871701666158707 ], [ 130.824401140126866, 33.871822023090566 ], [ 130.824402697089852, 33.871865557716269 ], [ 130.82440713075485, 33.871989257043417 ], [ 130.824420166008565, 33.872082677305059 ], [ 130.824421547597069, 33.87208359554765 ], [ 130.824469996558889, 33.872115575122791 ], [ 130.824586858095273, 33.872312901577381 ], [ 130.824675450740301, 33.872525194607633 ], [ 130.824675286080179, 33.872543789403224 ], [ 130.824707022233582, 33.872706551928609 ], [ 130.824790239539624, 33.872977863101802 ], [ 130.824908475482658, 33.873148848951956 ], [ 130.824909896356701, 33.873150894284201 ], [ 130.824906657846014, 33.873165682045958 ], [ 130.824904078805929, 33.8731773702916 ], [ 130.824879889212013, 33.873382035232837 ], [ 130.824871875203911, 33.873486484510572 ], [ 130.824861536960697, 33.873581846477499 ], [ 130.824852821423093, 33.873652767014441 ], [ 130.824858786135991, 33.873657002463005 ], [ 130.824859902334765, 33.873658341862082 ], [ 130.824956374949949, 33.87375068574655 ], [ 130.825098313157099, 33.873873735119432 ], [ 130.825145854949227, 33.873905992743147 ], [ 130.825244872423127, 33.87393113928681 ], [ 130.825568677508784, 33.873972456402569 ], [ 130.825644609598015, 33.873982142952627 ], [ 130.825788477068443, 33.874038839927543 ], [ 130.825876403794496, 33.874129972998212 ], [ 130.826042984940074, 33.874386752374313 ], [ 130.826075429242138, 33.874535002825354 ], [ 130.825994342250198, 33.874808477121505 ], [ 130.826004015544868, 33.874889496731605 ], [ 130.826204806313399, 33.875393427100633 ], [ 130.826176303329021, 33.875592026743739 ], [ 130.826148169944105, 33.875629038290228 ], [ 130.826026115163216, 33.875771858899853 ], [ 130.825819954949992, 33.87583777833941 ], [ 130.825601289947144, 33.875974755696198 ], [ 130.825339927054529, 33.875995938051062 ], [ 130.825323276373894, 33.875997324800785 ], [ 130.82514114284109, 33.876088636703415 ], [ 130.824913713872434, 33.876251451695829 ], [ 130.824655753049939, 33.876513823439673 ], [ 130.82449029893138, 33.876650521381514 ], [ 130.824347031245054, 33.876695608620992 ], [ 130.823995176404537, 33.876788861435607 ], [ 130.823846623378557, 33.876832389711304 ], [ 130.823727537773124, 33.876883218744034 ], [ 130.823310292362947, 33.876999124863723 ], [ 130.822922599654561, 33.877085982752916 ], [ 130.822572849071577, 33.877298558061639 ], [ 130.822404409880335, 33.877462227653162 ], [ 130.822316886616477, 33.877615097193491 ], [ 130.822246634390524, 33.877736926548423 ], [ 130.822211540851697, 33.877815206032281 ], [ 130.822210280239688, 33.878046668692505 ], [ 130.82221183225937, 33.878204878062121 ], [ 130.822274811438291, 33.878357964622069 ], [ 130.822338048721861, 33.878407224172292 ], [ 130.822355155902329, 33.878516641920953 ], [ 130.822312746192296, 33.879068691590476 ], [ 130.822306384621214, 33.879153632737655 ], [ 130.82218997764258, 33.879270114266511 ], [ 130.822332116712346, 33.879685563737716 ], [ 130.822285926282404, 33.879851172409282 ], [ 130.822202650769242, 33.880005808730374 ], [ 130.822342162593117, 33.880039399287369 ], [ 130.822317640168166, 33.88012522993764 ], [ 130.822563972538092, 33.88019630765838 ], [ 130.822579883304002, 33.880450548138221 ], [ 130.822625687793703, 33.880523029957956 ], [ 130.822624577645684, 33.880569446243399 ], [ 130.8226221304391, 33.880568809856328 ], [ 130.822375403728699, 33.880503788931655 ], [ 130.822410313133418, 33.880673249030686 ], [ 130.822415266646146, 33.880697275727869 ], [ 130.822423387731021, 33.880736661852978 ], [ 130.822533655165103, 33.880838397267119 ], [ 130.82255191074853, 33.881005366821164 ], [ 130.822594511510658, 33.881156592314966 ], [ 130.822456450876672, 33.881318547068979 ], [ 130.822480088206476, 33.881496794260066 ], [ 130.822476859597742, 33.881643447694088 ], [ 130.822511710786017, 33.88172915321951 ], [ 130.822565289435488, 33.881799245825654 ], [ 130.822661653538404, 33.881952592831915 ], [ 130.822682767156863, 33.881978263576485 ], [ 130.822685985406906, 33.881989257445866 ], [ 130.822695849335645, 33.882022870565699 ], [ 130.822715495558555, 33.882145535301461 ], [ 130.822718762944731, 33.882178718445168 ], [ 130.82274755077367, 33.882470593669453 ], [ 130.822748954254138, 33.882511732205259 ], [ 130.822749800704287, 33.882521030980122 ], [ 130.822759362486778, 33.882798156409045 ], [ 130.822759007690109, 33.882806045194904 ], [ 130.822735663298971, 33.883282469273041 ], [ 130.822733104174944, 33.88329986374449 ], [ 130.822665955327977, 33.883358655778736 ], [ 130.821896119513383, 33.884409635510117 ], [ 130.821579301832031, 33.88490338481288 ], [ 130.821544753039916, 33.884987016922175 ], [ 130.821444204232023, 33.885332308479207 ], [ 130.82134355949006, 33.885666893410146 ], [ 130.82066265951741, 33.88599415290836 ], [ 130.82035317714724, 33.886130494606022 ], [ 130.819919483011034, 33.886267358342202 ], [ 130.819903753262679, 33.886266913185828 ], [ 130.81977105329716, 33.886263478270045 ], [ 130.819378156453581, 33.886438578349591 ], [ 130.818884384276231, 33.886447008278623 ], [ 130.81840677661441, 33.886439681032272 ], [ 130.81822002315468, 33.886575141916559 ], [ 130.817815616131128, 33.886868068006564 ], [ 130.817589694510161, 33.88700199114087 ], [ 130.817263312979179, 33.887153022269345 ], [ 130.816961533748753, 33.887300850063468 ], [ 130.816690784482262, 33.887433507807224 ], [ 130.816602049400473, 33.887476978374011 ], [ 130.816410234042849, 33.887439356791496 ], [ 130.816305431380698, 33.887511754610536 ], [ 130.816070328329715, 33.887652424063624 ], [ 130.815946689354291, 33.887715072065369 ], [ 130.815791202044323, 33.887790702519766 ], [ 130.815623454813704, 33.887872232454676 ], [ 130.815529206457057, 33.887955138858423 ], [ 130.815406825316501, 33.887972917233284 ], [ 130.815225949223532, 33.887973491067036 ], [ 130.81506121657489, 33.887949293982508 ], [ 130.814839639244866, 33.887886972707321 ], [ 130.814669584817523, 33.887883051660872 ], [ 130.814393532145175, 33.887741896817019 ], [ 130.814421590209832, 33.88792902850647 ], [ 130.81390064343114, 33.88790358613884 ], [ 130.813829827858456, 33.887541343835551 ], [ 130.813763503221708, 33.887202145540819 ], [ 130.813706263871381, 33.886909378899709 ], [ 130.813661534515632, 33.886641074519197 ], [ 130.813647014452897, 33.886462840221107 ], [ 130.813669847714465, 33.886196611052725 ], [ 130.813698500646865, 33.886011539458607 ], [ 130.813746253977143, 33.885860166999905 ], [ 130.814211194893289, 33.884577036511473 ], [ 130.814124516442746, 33.884548869878792 ], [ 130.81193784185831, 33.883838046936219 ], [ 130.811654062661432, 33.883742096355903 ], [ 130.81126211198756, 33.883619353526662 ], [ 130.811175817535144, 33.883628659401325 ], [ 130.811081713820926, 33.883694446908471 ], [ 130.810414856583293, 33.884603639980298 ], [ 130.810310218688755, 33.884696459902955 ], [ 130.809912404880777, 33.884492558910161 ], [ 130.809869415191656, 33.88453109310268 ], [ 130.809701730336542, 33.884631986731364 ], [ 130.809593016320775, 33.884781785131082 ], [ 130.809461542786607, 33.884807010032624 ], [ 130.809044860004434, 33.885036705326058 ], [ 130.808852260705038, 33.885136500541741 ], [ 130.808605522937597, 33.885178945860666 ], [ 130.808634014512165, 33.885213998480765 ], [ 130.808578745174088, 33.88522814221902 ], [ 130.808544575092384, 33.885174132529919 ], [ 130.808401751381325, 33.885165951457139 ], [ 130.808165640897016, 33.885130647036561 ], [ 130.806954704554471, 33.884933361882467 ], [ 130.806853676462879, 33.884968142051413 ], [ 130.806812512624248, 33.885160941473458 ], [ 130.806662616565518, 33.886079802514644 ], [ 130.806583572612254, 33.88607495991608 ], [ 130.806460854193716, 33.886859466979288 ], [ 130.80615090773216, 33.888730296208806 ], [ 130.806129550594108, 33.888911364924041 ], [ 130.806187507508497, 33.888970202976282 ], [ 130.806154702124132, 33.889152802858789 ], [ 130.806204217382117, 33.889162459318811 ], [ 130.806057744877648, 33.889913615177811 ], [ 130.805975766018832, 33.890363035466684 ], [ 130.805895805844983, 33.89076956131953 ], [ 130.805783941045433, 33.891379396458248 ], [ 130.805760528098403, 33.891619208825382 ], [ 130.805795074734078, 33.891925818622269 ], [ 130.805871675923953, 33.89216268838225 ], [ 130.805976005753166, 33.892361422588742 ], [ 130.80618398768604, 33.892620617373339 ], [ 130.806518635650718, 33.892895998178396 ], [ 130.806911524319844, 33.893096735022951 ], [ 130.806882814059406, 33.893158677424374 ], [ 130.807441325566202, 33.89341531831866 ], [ 130.808212936287759, 33.893773932758357 ], [ 130.809960802430282, 33.894577259734298 ], [ 130.810538305178852, 33.894848078385202 ], [ 130.810624380623949, 33.895134268493457 ], [ 130.812244012393222, 33.895789662656888 ], [ 130.812256579945569, 33.895904218575097 ], [ 130.812279337400014, 33.89592679417558 ], [ 130.812300778647597, 33.895904286092538 ], [ 130.812396291464523, 33.895847022704629 ], [ 130.812522195167674, 33.895904624087279 ], [ 130.812532119834088, 33.896010862357905 ], [ 130.812572089368928, 33.896033182949544 ], [ 130.812652119670958, 33.896015834739117 ], [ 130.812680781827964, 33.895974531191612 ], [ 130.812800691549143, 33.896020780091646 ], [ 130.812817589288471, 33.896135201660528 ], [ 130.812857579047346, 33.896148011674761 ], [ 130.812968204751542, 33.896084643672083 ], [ 130.813104263134818, 33.896143597720425 ], [ 130.813109750724976, 33.896251590741187 ], [ 130.813140191448127, 33.896265935272112 ], [ 130.813247008389709, 33.896205731583827 ], [ 130.813384039082763, 33.896264756687529 ], [ 130.813395238375392, 33.896368039979343 ], [ 130.813429506302867, 33.896380770677652 ], [ 130.813540113476762, 33.896315851353499 ], [ 130.813679987838356, 33.896387490868072 ], [ 130.81368548663454, 33.896481254422632 ], [ 130.813723547608532, 33.896497161143799 ], [ 130.813832259298238, 33.896440198416499 ], [ 130.813961690326948, 33.896488011383283 ], [ 130.813972873111197, 33.896599253770432 ], [ 130.814001418359425, 33.896611976195516 ], [ 130.814113964853163, 33.896548610077232 ], [ 130.814247180145856, 33.896604388196238 ], [ 130.814251711943285, 33.896715620500466 ], [ 130.814280257275726, 33.896728342310134 ], [ 130.814396587118637, 33.896663430870198 ], [ 130.814524098189708, 33.896720821294089 ], [ 130.814540970381728, 33.896847921228392 ], [ 130.814580960333245, 33.896851151377525 ], [ 130.814685886751249, 33.896786152569661 ], [ 130.814822911486857, 33.896838765450617 ], [ 130.814832189360061, 33.896953175231303 ], [ 130.814858840453695, 33.896962723697165 ], [ 130.814965657054785, 33.89690251852673 ], [ 130.815109323722595, 33.896969511414518 ], [ 130.815114841284696, 33.897064826249448 ], [ 130.815156716768627, 33.897085527637905 ], [ 130.815252093695165, 33.897022134658883 ], [ 130.815385317336649, 33.897074741194096 ], [ 130.815405105155321, 33.897182826554442 ], [ 130.815435553584393, 33.897193931380961 ], [ 130.815555698674899, 33.897132194936631 ], [ 130.815890660830178, 33.897274069918367 ], [ 130.816204510738942, 33.896880991007812 ], [ 130.816388162791185, 33.896983474658242 ], [ 130.816124866994159, 33.897318869369755 ], [ 130.816090626833784, 33.897302969114797 ], [ 130.815574770047448, 33.89800589181381 ], [ 130.815603308405088, 33.898021853543845 ], [ 130.815521146846351, 33.898136055568571 ], [ 130.815545061066729, 33.89825978312404 ], [ 130.815813921186304, 33.89974252805375 ], [ 130.816810160830812, 33.900228502020276 ], [ 130.816750882160761, 33.900336469218949 ], [ 130.817398838906286, 33.900666247716337 ], [ 130.817285129430161, 33.900837670638033 ], [ 130.817642754935292, 33.901086009805574 ], [ 130.817663758710836, 33.901060613218981 ], [ 130.817422234915995, 33.900866474144024 ], [ 130.817554058404596, 33.900687116614598 ], [ 130.817846556090558, 33.900834559918565 ], [ 130.818113550142812, 33.900969143593208 ], [ 130.818157733182858, 33.901127135508972 ], [ 130.818165530271045, 33.90115504129443 ], [ 130.818052770083938, 33.901328014890979 ], [ 130.817733011711681, 33.901187788097168 ], [ 130.817715813662033, 33.901221081823628 ], [ 130.81817450365844, 33.90141561221224 ], [ 130.818383672392997, 33.901152194040584 ], [ 130.818705513872715, 33.901256497253883 ], [ 130.818752998669453, 33.901271924314841 ], [ 130.818785240304976, 33.90133550765492 ], [ 130.818717334051456, 33.901379856264207 ], [ 130.818697559429609, 33.901363343580222 ], [ 130.818541821406768, 33.901496526588261 ], [ 130.81863920356227, 33.901575422266269 ], [ 130.818668320477258, 33.901497980659173 ], [ 130.818741693331617, 33.901395176575221 ], [ 130.818799670789303, 33.901362226248629 ], [ 130.818866608443329, 33.90141691538274 ], [ 130.81892763472203, 33.901390309641414 ], [ 130.818974994997689, 33.901564717348613 ], [ 130.818982091355309, 33.901584873645085 ], [ 130.818891104237707, 33.901728295802066 ], [ 130.819194138280807, 33.901849477803651 ], [ 130.82062471820899, 33.902450173168155 ], [ 130.820572847396932, 33.90247651135298 ], [ 130.820511712898991, 33.902559823047163 ], [ 130.820566532257999, 33.902583219280871 ], [ 130.820639949920889, 33.902458295446763 ], [ 130.820815361466998, 33.90253075230293 ], [ 130.820759219458466, 33.902560184248948 ], [ 130.820721264201353, 33.902642473246793 ], [ 130.820762692165601, 33.902651620428657 ], [ 130.820826328553323, 33.902537882180788 ], [ 130.821038902195482, 33.902624622315095 ], [ 130.82066957456351, 33.903158863319554 ], [ 130.820483100862731, 33.903417809587417 ], [ 130.819543040641861, 33.904754576745113 ], [ 130.819363528648552, 33.905014376938389 ], [ 130.819584038119501, 33.906147651732809 ], [ 130.819724786216, 33.906884585378627 ], [ 130.820089643926451, 33.907044666607639 ], [ 130.820983000619094, 33.905771083405362 ], [ 130.820961067307138, 33.905760978599517 ], [ 130.821601144390371, 33.90484309490575 ], [ 130.822311154561021, 33.903828171169948 ], [ 130.822266079780093, 33.903809792243671 ], [ 130.822333354096145, 33.903708175202603 ], [ 130.8228084749598, 33.903601158065158 ], [ 130.823255187377526, 33.904865488590772 ], [ 130.823364234750301, 33.905187625637907 ], [ 130.82385198490644, 33.906583524562123 ], [ 130.823901262419326, 33.906731941629552 ], [ 130.823585747359317, 33.9071879372502 ], [ 130.822938853848427, 33.908111173426491 ], [ 130.822941260438711, 33.908122376792839 ], [ 130.822365255435756, 33.908947096274616 ], [ 130.822237503733362, 33.909107444635154 ], [ 130.822090099345957, 33.909041229076976 ], [ 130.821773353811579, 33.90949510534972 ], [ 130.82157710403348, 33.909758335910908 ], [ 130.821729991137602, 33.909833717152829 ], [ 130.821523249969061, 33.910144478595086 ], [ 130.82165846395506, 33.910806594860574 ], [ 130.821562116021568, 33.910818571320178 ], [ 130.821841637070975, 33.912155919422212 ], [ 130.822068686804357, 33.913228762349519 ], [ 130.822330135439188, 33.91447352649454 ], [ 130.82237418371156, 33.91469624861012 ], [ 130.822712535144092, 33.915018927709767 ], [ 130.823123584985893, 33.914967677161791 ], [ 130.823494905380073, 33.916754559957141 ], [ 130.823083339587811, 33.917048898519063 ], [ 130.823350780108967, 33.918361783859076 ], [ 130.823526427728183, 33.919233233118909 ], [ 130.823588662426829, 33.919520928421534 ], [ 130.823877751524634, 33.919783729884557 ], [ 130.824190002947319, 33.920057624131871 ], [ 130.824491277251411, 33.920329599044649 ], [ 130.824763453225529, 33.92051904775046 ], [ 130.827654644001768, 33.921583464230267 ], [ 130.828070807205023, 33.921738523193085 ], [ 130.828251789303295, 33.921800833715473 ], [ 130.828461273021901, 33.921941440837607 ], [ 130.829308202189509, 33.92226298012158 ], [ 130.830027859861104, 33.922510939001903 ], [ 130.830177857768859, 33.922513190001339 ], [ 130.831231387378693, 33.92289790423996 ], [ 130.831533017456792, 33.923014191528445 ], [ 130.831635845302031, 33.923126260263999 ], [ 130.831970993376956, 33.923251679704194 ], [ 130.832256772161287, 33.923351743015431 ], [ 130.833256696920529, 33.923725166833712 ], [ 130.833627814721495, 33.923850700557033 ], [ 130.834180510747387, 33.924047692932305 ], [ 130.834607669536837, 33.924203799694183 ], [ 130.834880690090358, 33.924289610437683 ], [ 130.835340144973316, 33.924459986215723 ], [ 130.835537583927362, 33.924528437886764 ], [ 130.835903799325166, 33.92467015945644 ], [ 130.8361786562063, 33.924751884324856 ], [ 130.836368772225001, 33.924817154563428 ], [ 130.836524738172443, 33.924900763056932 ], [ 130.836732488675551, 33.924996626964948 ], [ 130.837059723127481, 33.925114978841705 ], [ 130.837197463128859, 33.925156862138451 ], [ 130.83804205689944, 33.925468056204551 ], [ 130.838383928305717, 33.925589451759997 ], [ 130.838622757361861, 33.925697469115512 ], [ 130.838857354487828, 33.92579139201851 ], [ 130.839260152928546, 33.925941392743489 ], [ 130.839527082473012, 33.926025072679067 ], [ 130.839977428286772, 33.926185278320681 ], [ 130.840115771089842, 33.926228145883968 ], [ 130.840281493083211, 33.926299646309346 ], [ 130.840455814558908, 33.926353548972926 ], [ 130.840580724582708, 33.926406682116642 ], [ 130.840952474956737, 33.926522050650306 ], [ 130.841259019085612, 33.926628178618195 ], [ 130.841637438694733, 33.926777085116392 ], [ 130.841639792826129, 33.926818788291612 ], [ 130.841744583365937, 33.926877951482183 ], [ 130.841715205188478, 33.926931729206693 ], [ 130.841755432800426, 33.92694601107717 ], [ 130.841812870836179, 33.926883041493198 ], [ 130.842021893256032, 33.926959596205229 ], [ 130.84201690016215, 33.927027705772332 ], [ 130.842233967526909, 33.927037142853649 ], [ 130.842280425092355, 33.926971059561339 ], [ 130.843343825769125, 33.927361814812961 ], [ 130.843385451203602, 33.927280511097088 ], [ 130.843925377181222, 33.927478501615461 ], [ 130.844011042006457, 33.92731286684257 ], [ 130.844263326022656, 33.927404758826789 ], [ 130.844175238639849, 33.927567149930262 ], [ 130.844720052235829, 33.927769229271071 ], [ 130.844677201245133, 33.927850532442179 ], [ 130.84489295963138, 33.927913849379465 ], [ 130.845417883001943, 33.927981641243015 ], [ 130.84560259229886, 33.928024490836258 ], [ 130.846044569081329, 33.928097248107022 ], [ 130.846565829015077, 33.928171159830413 ], [ 130.84651941561799, 33.92821371749465 ], [ 130.846507092021852, 33.928277802479371 ], [ 130.846393707453927, 33.928261318808886 ], [ 130.846399865362116, 33.928231881196979 ], [ 130.846335238207558, 33.928221727216474 ], [ 130.846320476984829, 33.928290740972649 ], [ 130.846391243962728, 33.928274627664074 ], [ 130.846502189447563, 33.928290969048717 ], [ 130.846498484969402, 33.928318434669038 ], [ 130.846603351878684, 33.928336880419764 ], [ 130.846607067305825, 33.928308427557297 ], [ 130.846719847502271, 33.928325896426578 ], [ 130.846779533466645, 33.928364503184824 ], [ 130.846793080383293, 33.928295417986902 ], [ 130.846723526324809, 33.928312589637699 ], [ 130.846612572727821, 33.928295191850154 ], [ 130.84662731913059, 33.928229209137626 ], [ 130.8466018076019, 33.928176206689358 ], [ 130.847462601058879, 33.928321683619671 ], [ 130.847831460700263, 33.928366802454732 ], [ 130.848107365820027, 33.928413071235695 ], [ 130.848209418659678, 33.928452503291346 ], [ 130.850520749087735, 33.928815933388563 ], [ 130.851592688779675, 33.928985662678585 ], [ 130.855060640995816, 33.929532494392163 ], [ 130.856877386028316, 33.929045997362699 ], [ 130.857373509410564, 33.928610415852887 ], [ 130.85990234555365, 33.926411680932773 ], [ 130.859849723650257, 33.926358860635929 ], [ 130.858065262551293, 33.927921336460678 ], [ 130.857849209886155, 33.927863889196516 ], [ 130.857601030914566, 33.928100910232708 ], [ 130.857658755958596, 33.928263622225366 ], [ 130.857287015162569, 33.928594395969952 ], [ 130.856409285004304, 33.928266527027581 ], [ 130.85630548583319, 33.928233017624784 ], [ 130.856309868167699, 33.928131165937458 ], [ 130.856343808104441, 33.928015121313479 ], [ 130.856411428836026, 33.927920248182105 ], [ 130.856441117799307, 33.927825401412235 ], [ 130.856512949850725, 33.927751594075851 ], [ 130.856627267638714, 33.927477436817547 ], [ 130.856716070855668, 33.927340534769442 ], [ 130.856869506692505, 33.92739129092363 ], [ 130.856778101271061, 33.927568411088643 ], [ 130.856801701012927, 33.927579709111221 ], [ 130.856991248281702, 33.927219912915668 ], [ 130.856960889827292, 33.927214242189869 ], [ 130.856876267911389, 33.927377352341381 ], [ 130.856717788662479, 33.927317996088597 ], [ 130.856802328911471, 33.927197150863144 ], [ 130.856890386064322, 33.927000374613421 ], [ 130.856677942779896, 33.926927010779778 ], [ 130.85660070886891, 33.926701935246598 ], [ 130.856576440248546, 33.926692890475394 ], [ 130.856830947978693, 33.926209409811314 ], [ 130.856884896196902, 33.926232013723585 ], [ 130.85719219959995, 33.925654063391121 ], [ 130.857469716309794, 33.925125665299063 ], [ 130.857225607103118, 33.925035360028417 ], [ 130.857547801977915, 33.924421429565903 ], [ 130.857596414309285, 33.924405779807671 ], [ 130.858316671918999, 33.924672103192144 ], [ 130.859175842190581, 33.924983525409409 ], [ 130.859503575983837, 33.925105480063976 ], [ 130.860205645144106, 33.924937513208221 ], [ 130.860507545057686, 33.924339401472565 ], [ 130.860744449096416, 33.923894138573161 ], [ 130.86052325667643, 33.923806118047445 ], [ 130.860406839949292, 33.924024278740362 ], [ 130.860255787603478, 33.923965570815284 ], [ 130.86026391410428, 33.923949801584818 ], [ 130.859918631079609, 33.923818951446123 ], [ 130.859912163787698, 33.923650171957611 ], [ 130.85995003449824, 33.923593933414736 ], [ 130.859162360054, 33.923302815977799 ], [ 130.858149429734652, 33.922934865575193 ], [ 130.855086468191274, 33.921808465630143 ], [ 130.853998062312172, 33.921411158373061 ], [ 130.85295282525837, 33.921025236063812 ], [ 130.851607081107602, 33.920532857327061 ], [ 130.851005344611451, 33.920314046211473 ], [ 130.848401628654926, 33.919356813050165 ], [ 130.848470914574307, 33.919252578692607 ], [ 130.848434224240236, 33.919239854676704 ], [ 130.848390840075211, 33.919353278254867 ], [ 130.848287267395335, 33.919313421950349 ], [ 130.848773584254161, 33.918404999929024 ], [ 130.849144040253265, 33.917692675915184 ], [ 130.849001617755789, 33.917638543551476 ], [ 130.849180330770963, 33.91730755600544 ], [ 130.849334166566621, 33.917003515433052 ], [ 130.849567019466718, 33.916566441610087 ], [ 130.849616647787968, 33.91658453512715 ], [ 130.849734699357441, 33.916359485107357 ], [ 130.850230989334932, 33.916536543427618 ], [ 130.850291319334161, 33.916608677630407 ], [ 130.850339863750207, 33.916630361414676 ], [ 130.850954833780406, 33.91685792683397 ], [ 130.851612929250422, 33.917097235619032 ], [ 130.852460966378487, 33.9174052363527 ], [ 130.852945404927567, 33.917583890927432 ], [ 130.853027435748487, 33.91759659978927 ], [ 130.853344602069143, 33.917732011568049 ], [ 130.853414995648905, 33.917606080628651 ], [ 130.853358865350003, 33.917596997124996 ], [ 130.853138843456435, 33.917468954482885 ], [ 130.853076367211486, 33.917389705713887 ], [ 130.851613348035926, 33.916851190405438 ], [ 130.851160264957684, 33.916683558002873 ], [ 130.850412581092229, 33.91641441248337 ], [ 130.850289486874289, 33.916426940724918 ], [ 130.849792115240689, 33.916240863380011 ], [ 130.849954595351079, 33.915931408614178 ], [ 130.850198260391466, 33.915485329768352 ], [ 130.850489636469632, 33.9149240695806 ], [ 130.850825143821879, 33.915046903967642 ], [ 130.850872681879991, 33.915027096698893 ], [ 130.850937404825174, 33.915055986435583 ], [ 130.850950285866531, 33.915100942710858 ], [ 130.851448642474054, 33.915326742920811 ], [ 130.851615919630575, 33.915340258738063 ], [ 130.852235513543235, 33.915390597170841 ], [ 130.852694279521359, 33.915423552472824 ], [ 130.854000804819862, 33.915905727093566 ], [ 130.854906001420318, 33.916236251064625 ], [ 130.855733514736556, 33.916541388028222 ], [ 130.856558889618697, 33.91684116362179 ], [ 130.857420932932627, 33.917157176594948 ], [ 130.858201005115092, 33.917440688042618 ], [ 130.858942230802029, 33.917715133594633 ], [ 130.859707208282799, 33.917993264340311 ], [ 130.860448436324646, 33.918266009064411 ], [ 130.861318505880178, 33.918580806728642 ], [ 130.861921864172359, 33.91880478257297 ], [ 130.861868877685879, 33.918997659605203 ], [ 130.861982801169631, 33.91904815152408 ], [ 130.862114346264462, 33.918874102142759 ], [ 130.862219657772783, 33.918913032539358 ], [ 130.862129565776456, 33.919081424716737 ], [ 130.862522318845834, 33.919224435653454 ], [ 130.862591633036203, 33.919084830931254 ], [ 130.862994729600416, 33.919233629710675 ], [ 130.862942649017583, 33.919402062811997 ], [ 130.863079042982207, 33.919442507611144 ], [ 130.863190678429646, 33.919302949852757 ], [ 130.86358947713731, 33.919444555933822 ], [ 130.863513244151278, 33.919592748302591 ], [ 130.863644441564048, 33.919640440912175 ], [ 130.863723273312132, 33.91949218311337 ], [ 130.864272257176566, 33.919691573983783 ], [ 130.865406485054649, 33.920108984883534 ], [ 130.866179910186617, 33.920402089187121 ], [ 130.86660808226128, 33.920543717631041 ], [ 130.866755925553207, 33.920441669695705 ], [ 130.867024873410429, 33.920780355783116 ], [ 130.86831817953481, 33.922265078838024 ], [ 130.868477696659681, 33.922442267766925 ], [ 130.868475870336937, 33.922511437319478 ], [ 130.8685845290766, 33.922619609033724 ], [ 130.868719296737765, 33.922595170180848 ], [ 130.868733280060241, 33.922497273048954 ], [ 130.868645345518189, 33.922387715466954 ], [ 130.868584894939659, 33.922376168827526 ], [ 130.868114126291886, 33.921841445403224 ], [ 130.867780475864208, 33.921447889353658 ], [ 130.867439911718066, 33.921053057048269 ], [ 130.86710626669435, 33.92064653888476 ], [ 130.866854697222152, 33.92035978503371 ], [ 130.866858859651302, 33.92033091027151 ], [ 130.868021869137465, 33.919327552674581 ], [ 130.868393404281875, 33.919000758978413 ], [ 130.869354350309948, 33.918171228317036 ], [ 130.869423572213009, 33.918092903410773 ], [ 130.869376722560787, 33.917999590198924 ], [ 130.869186778665892, 33.917501657119139 ], [ 130.869142602802242, 33.917457866621568 ], [ 130.868763555530592, 33.917285799076417 ], [ 130.8682602003135, 33.917066471777844 ], [ 130.867765142589946, 33.916843489081778 ], [ 130.866823347021125, 33.916437015162778 ], [ 130.865730387758816, 33.915947319764967 ], [ 130.865673688755692, 33.915971419116708 ], [ 130.865384403008591, 33.915842054877643 ], [ 130.865384493592614, 33.915783237516216 ], [ 130.863714322082899, 33.915046490836282 ], [ 130.863217894106754, 33.914830532131134 ], [ 130.862666237334906, 33.914585558184392 ], [ 130.862158777476907, 33.914363877833729 ], [ 130.861123155258497, 33.91390653874624 ], [ 130.858696369820905, 33.912840403788863 ], [ 130.858614833590707, 33.912850663894488 ], [ 130.857610999845775, 33.912409532650386 ], [ 130.855693126153682, 33.911561588572546 ], [ 130.855105398533084, 33.911435302243746 ], [ 130.854750401351168, 33.911276391933029 ], [ 130.854778122344385, 33.911232188501266 ], [ 130.854830085724529, 33.911223022947084 ], [ 130.854644527284563, 33.911138978560281 ], [ 130.854634437013999, 33.911223705257093 ], [ 130.853972245691665, 33.910929888581009 ], [ 130.854052551773009, 33.910834116019551 ], [ 130.853720057438835, 33.910684458324013 ], [ 130.853670144847285, 33.910793086991717 ], [ 130.853020656707685, 33.91050392896252 ], [ 130.853084947397491, 33.910398910223428 ], [ 130.852133373841269, 33.909976535843683 ], [ 130.852072588793334, 33.909969067476155 ], [ 130.852060290954057, 33.910053791262868 ], [ 130.852022680980042, 33.910067692445573 ], [ 130.851712660836682, 33.910039636324136 ], [ 130.851743772226484, 33.909946622311999 ], [ 130.851705053814186, 33.90996686219664 ], [ 130.85169717675322, 33.910040603764585 ], [ 130.851624954461414, 33.910033613877872 ], [ 130.851211444307978, 33.909997539823394 ], [ 130.85115735603452, 33.909958803280865 ], [ 130.85116632899198, 33.909880554935206 ], [ 130.850982308260171, 33.909863638405696 ], [ 130.850973309321461, 33.909951183112675 ], [ 130.850861645010127, 33.909967601333435 ], [ 130.849869703779291, 33.909881652907934 ], [ 130.849834554507794, 33.90975531126832 ], [ 130.849265366406257, 33.909704882783764 ], [ 130.849219178679618, 33.909653826497554 ], [ 130.849179547414025, 33.909476129649335 ], [ 130.848888161258827, 33.908272095359656 ], [ 130.84864340486638, 33.907270138745652 ], [ 130.848329012144774, 33.905957314445786 ], [ 130.848204982487971, 33.905455771972498 ], [ 130.848385201252, 33.905424718754361 ], [ 130.850301260274591, 33.905109947889315 ], [ 130.850317177154693, 33.905181886974752 ], [ 130.850700673457538, 33.905119804265524 ], [ 130.850800062017584, 33.90540464204404 ], [ 130.850795239225505, 33.905168663057999 ], [ 130.85081088864689, 33.9050764756836 ], [ 130.850746638916121, 33.904844157244689 ], [ 130.851005676660378, 33.904798829460816 ], [ 130.851301863293997, 33.904748047943123 ], [ 130.851631550198874, 33.906163303935138 ], [ 130.851771924398776, 33.906728328908358 ], [ 130.851784631469997, 33.906726441822862 ], [ 130.851631666632642, 33.906094975162752 ], [ 130.85159967530663, 33.905967721472912 ], [ 130.851580568027543, 33.905827664385349 ], [ 130.851632141590017, 33.905816245558789 ], [ 130.852299686624917, 33.905441393134417 ], [ 130.852338289830982, 33.905163201281468 ], [ 130.852455415608347, 33.905185390861668 ], [ 130.852425353868256, 33.905314401247914 ], [ 130.852476185190284, 33.905323619516025 ], [ 130.852506490355552, 33.905050068309443 ], [ 130.852523145727048, 33.905011273154678 ], [ 130.852472319593659, 33.905005721094319 ], [ 130.852466541493158, 33.905143916207464 ], [ 130.852338322794509, 33.905143762100828 ], [ 130.852463552515616, 33.904296942223532 ], [ 130.852981851475505, 33.90403397684252 ], [ 130.853308727107361, 33.90387306068267 ], [ 130.853594088766044, 33.904090005143033 ], [ 130.853023416964533, 33.904614663135376 ], [ 130.853054255970505, 33.904681056123032 ], [ 130.853089635017881, 33.90467278543376 ], [ 130.853464930235248, 33.904323005755003 ], [ 130.85365701488621, 33.904134314231634 ], [ 130.854131158866466, 33.904488768678917 ], [ 130.853885942135349, 33.904718889075831 ], [ 130.8539002896336, 33.904727215859737 ], [ 130.854140531782065, 33.904498007447309 ], [ 130.855224054481567, 33.905301108444895 ], [ 130.853930738315, 33.906015668830015 ], [ 130.853949484345975, 33.906039710604659 ], [ 130.854604471979542, 33.905666310920651 ], [ 130.855242838813382, 33.905314936827871 ], [ 130.855318606406001, 33.905372293834297 ], [ 130.859611338672266, 33.903004431462826 ], [ 130.863421389346229, 33.90088798164745 ], [ 130.859611338672266, 33.903004431462833 ], [ 130.855318606406001, 33.905372293834304 ], [ 130.856129844726155, 33.905980510795402 ], [ 130.856993741939107, 33.906623792098301 ], [ 130.856332261289822, 33.907240637479632 ], [ 130.85558446064843, 33.907929084267259 ], [ 130.854808956977877, 33.908649825877639 ], [ 130.854005813781896, 33.908047950453863 ], [ 130.853982568247886, 33.908068209497713 ], [ 130.854786815062624, 33.908672836286854 ], [ 130.854798900757288, 33.908714408501375 ], [ 130.856008879354135, 33.909295484261683 ], [ 130.856278911208307, 33.90942942660071 ], [ 130.856180391398738, 33.909519614611533 ], [ 130.856317877214622, 33.9095971881286 ], [ 130.856322391756493, 33.909542815972102 ], [ 130.856378878176344, 33.909473781069671 ], [ 130.857355238372691, 33.909950458868892 ], [ 130.85755129383935, 33.910048387505775 ], [ 130.857513615620547, 33.910104553187537 ], [ 130.857652778161935, 33.910171985497499 ], [ 130.857690464725891, 33.910116734401136 ], [ 130.859522310879129, 33.911007305394286 ], [ 130.860271246736914, 33.911340850306537 ], [ 130.860660637422995, 33.911508095226779 ], [ 130.862197175394527, 33.912189154160068 ], [ 130.862350164049985, 33.912252864027401 ], [ 130.862319137718458, 33.912298897001747 ], [ 130.862348788536906, 33.912355069923585 ], [ 130.86253083641671, 33.912435578576634 ], [ 130.862647506855694, 33.912473322114657 ], [ 130.862599832044424, 33.912421565140534 ], [ 130.862629078072416, 33.912378912874587 ], [ 130.863055717777115, 33.912565914860195 ], [ 130.864463712262449, 33.913186789165856 ], [ 130.864475241619544, 33.913168417598229 ], [ 130.863808451388564, 33.912872745524488 ], [ 130.865149745205201, 33.910748555198211 ], [ 130.865303111981547, 33.910492181877842 ], [ 130.866767429501891, 33.911139648500793 ], [ 130.867231401047462, 33.911342243937256 ], [ 130.866734112044469, 33.91212168655921 ], [ 130.865947359182684, 33.913363956106153 ], [ 130.865880194571645, 33.913334368236306 ], [ 130.865226414468452, 33.913501086786844 ], [ 130.864946707504259, 33.913377579784068 ], [ 130.864934290023712, 33.913397501200691 ], [ 130.865226810767382, 33.913525319166204 ], [ 130.865879270830391, 33.913358668512707 ], [ 130.866468734487995, 33.913618884945244 ], [ 130.866428830617792, 33.913684420664289 ], [ 130.866598950701132, 33.913758356172792 ], [ 130.866639736673079, 33.913696483693123 ], [ 130.867177948291015, 33.913931492800437 ], [ 130.86714247142163, 33.913989073818165 ], [ 130.867072653885856, 33.91395983921268 ], [ 130.867077439571688, 33.91395188301837 ], [ 130.867021853136919, 33.913926955711489 ], [ 130.866991718034143, 33.913978487380845 ], [ 130.867050061676366, 33.914002921859939 ], [ 130.867069553274945, 33.913971315387997 ], [ 130.867135831887822, 33.91400076078142 ], [ 130.867119877790174, 33.914026595009524 ], [ 130.867285141590116, 33.914099750582622 ], [ 130.867301481172149, 33.914077368316065 ], [ 130.867362074813315, 33.914102015855747 ], [ 130.867343448263682, 33.914135175745159 ], [ 130.867405320164664, 33.914159613877729 ], [ 130.867436350739695, 33.914109423087268 ], [ 130.867376628937194, 33.914080477478429 ], [ 130.867372635154567, 33.914088998612741 ], [ 130.867309077847381, 33.914062160373931 ], [ 130.867319030638328, 33.914044985960288 ], [ 130.867242824356083, 33.91400827182737 ], [ 130.867264115854539, 33.913973639998723 ], [ 130.867884506459831, 33.914244165324419 ], [ 130.867872981544451, 33.914266975501256 ], [ 130.867970192604901, 33.914311388204474 ], [ 130.86798259011411, 33.914290761501647 ], [ 130.868834119300601, 33.914664726785873 ], [ 130.868799833309566, 33.914730694690434 ], [ 130.868771755585044, 33.914714603174808 ], [ 130.868752170620866, 33.914759028823951 ], [ 130.868664606937784, 33.914724702205262 ], [ 130.86865764702992, 33.914689617210783 ], [ 130.86863129548513, 33.914691067657131 ], [ 130.868618691210145, 33.914721975161306 ], [ 130.868955411132248, 33.914870542298836 ], [ 130.868975255484003, 33.914849430928051 ], [ 130.86897529051609, 33.914826044840503 ], [ 130.868954234906568, 33.914817218408935 ], [ 130.868922590811138, 33.914833244364857 ], [ 130.868840539895956, 33.914798921564575 ], [ 130.868903487107275, 33.914697978868865 ], [ 130.869540691269748, 33.914975841414794 ], [ 130.869504350533248, 33.915031871419693 ], [ 130.869492173838381, 33.915025449498899 ], [ 130.869483116559309, 33.915042978896508 ], [ 130.869404453764986, 33.915009719978443 ], [ 130.869384137820447, 33.915043013758506 ], [ 130.869413975993638, 33.915054811816155 ], [ 130.869429811167265, 33.915031369923277 ], [ 130.86947643171186, 33.915049803919196 ], [ 130.86947192298652, 33.915056280159568 ], [ 130.869533347339569, 33.915084242073817 ], [ 130.869524543012631, 33.915095923561083 ], [ 130.869550234003327, 33.915106377156519 ], [ 130.869610510377385, 33.915011346021203 ], [ 130.870086427048989, 33.915219016560428 ], [ 130.870057409031688, 33.915265546175753 ], [ 130.870039468754015, 33.915256721579439 ], [ 130.870028871334739, 33.915273545533296 ], [ 130.869964165601203, 33.915243261357723 ], [ 130.869958374707664, 33.915252623200693 ], [ 130.869974079316194, 33.915260105422433 ], [ 130.869976971630223, 33.915253979098537 ], [ 130.870027259996363, 33.915278051993333 ], [ 130.870025649460473, 33.915281573943105 ], [ 130.870098048908545, 33.915315534084783 ], [ 130.870099975513199, 33.915312082909296 ], [ 130.870158265185353, 33.915339405031467 ], [ 130.870155374450434, 33.915344474208872 ], [ 130.870169463825079, 33.915351108862339 ], [ 130.870174619775213, 33.915342592168578 ], [ 130.870102210339212, 33.915308209969972 ], [ 130.87014387148318, 33.915245633941268 ], [ 130.871021480002241, 33.915630036606323 ], [ 130.870999315414366, 33.915663049152187 ], [ 130.870923301185798, 33.915630566616628 ], [ 130.870803181551707, 33.915821403802816 ], [ 130.871334361979223, 33.916057161423417 ], [ 130.871456680231148, 33.915864918866447 ], [ 130.871376256155628, 33.915829402500904 ], [ 130.871399307810748, 33.915795476196088 ], [ 130.871812026185239, 33.915979474174875 ], [ 130.874325946850774, 33.913788710518403 ], [ 130.875626406132511, 33.91265263759464 ], [ 130.876553592696126, 33.911845694935849 ], [ 130.877503016960077, 33.912041908063436 ], [ 130.878645848418245, 33.911053778323833 ], [ 130.878579791038618, 33.911001237688573 ], [ 130.87845547925042, 33.911108887163941 ], [ 130.878484002498425, 33.911133007103579 ], [ 130.877486988346448, 33.911994695438075 ], [ 130.876633154042821, 33.911818161286334 ], [ 130.878173875200616, 33.910474505309999 ], [ 130.878483855167616, 33.910538630534411 ], [ 130.878474775978788, 33.910567430528609 ], [ 130.879031299540003, 33.910681107104232 ], [ 130.879096958484581, 33.910663703729085 ], [ 130.880530859404075, 33.909423104588534 ], [ 130.88049530009647, 33.909393766778948 ], [ 130.879079459635648, 33.910617266316827 ], [ 130.878173935385462, 33.91043125391797 ], [ 130.879397341476619, 33.909362262225322 ], [ 130.87758254515262, 33.908556530143237 ], [ 130.87595279626899, 33.907849222309892 ], [ 130.875956881511655, 33.90784288791005 ], [ 130.876894795811893, 33.906353171597068 ], [ 130.876928330336938, 33.906266563045115 ], [ 130.877011230659065, 33.906135627638491 ], [ 130.877069083135837, 33.906087294724898 ], [ 130.878462095791519, 33.90669968013745 ], [ 130.878490420399459, 33.906668011676267 ], [ 130.878377893985856, 33.906552377476004 ], [ 130.878430471044254, 33.906469449728057 ], [ 130.878474408293329, 33.906441387541058 ], [ 130.878582665457913, 33.906482984614939 ], [ 130.878599040097242, 33.906463065642349 ], [ 130.880161716787683, 33.90715491766619 ], [ 130.880274131367088, 33.907184752678106 ], [ 130.88016885597159, 33.907108222129871 ], [ 130.880207962478181, 33.907059797344751 ], [ 130.880291325530806, 33.907098127811011 ], [ 130.880892146571313, 33.907447252467023 ], [ 130.880913669127466, 33.907423322533894 ], [ 130.880843215092852, 33.90738176421673 ], [ 130.880884714269257, 33.907360250308535 ], [ 130.881379107174894, 33.907582335161415 ], [ 130.881264575968657, 33.90767992571466 ], [ 130.881296240835013, 33.907715035099287 ], [ 130.881503602329246, 33.907534554905986 ], [ 130.883444449686039, 33.905831546523771 ], [ 130.883480517657119, 33.905850740563281 ], [ 130.883779184608557, 33.905597157180196 ], [ 130.884081255882933, 33.905722332623014 ], [ 130.884144920463484, 33.905723589684875 ], [ 130.884168873476682, 33.905689871349217 ], [ 130.884137219467419, 33.905638210307281 ], [ 130.883856633998704, 33.9055150282203 ], [ 130.883918464468223, 33.905417876228881 ], [ 130.884080875037426, 33.905275248172387 ], [ 130.884160771745059, 33.90517163535263 ], [ 130.883085090284112, 33.90469929687675 ], [ 130.87909127264075, 33.90293378334529 ], [ 130.875061105862358, 33.901153101422807 ], [ 130.871255567221596, 33.8994660027235 ], [ 130.871151521575996, 33.899419824131726 ], [ 130.870071022042026, 33.899790682513142 ], [ 130.868885704522313, 33.900181212694953 ], [ 130.867839037051311, 33.900518348433515 ], [ 130.867315183138771, 33.900694236202682 ], [ 130.867324463666421, 33.900639232349704 ], [ 130.867255506937028, 33.900455168454293 ], [ 130.867197094106103, 33.900474901315796 ], [ 130.867255201185543, 33.90065535997536 ], [ 130.867287666674883, 33.900644546659144 ], [ 130.867302734629419, 33.900700493057521 ], [ 130.867004042535143, 33.900795828307437 ], [ 130.866984687041764, 33.900720012529661 ], [ 130.866889750404823, 33.900573817766187 ], [ 130.866837796269948, 33.900595386139713 ], [ 130.866928412571298, 33.90074340826429 ], [ 130.866954391216666, 33.900734420015887 ], [ 130.866993221537285, 33.900801168965309 ], [ 130.86694561604881, 33.900817390274135 ], [ 130.866461980688854, 33.900201712229389 ], [ 130.865648000887006, 33.899179862826635 ], [ 130.865297158374688, 33.898732112437621 ], [ 130.864913927710603, 33.898255446674341 ], [ 130.864106440599784, 33.897244374185824 ], [ 130.863697330481472, 33.896735273135164 ], [ 130.863316294024258, 33.896244162573588 ], [ 130.863161927060361, 33.896054575534116 ], [ 130.863308729959698, 33.895971620749712 ], [ 130.86372268485627, 33.895737724304915 ], [ 130.863864480737561, 33.895669342779087 ], [ 130.864282546986772, 33.895667057727302 ], [ 130.864813038265254, 33.895668556001425 ], [ 130.864899373518824, 33.895785933330494 ], [ 130.864847430202701, 33.895809335140342 ], [ 130.864916536324671, 33.895885132112298 ], [ 130.864964160466712, 33.895861731039773 ], [ 130.865050653916597, 33.895973542555893 ], [ 130.865201626991109, 33.896168686728174 ], [ 130.865542622392098, 33.895985067906139 ], [ 130.865618202663114, 33.896073555777662 ], [ 130.865687478246883, 33.896033901942268 ], [ 130.866045723735795, 33.896487786500252 ], [ 130.865650712226397, 33.89672297827898 ], [ 130.866043670055404, 33.897210432520353 ], [ 130.866368585225871, 33.897632863525118 ], [ 130.867011985256653, 33.898441721670032 ], [ 130.867264886054585, 33.898573718692155 ], [ 130.867537570774118, 33.898500049687122 ], [ 130.868365701624981, 33.898039131092666 ], [ 130.868734841611769, 33.89783926629071 ], [ 130.868796159451932, 33.897914771642668 ], [ 130.868709515673714, 33.897989697092527 ], [ 130.868654132902662, 33.897989637988587 ], [ 130.868688682874392, 33.898031518076493 ], [ 130.868832462269125, 33.897942211088669 ], [ 130.868875790417121, 33.897890272842446 ], [ 130.868934629236207, 33.897894704479036 ], [ 130.868900095812194, 33.897842679414694 ], [ 130.868811731882488, 33.897916196502266 ], [ 130.868744365596655, 33.897832442085488 ], [ 130.869595922123438, 33.8973654110358 ], [ 130.870630505976919, 33.89680114954843 ], [ 130.870953505356937, 33.89662179408662 ], [ 130.872113113091075, 33.895981081990492 ], [ 130.872321140391335, 33.895867326974354 ], [ 130.872340430514328, 33.895896650196526 ], [ 130.872456968188487, 33.89583154150607 ], [ 130.872441211064967, 33.895797854105368 ], [ 130.873520561828457, 33.895198464160892 ], [ 130.874002962819759, 33.894922902719038 ], [ 130.874651725352948, 33.895429961729434 ], [ 130.874296155368029, 33.895983332783324 ], [ 130.873569977860626, 33.897132176035896 ], [ 130.876409287308064, 33.898383269381661 ], [ 130.877048745374253, 33.898667503093804 ], [ 130.878102373224095, 33.89912958747049 ], [ 130.878716369731166, 33.899401389892013 ], [ 130.879183653444727, 33.898990689246496 ], [ 130.879828097554167, 33.899491167598754 ], [ 130.880758767317701, 33.9002242319781 ], [ 130.885045236068692, 33.901347550535512 ], [ 130.885925750110545, 33.90158019383491 ], [ 130.88688200747535, 33.901825365545477 ], [ 130.887789891925792, 33.902066191311746 ], [ 130.888517997249011, 33.901425354548785 ], [ 130.889925743533354, 33.900196737592246 ], [ 130.890676777373699, 33.899551612168807 ], [ 130.892061524860111, 33.898335701777157 ], [ 130.892725804469137, 33.897760573734672 ], [ 130.893020337766245, 33.897501681122812 ], [ 130.893049868405797, 33.896265407711631 ], [ 130.891099948079557, 33.89622973319856 ], [ 130.890196939699223, 33.896216176771865 ], [ 130.88921497212803, 33.896196202043207 ], [ 130.888176946685093, 33.896184620021039 ], [ 130.88615444846036, 33.896148734219956 ], [ 130.884124286408706, 33.896108581822531 ], [ 130.883982096255778, 33.895992855790134 ], [ 130.883395264247412, 33.895515275227957 ], [ 130.882617916860511, 33.894890009776979 ], [ 130.881909269138049, 33.89432644219449 ], [ 130.880754105192892, 33.893392761258262 ], [ 130.880583747861635, 33.893167398953835 ], [ 130.880109549715598, 33.892555160359152 ], [ 130.879534926804865, 33.89180053228894 ], [ 130.879314433890841, 33.891736144869625 ], [ 130.87896224530931, 33.891501302218288 ], [ 130.878548042153369, 33.89114404154197 ], [ 130.878250049405551, 33.890783442930186 ], [ 130.877980537638962, 33.890428015135178 ], [ 130.877909398785476, 33.890307279859428 ], [ 130.877821155090032, 33.890014934807311 ], [ 130.877626565838796, 33.889300967464308 ], [ 130.877905574889667, 33.889408314085777 ], [ 130.878162214034631, 33.889476542869986 ], [ 130.878298700247768, 33.889503867339926 ], [ 130.87851262609189, 33.88952450797207 ], [ 130.878607314093443, 33.88957383988587 ], [ 130.878779636499445, 33.889614583417682 ], [ 130.879393586791139, 33.889759869054593 ], [ 130.879904159811019, 33.88987286173424 ], [ 130.880736022400811, 33.890055195772888 ], [ 130.880942775506384, 33.890096180992366 ], [ 130.881072643872074, 33.890493944096839 ], [ 130.881372845062089, 33.891496886796361 ], [ 130.881503717948192, 33.891920151054656 ], [ 130.883180286182977, 33.891944574520451 ], [ 130.883182872228105, 33.891944616598117 ], [ 130.88390399112032, 33.891956212354316 ], [ 130.884027396159638, 33.891958197040559 ], [ 130.884027217789139, 33.892092456883304 ], [ 130.884161707696023, 33.892092583556291 ], [ 130.884161892564009, 33.891953251431559 ], [ 130.884322872673522, 33.891961928384056 ], [ 130.884318608878942, 33.892096112307193 ], [ 130.884406231525844, 33.892096194646491 ], [ 130.884406411479915, 33.891960243661345 ], [ 130.884984673290205, 33.891968959345995 ], [ 130.885394301184078, 33.892389518970653 ], [ 130.885923030775189, 33.892788638198368 ], [ 130.886340979894101, 33.893045362374956 ], [ 130.886938194118613, 33.893309294496696 ], [ 130.887365535370378, 33.893451133313015 ], [ 130.887531482806537, 33.893485027177562 ], [ 130.887720665416111, 33.893529929800138 ], [ 130.8880423062798, 33.893606230807087 ], [ 130.888112227245017, 33.893414977999484 ], [ 130.888116571040058, 33.893403429707519 ], [ 130.887945935247473, 33.893362066725629 ], [ 130.887980377197295, 33.893263269494454 ], [ 130.888153588189198, 33.893305340297978 ], [ 130.890043310074049, 33.893738291218 ], [ 130.890137501462533, 33.893320452880396 ], [ 130.890175541662416, 33.893154459099335 ], [ 130.890801213310823, 33.893156286043087 ], [ 130.892091908315024, 33.89317793190056 ], [ 130.892553753818333, 33.893190101902121 ], [ 130.892637951902543, 33.893263365296342 ], [ 130.893536815244374, 33.893472089466869 ], [ 130.894023110047044, 33.893592614373894 ], [ 130.894037217697928, 33.893539938202494 ], [ 130.892699473255476, 33.893222421833009 ], [ 130.892636224466827, 33.893242864477088 ], [ 130.892341517943919, 33.89298486262031 ], [ 130.891292505843182, 33.892084760790702 ], [ 130.891352210038093, 33.892078966238586 ], [ 130.891348774707467, 33.892023315661859 ], [ 130.89009144624805, 33.892004580154627 ], [ 130.890059922788794, 33.891951861648856 ], [ 130.889535864552926, 33.89115470464877 ], [ 130.889117356065611, 33.890507612973295 ], [ 130.888658868031769, 33.889811309519928 ], [ 130.888242455588511, 33.889168933594064 ], [ 130.887985867102856, 33.888779723124848 ], [ 130.888036467534533, 33.888758638996329 ], [ 130.888140208837569, 33.888915745920762 ], [ 130.888199217410886, 33.888915799992056 ], [ 130.888286399425567, 33.888854950269192 ], [ 130.888249958832489, 33.88878461598047 ], [ 130.88780362990525, 33.888488991057194 ], [ 130.887993524064541, 33.888292351942511 ], [ 130.888058091091153, 33.888329886757852 ], [ 130.888013063370778, 33.888386055481135 ], [ 130.888108518655542, 33.88844242573181 ], [ 130.888252001340135, 33.88828554542404 ], [ 130.888226742772531, 33.888264459964347 ], [ 130.888268971891847, 33.888208215962877 ], [ 130.888302649308685, 33.888227055019087 ], [ 130.888493984511712, 33.888016331102961 ], [ 130.88840695221279, 33.887962363829899 ], [ 130.888207210943648, 33.888173011673992 ], [ 130.888238076299075, 33.888194171064704 ], [ 130.888193069654903, 33.88824329634781 ], [ 130.88816497961011, 33.888222211581734 ], [ 130.888077771841836, 33.888320536747088 ], [ 130.888007603667631, 33.888271302541277 ], [ 130.888071090022294, 33.888204723878104 ], [ 130.888483063007129, 33.88777259460786 ], [ 130.888412238968641, 33.887121164521673 ], [ 130.888344134850598, 33.886542362522363 ], [ 130.888324633061671, 33.886422808885825 ], [ 130.888446958662968, 33.886347969472347 ], [ 130.888610266659327, 33.886314098231253 ], [ 130.888772935438368, 33.886285012288077 ], [ 130.888781305275444, 33.886327144408988 ], [ 130.88889649156431, 33.8863342945642 ], [ 130.88891591150076, 33.886524147051169 ], [ 130.888868149090968, 33.886524103528579 ], [ 130.888909567885719, 33.8870935143606 ], [ 130.888970664542825, 33.887625538212582 ], [ 130.889271874340608, 33.887629968574444 ], [ 130.88926720540465, 33.887764927607364 ], [ 130.889390288010986, 33.887765179611932 ], [ 130.890245487660906, 33.887771939050857 ], [ 130.891213660584668, 33.88777604728994 ], [ 130.8912160832555, 33.887637281371468 ], [ 130.891550972498976, 33.887641384543024 ], [ 130.891629038405739, 33.887708373651947 ], [ 130.89184488504543, 33.887893540729131 ], [ 130.891789083605801, 33.88793850279437 ], [ 130.891751311293376, 33.887960941487236 ], [ 130.891869857712607, 33.888052546827517 ], [ 130.891876994361041, 33.888096016123782 ], [ 130.891925585403015, 33.888067599525897 ], [ 130.891853725869964, 33.888018016064784 ], [ 130.891923934396971, 33.887959615879964 ], [ 130.892098160460563, 33.888105228391915 ], [ 130.892310809778365, 33.888453321450626 ], [ 130.892224087770188, 33.8884952302149 ], [ 130.892378883586872, 33.888712251332585 ], [ 130.892432852194673, 33.888817889956748 ], [ 130.892521507997373, 33.888774786355448 ], [ 130.893766653555787, 33.890695384194835 ], [ 130.893960059956413, 33.890633140937517 ], [ 130.894304665677197, 33.891167098471634 ], [ 130.894144636933106, 33.891215845002137 ], [ 130.894066521686995, 33.891098704512927 ], [ 130.894023918753959, 33.891108248551923 ], [ 130.89413195188385, 33.891236966164932 ], [ 130.894210406419603, 33.891371012626877 ], [ 130.894245280122362, 33.891466277343532 ], [ 130.894256372326822, 33.891417895953801 ], [ 130.894190223175883, 33.891314925569006 ], [ 130.89422431740698, 33.891278889557185 ], [ 130.894341292368438, 33.891226794962293 ], [ 130.894661554973567, 33.891725366350649 ], [ 130.894506292001864, 33.891840403667146 ], [ 130.894697417159762, 33.892138461040901 ], [ 130.895259503124294, 33.892146621345461 ], [ 130.89577229380825, 33.892153962721736 ], [ 130.895771247998454, 33.89226835828736 ], [ 130.895641442452842, 33.892269021172723 ], [ 130.895709509389349, 33.892306695645026 ], [ 130.895976503766263, 33.892312347287294 ], [ 130.895976552483631, 33.892271631077271 ], [ 130.895812687749753, 33.8922699427903 ], [ 130.895828460827119, 33.892156336837161 ], [ 130.896381319932487, 33.892163708750282 ], [ 130.89635916823886, 33.892225889992687 ], [ 130.896425517225509, 33.892163746248123 ], [ 130.896930032853135, 33.892169526640743 ], [ 130.896916271308783, 33.892296379399561 ], [ 130.896844832987767, 33.892287724782669 ], [ 130.896844040636637, 33.892332594689393 ], [ 130.897326114446997, 33.892333563969061 ], [ 130.897328381072526, 33.892291794686109 ], [ 130.897234857514491, 33.892280656307641 ], [ 130.897237176372556, 33.892177465742058 ], [ 130.897881643925842, 33.892187866880455 ], [ 130.89820497498846, 33.892192431921529 ], [ 130.89887108925538, 33.893213878648687 ], [ 130.900682417149255, 33.89405008482192 ], [ 130.902398570649638, 33.894071754184417 ], [ 130.902456009047484, 33.894080392663192 ], [ 130.903922476487878, 33.894101841230032 ], [ 130.903923258107881, 33.894053306825839 ], [ 130.902392343831536, 33.894031806791332 ], [ 130.901696003125949, 33.891689177139497 ], [ 130.899975119528392, 33.891671792020951 ], [ 130.899973307955747, 33.891640442354699 ], [ 130.899522968390215, 33.89095708238375 ], [ 130.89938328319198, 33.8907388865494 ], [ 130.900962014001834, 33.890758630568349 ], [ 130.901156080918383, 33.890759351921744 ], [ 130.901778597421043, 33.891066270576232 ], [ 130.902980573343569, 33.89165576030517 ], [ 130.904139604377576, 33.892226114821632 ], [ 130.90412633542752, 33.892242094356789 ], [ 130.904244831941924, 33.892318333866392 ], [ 130.904371910145329, 33.892290186883116 ], [ 130.904382996484799, 33.8922613144859 ], [ 130.904450879061557, 33.892277993736769 ], [ 130.904609422469321, 33.892316154358291 ], [ 130.90464572455565, 33.892207421775474 ], [ 130.904645724555706, 33.892207421775488 ], [ 130.904609422469321, 33.892316154358305 ], [ 130.90459983033557, 33.892340097670107 ], [ 130.904947045516053, 33.892391929644859 ], [ 130.905148478563461, 33.893075778660346 ], [ 130.904990796569138, 33.893107637097096 ], [ 130.904909864619043, 33.892820460575422 ], [ 130.904885841383305, 33.892861718781631 ], [ 130.904999899313736, 33.89326120511128 ], [ 130.905040313754284, 33.89344670306297 ], [ 130.905083644392448, 33.893438073684784 ], [ 130.905000420761723, 33.893141172510703 ], [ 130.905159042704156, 33.893109738532608 ], [ 130.905481226269075, 33.894208999116202 ], [ 130.906819948606056, 33.894429950685783 ], [ 130.90691722565586, 33.894446005414245 ], [ 130.908530858637988, 33.894713278502614 ], [ 130.908590283293591, 33.894721703161146 ], [ 130.911262584916102, 33.895157863129747 ], [ 130.911469915432036, 33.895190482023914 ], [ 130.914981884820378, 33.895763100515055 ], [ 130.915116032759528, 33.895244753787459 ], [ 130.915350083468098, 33.894339970588589 ], [ 130.915462140988552, 33.893906841291525 ], [ 130.915534268585361, 33.893816092369327 ], [ 130.915587061735522, 33.893749703535406 ], [ 130.915659303670594, 33.893396145184781 ], [ 130.916525104722268, 33.892723397065218 ], [ 130.916593811021329, 33.892669980132567 ], [ 130.916704299913846, 33.892672731151364 ], [ 130.916704545223496, 33.892633214393967 ], [ 130.916705089583104, 33.892538824411787 ], [ 130.916705739831343, 33.892428374695704 ], [ 130.916708048793737, 33.89203757593787 ], [ 130.916708565984834, 33.891949454001576 ], [ 130.91652587117207, 33.891930170463581 ], [ 130.916420147794696, 33.891918970795146 ], [ 130.91642681932484, 33.891849942870124 ], [ 130.916463281314009, 33.891472972436752 ], [ 130.916460971138349, 33.89140534831035 ], [ 130.916402439237942, 33.891245128163831 ], [ 130.916338782410378, 33.891089552999183 ], [ 130.916202566851041, 33.890856865742251 ], [ 130.916119512117717, 33.890770872126147 ], [ 130.915918255514839, 33.890607879793571 ], [ 130.915754727533226, 33.890447161548821 ], [ 130.915417249612034, 33.890062750840762 ], [ 130.915417514568077, 33.890013161130852 ], [ 130.91520892845395, 33.8897216763405 ], [ 130.915239035750574, 33.889709299617905 ], [ 130.915324535346627, 33.889674136761016 ], [ 130.915554441022806, 33.889579623204114 ], [ 130.915952171298983, 33.889416052302927 ], [ 130.916026188270024, 33.889354185933591 ], [ 130.916117835773719, 33.88927760954595 ], [ 130.916220505158833, 33.889191813484516 ], [ 130.916256068448774, 33.88908829007287 ], [ 130.916528688771109, 33.889013879794945 ], [ 130.917068956069642, 33.888866391898517 ], [ 130.916893715771522, 33.88840827036222 ], [ 130.916529173361255, 33.888512275499515 ], [ 130.916368498624479, 33.888558164332856 ], [ 130.916161816323552, 33.888617121826982 ], [ 130.915909768666438, 33.888528054203753 ], [ 130.915658629192649, 33.888439269543497 ], [ 130.915221852149557, 33.888444180682541 ], [ 130.91529259860468, 33.888337160318969 ], [ 130.915425987235096, 33.888135370491767 ], [ 130.915687299613921, 33.887740098598385 ], [ 130.915722386843555, 33.887687010732208 ], [ 130.915851920326133, 33.887516775563434 ], [ 130.915865049650307, 33.88749952724605 ], [ 130.915888116510047, 33.887469183295693 ], [ 130.916004391078246, 33.887410937735019 ], [ 130.916350126670778, 33.886853568149768 ], [ 130.916401639751058, 33.88679527813769 ], [ 130.916417836874274, 33.886782399691114 ], [ 130.916530931291334, 33.886692523818219 ], [ 130.916794112575502, 33.886535480535322 ], [ 130.916840468660723, 33.886445488451649 ], [ 130.916824634326446, 33.886389125376247 ], [ 130.916531645174274, 33.885958183948965 ], [ 130.916523623094207, 33.885946413844422 ], [ 130.916340782143237, 33.885677489848177 ], [ 130.916349662556883, 33.885551266578403 ], [ 130.916489268473725, 33.885177885039013 ], [ 130.916449354967398, 33.885092061424878 ], [ 130.916151943438251, 33.884768677480203 ], [ 130.916126329235567, 33.88453874229085 ], [ 130.91609760963695, 33.884392206495775 ], [ 130.916087571072325, 33.884265970302778 ], [ 130.916104701112175, 33.884103687125283 ], [ 130.916090312381385, 33.883783738273543 ], [ 130.915956565749497, 33.882699426829454 ], [ 130.916276431349814, 33.882494663279701 ], [ 130.916535168279154, 33.882336982096582 ], [ 130.916977472762312, 33.882061646889042 ], [ 130.917113399269937, 33.882017643431283 ], [ 130.917297868040094, 33.881746994954746 ], [ 130.917440955836554, 33.881452507859258 ], [ 130.917567584206068, 33.881300441361773 ], [ 130.917596537838023, 33.881204944547704 ], [ 130.917583058987276, 33.881054333143553 ], [ 130.917551158713735, 33.880843131633682 ], [ 130.918066537586498, 33.880103990125377 ], [ 130.91809903545149, 33.880033291156018 ], [ 130.918654375841982, 33.879207533556666 ], [ 130.918850167775815, 33.878729088942585 ], [ 130.918885328891065, 33.878581609677454 ], [ 130.918934422981295, 33.878224086355623 ], [ 130.919040021097317, 33.878011705781049 ], [ 130.919273222449164, 33.877746580266468 ], [ 130.919324320967775, 33.877668566143939 ], [ 130.919352918677845, 33.87748980596426 ], [ 130.920400238419035, 33.877070946117676 ], [ 130.920759137890059, 33.876703479268585 ], [ 130.92071515837381, 33.876456486124958 ], [ 130.92070051748766, 33.876274175848579 ], [ 130.920734765865092, 33.87617853969526 ], [ 130.920780876809175, 33.876109819517623 ], [ 130.920908542597004, 33.875987053671132 ], [ 130.921293018997659, 33.875657216453718 ], [ 130.921362006677555, 33.875402969854143 ], [ 130.92135792960795, 33.87536479010172 ], [ 130.921731238927833, 33.874949429867847 ], [ 130.922524025613228, 33.873977855713619 ], [ 130.923744654339828, 33.873581749189711 ], [ 130.92403497037148, 33.873482043185106 ], [ 130.924315852806387, 33.873420789069215 ], [ 130.924702333300502, 33.873368193073311 ], [ 130.925116040457368, 33.873328433514317 ], [ 130.925397178988817, 33.873346211356733 ], [ 130.925690917479557, 33.873415419895579 ], [ 130.925798582469696, 33.873410411295964 ], [ 130.926351493626868, 33.873265772359886 ], [ 130.926406763641836, 33.87323044441932 ], [ 130.92669937767343, 33.872970550366695 ], [ 130.926780930438952, 33.872912132098833 ], [ 130.927073587448859, 33.872728878135007 ], [ 130.927232718944936, 33.872580481851195 ], [ 130.927304047433751, 33.872465986513824 ], [ 130.927411584486862, 33.872233173645512 ], [ 130.927590237899665, 33.871879243027941 ], [ 130.92778748419164, 33.871517996485977 ], [ 130.927830315365128, 33.871361361318222 ], [ 130.927845493198333, 33.871182731546696 ], [ 130.928037082336033, 33.870738222021956 ], [ 130.928098192451642, 33.870565253931069 ], [ 130.928222539189278, 33.87012690290382 ], [ 130.929062188229551, 33.869857596891293 ], [ 130.929157134213767, 33.869278073016069 ], [ 130.929167692345118, 33.86919263558206 ], [ 130.929056931840165, 33.868894118672365 ], [ 130.929031122098365, 33.868864238596082 ], [ 130.928788809736147, 33.868713498823034 ], [ 130.928523660978243, 33.868595994609457 ], [ 130.928346690431937, 33.868498686371417 ], [ 130.927932439989718, 33.868190200991613 ], [ 130.927866263030069, 33.868089293773686 ], [ 130.927877194961241, 33.867942925466267 ], [ 130.927961754009061, 33.867773918796459 ], [ 130.927990056143017, 33.867668696917654 ], [ 130.927938613802525, 33.867532014223926 ], [ 130.927870783634631, 33.867471679366723 ], [ 130.927736995319378, 33.867447792839677 ], [ 130.926807470092712, 33.867431891547639 ], [ 130.926705227470535, 33.867424646859789 ], [ 130.926371197448077, 33.867348232404851 ], [ 130.926241603279209, 33.867351395656137 ], [ 130.925558630463485, 33.86744819445962 ], [ 130.925397265977608, 33.867437108870554 ], [ 130.924966690674722, 33.867274555051978 ], [ 130.924708108105818, 33.867197759398707 ], [ 130.924451341379097, 33.867143505126087 ], [ 130.924334325855938, 33.867102156890603 ], [ 130.924128304683478, 33.866988339860129 ], [ 130.924016840315829, 33.866658610625777 ], [ 130.923994971178104, 33.866455025955851 ], [ 130.923902402736672, 33.866265484758323 ], [ 130.923807307971515, 33.866003669054145 ], [ 130.923776871982625, 33.865950962066094 ], [ 130.923650373657722, 33.865875512909362 ], [ 130.923555768002075, 33.86567004886308 ], [ 130.923471221838923, 33.865340899369286 ], [ 130.923305758421094, 33.865086367882846 ], [ 130.92326391853544, 33.864981526650006 ], [ 130.923246459794626, 33.864800623884278 ], [ 130.922704087372864, 33.864459354824596 ], [ 130.92232484615792, 33.863729914181114 ], [ 130.922137379295208, 33.863555945324173 ], [ 130.922072814949985, 33.863482083382536 ], [ 130.921762532233089, 33.862993591087118 ], [ 130.921715285007366, 33.862888604352953 ], [ 130.921698677991657, 33.862617537756861 ], [ 130.921658609801, 33.86246550142112 ], [ 130.921629374235721, 33.86217174701607 ], [ 130.921669776037419, 33.861960872806563 ], [ 130.921762065028531, 33.861731157338177 ], [ 130.921765274732195, 33.861647898808215 ], [ 130.921638475071205, 33.861437059906081 ], [ 130.92144414719823, 33.861089099778141 ], [ 130.921391232238051, 33.860920855040376 ], [ 130.921186846687704, 33.86034283108291 ], [ 130.921146496401832, 33.860269688003292 ], [ 130.921040584296719, 33.860147336130453 ], [ 130.920890331663401, 33.860057637261988 ], [ 130.920793189716193, 33.860039894479421 ], [ 130.920562675998951, 33.860026289635016 ], [ 130.920268523227861, 33.859956360879998 ], [ 130.91997172575617, 33.859899953631896 ], [ 130.919566775159637, 33.859774160367863 ], [ 130.919389987890156, 33.859744599589881 ], [ 130.919140029184092, 33.859724429332921 ], [ 130.918637778948977, 33.859747056452093 ], [ 130.91837752132065, 33.859645447860935 ], [ 130.918284168576122, 33.859618054804898 ], [ 130.918034652451155, 33.859588864619425 ], [ 130.917252944962911, 33.859585939104477 ], [ 130.917098002381096, 33.859547936020356 ], [ 130.916883570563783, 33.859445369413656 ], [ 130.916690977405239, 33.859336478365762 ], [ 130.916557669796106, 33.859278555998166 ], [ 130.916391413384957, 33.859204408465146 ], [ 130.915823865074714, 33.858989807789435 ], [ 130.914449288226479, 33.858460194351494 ], [ 130.914225429855179, 33.858391145978217 ], [ 130.914054386968047, 33.858352705606727 ], [ 130.913876943642094, 33.858338912852126 ], [ 130.913629095645234, 33.858266889546236 ], [ 130.913500727698477, 33.858238622129754 ], [ 130.913320581249565, 33.858227082384552 ], [ 130.912942522717941, 33.858243858482275 ], [ 130.912744573686496, 33.85820483238416 ], [ 130.912460747787094, 33.858012327715031 ], [ 130.912068072075499, 33.857848480464476 ], [ 130.911398605675259, 33.857379709162977 ], [ 130.911307851414279, 33.857354707136757 ], [ 130.91115590856009, 33.857346425615432 ], [ 130.910594921705353, 33.857118632819379 ], [ 130.910158440190344, 33.856994195920315 ], [ 130.90913022912838, 33.85679972915694 ], [ 130.908986950911327, 33.856776942012338 ], [ 130.908881793150528, 33.856776299514252 ], [ 130.908525063984143, 33.85686267608682 ], [ 130.908420013858233, 33.856868655206014 ], [ 130.908270924565443, 33.856823462369078 ], [ 130.908092661391578, 33.856672870115169 ], [ 130.9079077637887, 33.856459298517365 ], [ 130.907588853254794, 33.855439225759937 ], [ 130.906507833923826, 33.854633133904599 ], [ 130.906304755541214, 33.854453779116092 ], [ 130.906202341105285, 33.854320147282678 ], [ 130.905752382059461, 33.853795303283988 ], [ 130.905599362923283, 33.853693892025973 ], [ 130.905294648593468, 33.853551933099418 ], [ 130.905166566694419, 33.853479562462184 ], [ 130.904926077214554, 33.853314122897821 ], [ 130.904708849117839, 33.85323393417962 ], [ 130.90450180656137, 33.853124308820881 ], [ 130.904136139043118, 33.852897768512527 ], [ 130.903566250798406, 33.852563857010793 ], [ 130.903471390495696, 33.852540395669223 ], [ 130.903258094815641, 33.852514305665856 ], [ 130.903102140719739, 33.852529961322702 ], [ 130.902460488127389, 33.852769092154048 ], [ 130.902342764955932, 33.852806896627897 ], [ 130.902157507950051, 33.852836473887869 ], [ 130.901938900448158, 33.852821788725542 ], [ 130.901111655905339, 33.852616496705707 ], [ 130.90105183471141, 33.852601656006719 ], [ 130.90041160032186, 33.852440885149747 ], [ 130.900237764547768, 33.852432643358135 ], [ 130.900016198326966, 33.852340820608809 ], [ 130.899629055993046, 33.852380092255416 ], [ 130.899678766709229, 33.851915508056479 ], [ 130.899557323417014, 33.851903714537364 ], [ 130.899512400204088, 33.851686016690181 ], [ 130.899367597952079, 33.851586717881091 ], [ 130.898541740556311, 33.851517711985508 ], [ 130.898542464350612, 33.85142374387285 ], [ 130.898543936051738, 33.851231584535689 ], [ 130.89854677676044, 33.850864380047121 ], [ 130.89854956866418, 33.850501613798137 ], [ 130.89854978019514, 33.850474423940497 ], [ 130.898550715996635, 33.850352844411837 ], [ 130.89855409598718, 33.849912100980134 ], [ 130.898556776849034, 33.849563985659096 ], [ 130.898561915188793, 33.848894312499418 ], [ 130.898563235764698, 33.848723353903949 ], [ 130.898569568525829, 33.847900613824393 ], [ 130.898324749281358, 33.848048335835074 ], [ 130.897734627931413, 33.849092408678388 ], [ 130.89770100927791, 33.849151902904111 ], [ 130.89749777024079, 33.849266974163804 ], [ 130.896944271855773, 33.84958025436471 ], [ 130.896896804621747, 33.849607122820878 ], [ 130.896892140904384, 33.849605991859697 ], [ 130.896685605811712, 33.84955622827551 ], [ 130.896549928771748, 33.849772507354487 ], [ 130.896547676656496, 33.84977609737372 ], [ 130.895845737483938, 33.8508947333479 ], [ 130.895592436894901, 33.851366751322701 ], [ 130.895565539136641, 33.851416881528806 ], [ 130.895234111712824, 33.851939689721647 ], [ 130.895045347579469, 33.852187762439947 ], [ 130.894823855883942, 33.852420730923335 ], [ 130.894695933393791, 33.852579675878268 ], [ 130.89423646802183, 33.853071095250883 ], [ 130.894023304758804, 33.853246660979863 ], [ 130.893849630324752, 33.853389715849993 ], [ 130.893731891378906, 33.853478862048433 ], [ 130.893595000148679, 33.853582502257012 ], [ 130.893261336766017, 33.853816389060427 ], [ 130.89319955556283, 33.853859696108259 ], [ 130.893041691237528, 33.853965500782522 ], [ 130.892715140255291, 33.85416272963203 ], [ 130.892345369877148, 33.854395564138557 ], [ 130.892377439348877, 33.854473075004364 ], [ 130.892345369877148, 33.854395564138571 ], [ 130.891968678773196, 33.854632756461591 ], [ 130.891040572393251, 33.855217156003825 ], [ 130.890709956123885, 33.855425365326248 ], [ 130.890658401423281, 33.855425319401185 ], [ 130.890449112015432, 33.855557137300821 ], [ 130.889542976222089, 33.856127736389467 ], [ 130.889542989989422, 33.856117028932545 ], [ 130.888938754790956, 33.85650953993526 ], [ 130.888522699118653, 33.856779793841952 ], [ 130.888585091650839, 33.856838175588408 ], [ 130.888540645519754, 33.856865535897413 ], [ 130.888040626300693, 33.85717255192592 ], [ 130.887869339931797, 33.857331168162531 ], [ 130.887549287368728, 33.857649476547863 ], [ 130.887299592716801, 33.857897830350787 ], [ 130.887189800131296, 33.857986342814279 ], [ 130.886784441299341, 33.858202784158557 ], [ 130.886569792007009, 33.858323883354871 ], [ 130.886569792007009, 33.858323883354863 ], [ 130.886239774637289, 33.858510102406065 ], [ 130.886039254478334, 33.858590236497854 ], [ 130.886239774637289, 33.858510102406058 ], [ 130.886055110478168, 33.858326363351203 ], [ 130.885033688389967, 33.858966909931681 ], [ 130.884576938849506, 33.859253315659828 ], [ 130.884525253331873, 33.859285740864827 ], [ 130.884169770449233, 33.859508703102804 ], [ 130.883502859340155, 33.859926914727254 ], [ 130.883255993459585, 33.860081719510475 ], [ 130.882986246990811, 33.860250874120489 ], [ 130.882370240048346, 33.860637146154012 ], [ 130.882271851557562, 33.860698829031925 ], [ 130.881572025562178, 33.861137636438897 ], [ 130.881319564281029, 33.861295953886369 ], [ 130.88047808987136, 33.861823584461121 ], [ 130.879974511180478, 33.862139372768745 ], [ 130.879305614326285, 33.862558754298277 ], [ 130.879049742856495, 33.862719179045314 ], [ 130.878638304982985, 33.862977149345156 ], [ 130.87849286540893, 33.863070339542837 ], [ 130.878258726568873, 33.863221697278959 ], [ 130.877857878313961, 33.863480802503624 ], [ 130.877814848297987, 33.863508654796519 ], [ 130.877526040915967, 33.863735255857414 ], [ 130.877453130861568, 33.86379245191651 ], [ 130.877358874894611, 33.863874984067962 ], [ 130.87726057118806, 33.863961033583131 ], [ 130.877086773853193, 33.864122803120161 ], [ 130.876832315530777, 33.86438860189552 ], [ 130.876669459042802, 33.864596801144572 ], [ 130.876620507983233, 33.864588017797317 ], [ 130.876548003116824, 33.864574985089298 ], [ 130.876546283018087, 33.8645678694864 ], [ 130.876565827651831, 33.864474766785094 ], [ 130.876558792935555, 33.864397275245437 ], [ 130.876325468155216, 33.86421298317206 ], [ 130.876301715075584, 33.864194221845374 ], [ 130.876125431707209, 33.864147414786686 ], [ 130.876020156291304, 33.864119414571533 ], [ 130.876032556935769, 33.86412717594402 ], [ 130.875723223550949, 33.86417236935057 ], [ 130.875735125150186, 33.863935702927243 ], [ 130.875774531770162, 33.863851497363143 ], [ 130.875757180794778, 33.863763357857444 ], [ 130.875740845447893, 33.863680434678649 ], [ 130.875771099157532, 33.863387294336086 ], [ 130.875733012689466, 33.863346963857417 ], [ 130.875489115474466, 33.863163716059908 ], [ 130.875383071268743, 33.863033575931112 ], [ 130.875364438013662, 33.862985659053614 ], [ 130.875328044537099, 33.8628919371668 ], [ 130.875321758067145, 33.862765843207448 ], [ 130.875338933856426, 33.862720073407559 ], [ 130.875366662421271, 33.862646138782495 ], [ 130.875099098626833, 33.862539364703125 ], [ 130.874997292291653, 33.862616605557818 ], [ 130.874824164161254, 33.86252978925382 ], [ 130.874916000706179, 33.862428378080651 ], [ 130.87531866414372, 33.861983814453481 ], [ 130.875875997959213, 33.861183049611363 ], [ 130.875953169617134, 33.861009985001388 ], [ 130.876135796148105, 33.860600206736216 ], [ 130.876243451798217, 33.860218812580733 ], [ 130.876276792487317, 33.859919899124293 ], [ 130.876359627731944, 33.85917712163868 ], [ 130.876376370695681, 33.858984131637456 ], [ 130.876394465344134, 33.858775930135515 ], [ 130.876380916663521, 33.858657294510557 ], [ 130.876354120252245, 33.858422280383465 ], [ 130.876312161495719, 33.858215285114291 ], [ 130.876260730571062, 33.857834717784691 ], [ 130.876250349794276, 33.857656211275987 ], [ 130.876253695518983, 33.857239914597791 ], [ 130.876124302843124, 33.857101229588572 ], [ 130.875566904792322, 33.856491011856981 ], [ 130.875454366886032, 33.856383265172184 ], [ 130.875415030539983, 33.856341102986057 ], [ 130.874997403001913, 33.855893528497802 ], [ 130.87339296238261, 33.856047641434081 ], [ 130.874997403001913, 33.855893528497795 ], [ 130.874618331847842, 33.855488115367976 ], [ 130.874546248566247, 33.855409995307284 ], [ 130.874600916949589, 33.855410050711463 ], [ 130.874338298707755, 33.85504927166923 ], [ 130.87420826686261, 33.854840072984899 ], [ 130.874163863813607, 33.854746941328287 ], [ 130.874134850130361, 33.854686087403749 ], [ 130.874112530321639, 33.854642180557171 ], [ 130.873885487772839, 33.854162533380162 ], [ 130.873856965930031, 33.854073891837494 ], [ 130.873822956854923, 33.853991583197846 ], [ 130.873784655104799, 33.853800088094481 ], [ 130.873735485761614, 33.853441849734537 ], [ 130.873691018054416, 33.853174062645095 ], [ 130.873681768709815, 33.852847351630103 ], [ 130.873718272307343, 33.85256055532102 ], [ 130.873755347437054, 33.852272915934364 ], [ 130.873901070061578, 33.851633114658121 ], [ 130.873960837797455, 33.851370785735092 ], [ 130.873969548503482, 33.851332545016547 ], [ 130.874002251896059, 33.851188951805852 ], [ 130.874071055081743, 33.850839638323961 ], [ 130.874073331046674, 33.850691011230431 ], [ 130.874048061872884, 33.850384711465544 ], [ 130.873984793572504, 33.849977081093897 ], [ 130.873842220595606, 33.849561338107932 ], [ 130.873511569766123, 33.848597097450572 ], [ 130.873405968702883, 33.848459911821443 ], [ 130.873271758666789, 33.84832305070428 ], [ 130.873073716698656, 33.848156397207582 ], [ 130.872652443349267, 33.847817006651837 ], [ 130.872105390886247, 33.847509044666992 ], [ 130.871810485481575, 33.847345459508567 ], [ 130.871094169480358, 33.84760872699551 ], [ 130.870601016355664, 33.847784738008791 ], [ 130.869345728873498, 33.848240578732984 ], [ 130.869319878877832, 33.848251891270849 ], [ 130.868885050661731, 33.848408866753864 ], [ 130.868387944484397, 33.848588385864595 ], [ 130.868387944484397, 33.848588385864581 ], [ 130.867940092214752, 33.848751047519684 ], [ 130.867893027893928, 33.848763607832666 ], [ 130.867510257802167, 33.848719315426564 ], [ 130.866775795421205, 33.848637803374132 ], [ 130.866585881534917, 33.848673594677962 ], [ 130.866493737762084, 33.848718225519839 ], [ 130.86636830937357, 33.848804237530132 ], [ 130.865590659631891, 33.849337543938475 ], [ 130.865464827879862, 33.849437292527121 ], [ 130.865195216854488, 33.849774125026734 ], [ 130.864946675624054, 33.849771319258096 ], [ 130.864786958489333, 33.849815521822514 ], [ 130.864631859283861, 33.850063020110916 ], [ 130.864546254316053, 33.850142381802577 ], [ 130.86447379903322, 33.850180903169189 ], [ 130.864231693985516, 33.850204729816248 ], [ 130.864040252148811, 33.85017634400652 ], [ 130.864195575315392, 33.849270374428798 ], [ 130.864211325964959, 33.849214039692903 ], [ 130.864193986596547, 33.849040737799783 ], [ 130.864128232006976, 33.848867666280256 ], [ 130.864019454947055, 33.848706097524108 ], [ 130.863449599881221, 33.848056014908934 ], [ 130.863303719215025, 33.847989218583422 ], [ 130.862970203367951, 33.848024775008923 ], [ 130.862875255149675, 33.84792168576999 ], [ 130.862766992369671, 33.847850140487864 ], [ 130.862543175025962, 33.847792695456143 ], [ 130.862335640293736, 33.84776231813688 ], [ 130.862096253356668, 33.84778600129291 ], [ 130.861670287138651, 33.847709451371138 ], [ 130.861618816712593, 33.847261537445576 ], [ 130.861732376112428, 33.846934541526657 ], [ 130.861822674370188, 33.846758400270694 ], [ 130.861953379029956, 33.846588786558932 ], [ 130.861745588937197, 33.846515578923686 ], [ 130.861500132441108, 33.846341600359359 ], [ 130.861047582686354, 33.846017070307283 ], [ 130.860890403309924, 33.845860096626879 ], [ 130.860588465862094, 33.845404573459177 ], [ 130.860437116654452, 33.845317621429174 ], [ 130.860259296435316, 33.845291499520378 ], [ 130.860124653079083, 33.845294447231851 ], [ 130.859910250886003, 33.845432827861032 ], [ 130.859808189662601, 33.845476244021285 ], [ 130.859684611397483, 33.845506108779453 ], [ 130.858292877254257, 33.845929823858476 ], [ 130.858136050642202, 33.8458179261374 ], [ 130.858126456565117, 33.845608565151686 ], [ 130.857987900662096, 33.845424697022608 ], [ 130.857897876526266, 33.84524046129458 ], [ 130.857620334743871, 33.844813976434253 ], [ 130.857578970776956, 33.844672344030982 ], [ 130.857534391953635, 33.844445192564443 ], [ 130.857468896529639, 33.844321704047665 ], [ 130.85736284145429, 33.844164497159248 ], [ 130.85705926494839, 33.843855332107957 ], [ 130.856772497536554, 33.843649592661372 ], [ 130.856686025679039, 33.843602721794213 ], [ 130.856243296151348, 33.843422578731001 ], [ 130.856113898472898, 33.843393967769671 ], [ 130.85592473923964, 33.843298229296195 ], [ 130.8557846223176, 33.843280875866363 ], [ 130.855695900038484, 33.843285842007248 ], [ 130.855239043481532, 33.843414210136849 ], [ 130.855072282683636, 33.843428524252474 ], [ 130.854870247439777, 33.843416168778973 ], [ 130.854813469397357, 33.843375810687192 ], [ 130.854359018411884, 33.842655368137329 ], [ 130.854210986059371, 33.842658293704197 ], [ 130.854010252228278, 33.842445466716711 ], [ 130.854128269092001, 33.842370515560923 ], [ 130.853721698963199, 33.84196274684605 ], [ 130.853540664398253, 33.841864616896274 ], [ 130.853433204273671, 33.841894355744508 ], [ 130.853416455463702, 33.842212020211981 ], [ 130.853298034432896, 33.842208075861571 ], [ 130.853017717374257, 33.842157726292804 ], [ 130.852623472567416, 33.842382662086251 ], [ 130.852115765167781, 33.841860652276679 ], [ 130.851743640500871, 33.841286113000358 ], [ 130.851525414209874, 33.840949146926903 ], [ 130.851440830377214, 33.840875502040653 ], [ 130.851324421777036, 33.840831690732728 ], [ 130.851151398652945, 33.84079048350798 ], [ 130.85100856284285, 33.840780590422924 ], [ 130.850892929796544, 33.840795240724418 ], [ 130.850393326753192, 33.840897054217962 ], [ 130.849725265455135, 33.840324402238316 ], [ 130.849674733831819, 33.840178527844287 ], [ 130.84953520611549, 33.839641319543908 ], [ 130.848352136538011, 33.839411637430999 ], [ 130.848206509009003, 33.839395114719714 ], [ 130.848106972711008, 33.839407249828064 ], [ 130.847948797606563, 33.839462842086789 ], [ 130.847555963624472, 33.839683116005723 ], [ 130.847439951587631, 33.839668459379432 ], [ 130.847183216356683, 33.839607700863212 ], [ 130.846344442573923, 33.839352362843357 ], [ 130.846148925961614, 33.839324085766251 ], [ 130.846063247384336, 33.839258465508721 ], [ 130.845861635033174, 33.839193267431583 ], [ 130.845770274353526, 33.839524503444906 ], [ 130.845731063444759, 33.83964265339128 ], [ 130.845571494570976, 33.83986729832845 ], [ 130.845469336903761, 33.840198800063263 ], [ 130.845438352549507, 33.840242436161148 ], [ 130.845246619403838, 33.840391243689567 ], [ 130.844970504004095, 33.840352575456095 ], [ 130.844857371481339, 33.84035511021564 ], [ 130.844303741082086, 33.840397377131808 ], [ 130.844136592125551, 33.840394629513156 ], [ 130.843954398086254, 33.84034466866229 ], [ 130.843034936401949, 33.839840972874875 ], [ 130.842909974555567, 33.83980995893603 ], [ 130.842364869263861, 33.839865611694684 ], [ 130.842246843700337, 33.839884056713466 ], [ 130.842074553776314, 33.839969210776843 ], [ 130.841970104801419, 33.840070930654932 ], [ 130.84110380728967, 33.840679401432219 ], [ 130.841137215486924, 33.840958248365041 ], [ 130.841189624524361, 33.841074259249133 ], [ 130.841750839108329, 33.841667528541933 ], [ 130.841782257416128, 33.841802111042576 ], [ 130.841766715179716, 33.841847735723029 ], [ 130.841757419389864, 33.842024245882627 ], [ 130.842098548485069, 33.842788117857616 ], [ 130.842098935548961, 33.842812913317374 ], [ 130.84191757680415, 33.843247579377625 ], [ 130.84181428107982, 33.843361416866365 ], [ 130.84161986291403, 33.843494297507974 ], [ 130.84151136265487, 33.843615032269085 ], [ 130.841477715135682, 33.843698671786569 ], [ 130.841404441900551, 33.843994567464641 ], [ 130.841378723487907, 33.844064693779686 ], [ 130.841318136847804, 33.844153228134019 ], [ 130.840967127369879, 33.844594434403035 ], [ 130.840860750244985, 33.844843373093575 ], [ 130.840704084735449, 33.845475864053206 ], [ 130.839975384461184, 33.846376412265094 ], [ 130.839942114645169, 33.846487241452969 ], [ 130.839935573138234, 33.846577396587612 ], [ 130.839962786395574, 33.84675945054493 ], [ 130.840100195915255, 33.847420078558514 ], [ 130.840108795652952, 33.847618170253995 ], [ 130.840097130324693, 33.847728744754832 ], [ 130.839887528869724, 33.848751404954534 ], [ 130.839865557326789, 33.84888676205258 ], [ 130.839883792540064, 33.849017243568142 ], [ 130.839918334189662, 33.849151970032864 ], [ 130.839982195005462, 33.849268279376503 ], [ 130.840056575137567, 33.849368824321836 ], [ 130.840228476795716, 33.849497390685229 ], [ 130.840224534278377, 33.849585295087458 ], [ 130.839983412034542, 33.849831379883661 ], [ 130.839920140456428, 33.849919911791581 ], [ 130.839871936607324, 33.85009848827756 ], [ 130.839828050813821, 33.850220572285131 ], [ 130.839737971463251, 33.850309631491555 ], [ 130.839591462558019, 33.850410452450063 ], [ 130.839533797722453, 33.850507866954587 ], [ 130.839512978086475, 33.850568909261526 ], [ 130.839503705038936, 33.850645750810997 ], [ 130.839545869152943, 33.850751041619695 ], [ 130.83966790102383, 33.850968015978843 ], [ 130.839766300392768, 33.851052533750618 ], [ 130.840012846819008, 33.85114189224636 ], [ 130.840134589943602, 33.851169803420632 ], [ 130.84038007155948, 33.851191677976836 ], [ 130.840585727873702, 33.851245479077456 ], [ 130.840781660324836, 33.851364920892102 ], [ 130.840875409071714, 33.851498878107513 ], [ 130.840863456213242, 33.851593674713492 ], [ 130.840797510464455, 33.851842244519176 ], [ 130.840843449741811, 33.852012769176476 ], [ 130.840947343136378, 33.852106167533456 ], [ 130.841145767331227, 33.852214197385052 ], [ 130.841177127242929, 33.852319617277452 ], [ 130.841141257403223, 33.852432838274531 ], [ 130.841129885374215, 33.852561306665784 ], [ 130.841056929868273, 33.853204051433039 ], [ 130.84136281733015, 33.853292778676355 ], [ 130.841518318368315, 33.853414842925396 ], [ 130.841747835886764, 33.853774805118725 ], [ 130.842485172969816, 33.853723207441277 ], [ 130.844098118494287, 33.85456871723143 ], [ 130.844523248530464, 33.854791565679406 ], [ 130.844550840235513, 33.854829497936244 ], [ 130.844737894662643, 33.855376068146626 ], [ 130.844744808031663, 33.855376076896725 ], [ 130.844762271173551, 33.855936098662845 ], [ 130.844750033246356, 33.856073582055188 ], [ 130.844713475244248, 33.856206665740295 ], [ 130.844762632342196, 33.85627843475185 ], [ 130.844847860713315, 33.856269104130881 ], [ 130.845061217135452, 33.856229222362288 ], [ 130.845228003036993, 33.856210133936884 ], [ 130.845502901399072, 33.856226538470381 ], [ 130.845635140535535, 33.856250516905739 ], [ 130.845772954041848, 33.856296898806818 ], [ 130.845946048876129, 33.856379105587543 ], [ 130.846313477755388, 33.856628502687862 ], [ 130.846399215593777, 33.85672976066494 ], [ 130.846440569427926, 33.856810538772152 ], [ 130.846474390983389, 33.856936243158998 ], [ 130.846483880690641, 33.85706473744942 ], [ 130.846431368350125, 33.857421097772807 ], [ 130.846533537644461, 33.857399952129541 ], [ 130.846584391657956, 33.857367896190205 ], [ 130.847091850766361, 33.856971530589824 ], [ 130.847412320877083, 33.85719170186298 ], [ 130.847764381825954, 33.857583081580039 ], [ 130.847846993806229, 33.857739981282577 ], [ 130.847894875333452, 33.857919803589894 ], [ 130.847946587529123, 33.858194300686954 ], [ 130.848089544043376, 33.858229555780888 ], [ 130.848228038935531, 33.858263680367678 ], [ 130.848635588417835, 33.858364066707836 ], [ 130.849077307419947, 33.858348830815117 ], [ 130.849245511656591, 33.858448777116827 ], [ 130.849211565666309, 33.8590078887201 ], [ 130.84938221129201, 33.85931732976038 ], [ 130.849324029743514, 33.8598899327908 ], [ 130.849319197347342, 33.859937402774122 ], [ 130.849217463955711, 33.859943407518919 ], [ 130.84913879424451, 33.859948028360229 ], [ 130.848835178489765, 33.860024999238419 ], [ 130.848551597808353, 33.860201034649371 ], [ 130.848069992943635, 33.860645691192055 ], [ 130.847775679802879, 33.860297563218872 ], [ 130.847692455443365, 33.860447850403091 ], [ 130.847577214661413, 33.86064106391423 ], [ 130.847571001312645, 33.860651481306554 ], [ 130.84753481761868, 33.860712085139028 ], [ 130.847508648894575, 33.860755936703129 ], [ 130.847457223000987, 33.860842162812219 ], [ 130.847444370172269, 33.860863700905782 ], [ 130.847381022969103, 33.860969845569791 ] ] ], [ [ [ 130.754180052855872, 33.889357494340928 ], [ 130.753931953167182, 33.889192662718138 ], [ 130.753734468883579, 33.888917059623978 ], [ 130.753370615334603, 33.888612172258391 ], [ 130.753348922554409, 33.888607267352846 ], [ 130.753244482218491, 33.888689120416835 ], [ 130.753586640552783, 33.888989175375656 ], [ 130.753817339108764, 33.889286540028124 ], [ 130.754180052855872, 33.889357494340928 ] ] ], [ [ [ 130.683275265580932, 33.887864392493377 ], [ 130.683145619287103, 33.887876593251193 ], [ 130.682953563374213, 33.887922160571208 ], [ 130.682815433129434, 33.88796814989648 ], [ 130.682633159747155, 33.888085728167766 ], [ 130.682368741149077, 33.888297205550103 ], [ 130.682207389815318, 33.888455695837699 ], [ 130.682154342872479, 33.888514950995585 ], [ 130.68204872885164, 33.888632927004934 ], [ 130.681891259049308, 33.888808825910175 ], [ 130.681857192077729, 33.888868260383468 ], [ 130.682056266626006, 33.888997402064263 ], [ 130.682037065920184, 33.889016863055495 ], [ 130.682094841739087, 33.889077168424741 ], [ 130.682127782036673, 33.889105360493573 ], [ 130.682235463153376, 33.889197425326181 ], [ 130.682353361128236, 33.889324031655967 ], [ 130.682553310979557, 33.889496496057887 ], [ 130.682665728856961, 33.889541097840777 ], [ 130.682693633784936, 33.889582940863171 ], [ 130.68272256917777, 33.889626265807031 ], [ 130.682756142200134, 33.889671646157552 ], [ 130.682780125740749, 33.889704069739956 ], [ 130.682847450428341, 33.889795086237797 ], [ 130.682876256393598, 33.889833125657297 ], [ 130.683096883642008, 33.890124476416467 ], [ 130.683167997561242, 33.890226729619606 ], [ 130.683335935170049, 33.890497866929266 ], [ 130.683896562295132, 33.891323826751012 ], [ 130.68393622428664, 33.891384295882716 ], [ 130.6839417265723, 33.891392853876802 ], [ 130.683944117477608, 33.891396572970152 ], [ 130.684024149520326, 33.89152110714857 ], [ 130.684196351493199, 33.89175851681032 ], [ 130.684357832132662, 33.892012237236962 ], [ 130.684511470615433, 33.892216420173376 ], [ 130.684765076664263, 33.892573364913218 ], [ 130.685109885235562, 33.893101012348239 ], [ 130.68533311546301, 33.893425397535907 ], [ 130.685111669265808, 33.893545140382635 ], [ 130.685098390738744, 33.893549684455024 ], [ 130.684921938672915, 33.893610366842573 ], [ 130.684878639438324, 33.89362525733786 ], [ 130.684612350441284, 33.893775306049029 ], [ 130.68439410429022, 33.893962530608555 ], [ 130.684118609818, 33.89422589044014 ], [ 130.684105768395881, 33.894238184445051 ], [ 130.683999138178905, 33.894420696818607 ], [ 130.683980524788268, 33.894520675730973 ], [ 130.683993026485098, 33.894554422889534 ], [ 130.684025787018271, 33.894642863030647 ], [ 130.684051248762643, 33.894769716723488 ], [ 130.684100719885862, 33.895016176273884 ], [ 130.684174792911278, 33.895148491339832 ], [ 130.684179306876331, 33.895156554538119 ], [ 130.684302045009815, 33.895262178858545 ], [ 130.684415097756386, 33.895331432786122 ], [ 130.684430708820315, 33.895352271479815 ], [ 130.684539244479112, 33.895497145402189 ], [ 130.684606830222776, 33.895643411489502 ], [ 130.684614650751371, 33.895668731563347 ], [ 130.68464497488111, 33.895766917504403 ], [ 130.684677580209694, 33.895928446230599 ], [ 130.684727080536675, 33.89606015428501 ], [ 130.684776368495392, 33.896231941629665 ], [ 130.684874898857544, 33.896618834213783 ], [ 130.684882181058242, 33.896667454686941 ], [ 130.684925902953495, 33.896731257856501 ], [ 130.68494256837397, 33.896755576555243 ], [ 130.684980175729976, 33.896801916029112 ], [ 130.684980840530216, 33.896802736053317 ], [ 130.685014989228449, 33.896844816558158 ], [ 130.685045150452765, 33.896881981865995 ], [ 130.685054338805173, 33.896893306705934 ], [ 130.685112437789542, 33.896959623568328 ], [ 130.685159379199263, 33.897013190515523 ], [ 130.685161142699656, 33.897015214635644 ], [ 130.68516359298539, 33.897018013687294 ], [ 130.685163723764447, 33.897018162878595 ], [ 130.685163765163054, 33.897018211135915 ], [ 130.685165835934981, 33.897020575028286 ], [ 130.685242760185957, 33.89710837714923 ], [ 130.68539281796825, 33.897271826777036 ], [ 130.685405377801686, 33.897285506666307 ], [ 130.685476288889078, 33.897408307663582 ], [ 130.68550506901903, 33.897521082577292 ], [ 130.685507281611677, 33.897546437746058 ], [ 130.685507542651465, 33.897549410852136 ], [ 130.685518468842389, 33.897674609190595 ], [ 130.685521675262578, 33.897711365238557 ], [ 130.685519273893334, 33.897777175589241 ], [ 130.685508040169395, 33.897799921423271 ], [ 130.685493565344473, 33.89782923555687 ], [ 130.685400541619913, 33.898017601443378 ], [ 130.685392942813024, 33.898029381162395 ], [ 130.685373792303693, 33.898059070680496 ], [ 130.685292958520819, 33.898184388948941 ], [ 130.685283949223759, 33.898198483991827 ], [ 130.68527679369339, 33.898209677118615 ], [ 130.685268776649593, 33.898222219839973 ], [ 130.685267834832302, 33.898223693871543 ], [ 130.685264154856725, 33.898229449345514 ], [ 130.685262446101376, 33.898232126560593 ], [ 130.685260241232584, 33.898235575670583 ], [ 130.685259180628321, 33.898237230445126 ], [ 130.685216341106212, 33.898271676954309 ], [ 130.685214855866121, 33.898272872239467 ], [ 130.685186526510449, 33.898295648406801 ], [ 130.685054441926809, 33.898344894709112 ], [ 130.684946267278832, 33.898360843591554 ], [ 130.684910694795036, 33.898331897742345 ], [ 130.68483001701307, 33.898219887989114 ], [ 130.684790568451064, 33.898149247482962 ], [ 130.684779699324167, 33.898137184150819 ], [ 130.684753359210191, 33.898107952486171 ], [ 130.684750251211739, 33.898104503375329 ], [ 130.684732127684697, 33.898084391739978 ], [ 130.684724491459718, 33.898081144345809 ], [ 130.68471341070358, 33.898076430786872 ], [ 130.684709215060224, 33.898074647344558 ], [ 130.684707780062126, 33.898074035526129 ], [ 130.68468560208396, 33.898064601207366 ], [ 130.684673365662235, 33.898060124563223 ], [ 130.684672030932319, 33.898059522360683 ], [ 130.684652452006105, 33.898050698485832 ], [ 130.68464533234345, 33.898047488202252 ], [ 130.684644688694164, 33.898047198168612 ], [ 130.684611523913475, 33.89803749857397 ], [ 130.684593938580747, 33.898032355326471 ], [ 130.684566929586083, 33.898024455281174 ], [ 130.684520457676626, 33.898027520354042 ], [ 130.684487984708085, 33.898029658890344 ], [ 130.684384784824715, 33.898051311981028 ], [ 130.684382178248427, 33.898051858231817 ], [ 130.684272579501254, 33.898099424583528 ], [ 130.684218081702255, 33.898141118786299 ], [ 130.684190898623314, 33.89816191624859 ], [ 130.684148560040342, 33.898202118929262 ], [ 130.684135500291319, 33.898214516073416 ], [ 130.684130585498565, 33.898219182428733 ], [ 130.684111229608902, 33.898237559182867 ], [ 130.684100041207245, 33.898248179343298 ], [ 130.684082936503728, 33.898260887296331 ], [ 130.684059494801858, 33.898278297507773 ], [ 130.684052932158494, 33.89828317087207 ], [ 130.684051728535366, 33.898283886969026 ], [ 130.684010466308479, 33.898308371498196 ], [ 130.684006808544297, 33.89831035072384 ], [ 130.683953735852441, 33.898339081859589 ], [ 130.683870423683999, 33.898384182387524 ], [ 130.683820972692786, 33.89841867519403 ], [ 130.683792790271809, 33.898438325338802 ], [ 130.683786188004945, 33.898442929489825 ], [ 130.683778328061294, 33.898448412481812 ], [ 130.683770746312717, 33.898453701394764 ], [ 130.683766281296954, 33.898456812668165 ], [ 130.683765080085863, 33.898456330219474 ], [ 130.683759362630099, 33.898454035943452 ], [ 130.683757355559379, 33.898453230014645 ], [ 130.683753810237448, 33.898451807033737 ], [ 130.683740216385843, 33.898446348870088 ], [ 130.683723365140224, 33.898469267116567 ], [ 130.683710461816219, 33.89848684348047 ], [ 130.683710822255534, 33.898505870428238 ], [ 130.68370019744961, 33.898516274108026 ], [ 130.68369079243206, 33.898601408151599 ], [ 130.683685658235163, 33.898647872080737 ], [ 130.683709344019007, 33.898856609213361 ], [ 130.683709348195237, 33.898856640040968 ], [ 130.683723686577764, 33.898952449735539 ], [ 130.683728875031903, 33.89897663266035 ], [ 130.68373824109031, 33.899020294396017 ], [ 130.683746632354229, 33.899059407020786 ], [ 130.683774583228029, 33.899135947273692 ], [ 130.683787368162967, 33.899162722413088 ], [ 130.683806871992431, 33.899203579347642 ], [ 130.683821122708224, 33.899224561748774 ], [ 130.683883604138998, 33.899316581269332 ], [ 130.68388537497836, 33.899319189354856 ], [ 130.68389828361569, 33.899343199832053 ], [ 130.683903646322022, 33.899353174783421 ], [ 130.683909705094663, 33.899364444202597 ], [ 130.683913116185863, 33.89937540074024 ], [ 130.683920228591489, 33.899398250354835 ], [ 130.683920374028247, 33.899398719588554 ], [ 130.683904992014305, 33.899453551274036 ], [ 130.683835884444903, 33.899513922784834 ], [ 130.683823996976287, 33.899519513296795 ], [ 130.683812678013027, 33.899524832895473 ], [ 130.683773190177902, 33.899543397751884 ], [ 130.683742887896415, 33.899553750841037 ], [ 130.683741493609858, 33.899553908709827 ], [ 130.683730606075699, 33.899555128332828 ], [ 130.683678690259029, 33.899560942192565 ], [ 130.683579642152068, 33.899559823144592 ], [ 130.683572567891247, 33.899559741363703 ], [ 130.683542814749046, 33.89954986578492 ], [ 130.683478306373786, 33.899528458057922 ], [ 130.683370832232072, 33.899495671916199 ], [ 130.683260995648283, 33.899466322160954 ], [ 130.683088098347412, 33.899441525996586 ], [ 130.682957139819251, 33.899434269602246 ], [ 130.682852457112062, 33.899426484028986 ], [ 130.682850431958599, 33.899445116767083 ], [ 130.682850197713293, 33.899447263966572 ], [ 130.682847761418316, 33.899469669571268 ], [ 130.682831683054218, 33.899617520863572 ], [ 130.682815538997914, 33.899765992715011 ], [ 130.682806670124648, 33.899847534095571 ], [ 130.682804153006259, 33.899867687666898 ], [ 130.682802020735778, 33.899884758376587 ], [ 130.68279655073394, 33.899928533455387 ], [ 130.682790244956806, 33.899953391224457 ], [ 130.682782484774094, 33.899983980662206 ], [ 130.682780094233777, 33.899993406229449 ], [ 130.682774175399658, 33.899998472167759 ], [ 130.682754885765576, 33.900014972094631 ], [ 130.682746472573569, 33.900022168300517 ], [ 130.682648155875881, 33.900034285370211 ], [ 130.682644531006218, 33.900034470670889 ], [ 130.682625460861516, 33.900035439266674 ], [ 130.682592888226623, 33.900037093064569 ], [ 130.682524435815083, 33.900030197413386 ], [ 130.6824306864915, 33.900018789768083 ], [ 130.682425722292805, 33.900018184346756 ], [ 130.682403048713979, 33.900014685213314 ], [ 130.682402865043315, 33.900014654740112 ], [ 130.682309753575737, 33.900000285871357 ], [ 130.682245602347763, 33.899987961933199 ], [ 130.682223570601678, 33.899983730078795 ], [ 130.682109256807877, 33.899961771256883 ], [ 130.682086106679435, 33.899957322924621 ], [ 130.681966115305983, 33.899951599083074 ], [ 130.681952701308973, 33.899952537037201 ], [ 130.681866621907886, 33.899958549540749 ], [ 130.681757257847664, 33.900003342454205 ], [ 130.681706988904722, 33.9000312705206 ], [ 130.681668417297743, 33.900052697293411 ], [ 130.681641051573621, 33.900143688922455 ], [ 130.681657513295647, 33.900238358453585 ], [ 130.681662390651212, 33.900266409519375 ], [ 130.681679164827244, 33.900362881542812 ], [ 130.681632558986649, 33.900407726021676 ], [ 130.681450219635451, 33.900583173277028 ], [ 130.681243215037085, 33.900717869577875 ], [ 130.68111338632238, 33.900740966739662 ], [ 130.681192147009824, 33.9009081412458 ], [ 130.681325130298291, 33.901186941409598 ], [ 130.681354382408131, 33.901251056873875 ], [ 130.681466355619307, 33.901483019064592 ], [ 130.681434615494823, 33.901648938703914 ], [ 130.681429181666857, 33.901677347569439 ], [ 130.681413639512328, 33.901802620245405 ], [ 130.681411622973002, 33.90182988880612 ], [ 130.681409950830442, 33.901852537145928 ], [ 130.681403156601363, 33.901944397012073 ], [ 130.681388218956215, 33.902146396012348 ], [ 130.681381661109953, 33.902143244254731 ], [ 130.681378998448338, 33.902141964132106 ], [ 130.681378151304614, 33.902141554957019 ], [ 130.681370912319693, 33.902138073978755 ], [ 130.68134316254995, 33.902124731049206 ], [ 130.681281077553052, 33.902094874074798 ], [ 130.68120308549004, 33.902050682013488 ], [ 130.681189434651486, 33.902042946293676 ], [ 130.681176500767947, 33.902035618407673 ], [ 130.681173473833553, 33.902034034004579 ], [ 130.68116149372824, 33.902027240389657 ], [ 130.681141318458884, 33.902015800758377 ], [ 130.680844396305304, 33.901847432742755 ], [ 130.680771012729821, 33.901816825651181 ], [ 130.680411500348299, 33.901666873410747 ], [ 130.680225584808568, 33.901652858324915 ], [ 130.680151463411306, 33.901658817042758 ], [ 130.679954120083835, 33.90167467950377 ], [ 130.679814615397277, 33.901706955947297 ], [ 130.679699818013489, 33.901733512047329 ], [ 130.679679165751708, 33.901763210372536 ], [ 130.679680510558626, 33.901983207430447 ], [ 130.679620511638319, 33.902126404620226 ], [ 130.67953602527615, 33.902212878547601 ], [ 130.679472905821314, 33.902277484013254 ], [ 130.679438727586415, 33.9023045281686 ], [ 130.679366391227973, 33.902361765722702 ], [ 130.679328679858202, 33.902391606460789 ], [ 130.679270065369309, 33.902452762106329 ], [ 130.679254646676867, 33.902528453556563 ], [ 130.679339605607936, 33.902651300150652 ], [ 130.679371971402645, 33.902670316948274 ], [ 130.67944991545528, 33.902747622576598 ], [ 130.679478619881337, 33.902776088448952 ], [ 130.679749795330963, 33.902929687384578 ], [ 130.679749881600372, 33.902929736039006 ], [ 130.679762166235577, 33.902936451352652 ], [ 130.679769104453726, 33.902940245024226 ], [ 130.679779049787953, 33.902945681584427 ], [ 130.679843311500122, 33.902980815821067 ], [ 130.679933850956672, 33.903056791349037 ], [ 130.679953031075144, 33.903093390919381 ], [ 130.679961765991266, 33.903110060248608 ], [ 130.679976412390914, 33.903219350170602 ], [ 130.67997905473058, 33.903239077908026 ], [ 130.679981343930052, 33.903256161630765 ], [ 130.679981526969129, 33.903257518874177 ], [ 130.679984899558008, 33.903282700962507 ], [ 130.680012737623315, 33.903490485938924 ], [ 130.680019099447236, 33.903537967818629 ], [ 130.680007132759755, 33.903596646226475 ], [ 130.679885159478232, 33.903646320819796 ], [ 130.679780213522122, 33.903664075756488 ], [ 130.679766050450041, 33.903673328577526 ], [ 130.67972385297054, 33.903700892994365 ], [ 130.67969872738891, 33.903769348814237 ], [ 130.679669974712908, 33.903940581074977 ], [ 130.67966804503169, 33.903945706480613 ], [ 130.679625200489994, 33.904059476926541 ], [ 130.679557894428228, 33.904131428641406 ], [ 130.679440244696707, 33.904127501711685 ], [ 130.679352484970309, 33.90412457338887 ], [ 130.679224269013417, 33.904274968079967 ], [ 130.679219867333416, 33.904278289903324 ], [ 130.679154797554844, 33.904364783140203 ], [ 130.679114740477559, 33.904395132906409 ], [ 130.679096206313943, 33.904409174398346 ], [ 130.679039816234706, 33.904451892477816 ], [ 130.67895942791435, 33.904512793162304 ], [ 130.678906169071809, 33.904559214796159 ], [ 130.678853277661091, 33.904614634901186 ], [ 130.678840190135219, 33.904644355013112 ], [ 130.678833208039464, 33.904686299601032 ], [ 130.678804056079912, 33.904861371772242 ], [ 130.678801473325933, 33.904876872571101 ], [ 130.678802207230461, 33.90488037749644 ], [ 130.678794286267191, 33.904889970624012 ], [ 130.678778649209761, 33.904908902904197 ], [ 130.678755386612181, 33.904928984081238 ], [ 130.67862118481159, 33.905090992218277 ], [ 130.678422844487812, 33.905213944685066 ], [ 130.678325819861982, 33.905216154038285 ], [ 130.678210905136012, 33.905218806104678 ], [ 130.678061057224028, 33.905206291746694 ], [ 130.677891420695516, 33.905299526609525 ], [ 130.677781316028188, 33.905275566114803 ], [ 130.677508136126022, 33.905257791040277 ], [ 130.67742832360662, 33.905243138433001 ], [ 130.677366844040591, 33.905215785096267 ], [ 130.677303453031726, 33.905220196417254 ], [ 130.677269940692355, 33.905247437025558 ], [ 130.677209950221965, 33.905296161490064 ], [ 130.677076331162255, 33.905437035584121 ], [ 130.676697775903818, 33.905641145007806 ], [ 130.67654181562196, 33.905764701831508 ], [ 130.676491335538998, 33.90583909182461 ], [ 130.676426716748693, 33.9058773081045 ], [ 130.676344466123368, 33.905925974351582 ], [ 130.67624722636296, 33.905919661107689 ], [ 130.676195100041042, 33.905958540761013 ], [ 130.676078301026223, 33.90609051244558 ], [ 130.675984989948404, 33.906310879429519 ], [ 130.675904754783204, 33.906440767339717 ], [ 130.675770722009645, 33.906572622754858 ], [ 130.675572124217098, 33.906706700079212 ], [ 130.675354108023413, 33.906886934369687 ], [ 130.67532961457087, 33.906964071348298 ], [ 130.675290734327149, 33.907086461708253 ], [ 130.675314066356691, 33.907187743918399 ], [ 130.675297538716478, 33.907297234443767 ], [ 130.675187523060174, 33.90748268642691 ], [ 130.675128286255045, 33.907593081043409 ], [ 130.675058482414101, 33.90772317140928 ], [ 130.675074657215191, 33.907840568371817 ], [ 130.675196098110064, 33.907938592235446 ], [ 130.675320947405282, 33.908040429928057 ], [ 130.67540207495307, 33.908071077084131 ], [ 130.675470362068808, 33.908096899919563 ], [ 130.675502291048588, 33.908108961220414 ], [ 130.675562223260869, 33.90813159433408 ], [ 130.676237155791938, 33.908292243391863 ], [ 130.676282026547483, 33.908302923126783 ], [ 130.676497150737646, 33.908356960028513 ], [ 130.676668918925088, 33.908483575856316 ], [ 130.676808464534957, 33.908637293946697 ], [ 130.676861837684612, 33.908809309260469 ], [ 130.676870774151894, 33.908881040834608 ], [ 130.676892538759972, 33.909085231914759 ], [ 130.676889829694005, 33.909151806595524 ], [ 130.676882014837162, 33.909343785347289 ], [ 130.676872233188305, 33.909400637329711 ], [ 130.676849281122145, 33.909534025535599 ], [ 130.676924097446204, 33.909715184077463 ], [ 130.676951641100231, 33.909759576743518 ], [ 130.677042029317903, 33.909905261282958 ], [ 130.677139358524641, 33.910114725804235 ], [ 130.677132591824034, 33.910464086515972 ], [ 130.677180121241406, 33.910629814179067 ], [ 130.677211980652515, 33.9107836690361 ], [ 130.677286964421143, 33.910937637065587 ], [ 130.677449963984088, 33.911235328461267 ], [ 130.677664835761732, 33.911627750661509 ], [ 130.677671320874538, 33.911664334511244 ], [ 130.677698459934305, 33.911817394053251 ], [ 130.677705735898684, 33.912004925707826 ], [ 130.677635889796477, 33.912122584943283 ], [ 130.677350926598677, 33.9123030473719 ], [ 130.677268260851292, 33.912355396453265 ], [ 130.677126938795396, 33.912603327687478 ], [ 130.67710597515196, 33.912640105361902 ], [ 130.677081622510457, 33.912813322865006 ], [ 130.677152085936626, 33.913173741697662 ], [ 130.677268098692139, 33.913586968584305 ], [ 130.677375428779754, 33.914045821402823 ], [ 130.67742111262308, 33.914570576153864 ], [ 130.677365381086474, 33.914998918262782 ], [ 130.677219801358518, 33.915348896776507 ], [ 130.67716513229027, 33.915395944403812 ], [ 130.677036537204714, 33.915627842620452 ], [ 130.676862647414794, 33.915912735115505 ], [ 130.676645058034126, 33.916180318638489 ], [ 130.676398424731047, 33.916548343858288 ], [ 130.676314912850728, 33.916631732794144 ], [ 130.676152999038379, 33.91662601719807 ], [ 130.675540390432417, 33.916684254599545 ], [ 130.675187236499283, 33.91676417490325 ], [ 130.674912180907882, 33.916924253452109 ], [ 130.674724513989702, 33.917118658671768 ], [ 130.674643102030046, 33.917265518115393 ], [ 130.674152218574164, 33.917747422024966 ], [ 130.67396343033343, 33.918047128336347 ], [ 130.673806961434366, 33.918190548745343 ], [ 130.673653351383905, 33.918481332857112 ], [ 130.673443555353629, 33.918816206453222 ], [ 130.673627707951852, 33.918972866148948 ], [ 130.673724681257738, 33.919120556714923 ], [ 130.67374966410938, 33.919237343553071 ], [ 130.673686835569214, 33.919334875601521 ], [ 130.67354376601449, 33.919376332397697 ], [ 130.673567910057301, 33.919540945262057 ], [ 130.673564237855345, 33.919678363918628 ], [ 130.673587613587301, 33.919746330410959 ], [ 130.673774546179573, 33.91972880012311 ], [ 130.673886600508553, 33.919567512237514 ], [ 130.673924140206424, 33.919554862310292 ], [ 130.674011781335849, 33.919752118949489 ], [ 130.674016294110487, 33.919864129605322 ], [ 130.674119447480422, 33.919821721486173 ], [ 130.674089348778097, 33.919722461150926 ], [ 130.674200135358717, 33.919683029190409 ], [ 130.674310083684531, 33.919537162222085 ], [ 130.674535759015697, 33.919512902043557 ], [ 130.674710976116302, 33.919536896912092 ], [ 130.674923478251202, 33.919615866865499 ], [ 130.675216656692641, 33.919609043396434 ], [ 130.675353541895959, 33.919638079658611 ], [ 130.675500889935392, 33.919737299736305 ], [ 130.675593810419457, 33.919841375999802 ], [ 130.675781102977709, 33.919835186121517 ], [ 130.67586584919863, 33.919816674811074 ], [ 130.676495869189893, 33.92007954703903 ], [ 130.67699005495777, 33.920304016552123 ], [ 130.677396518171605, 33.920547127187433 ], [ 130.677692282304179, 33.920705416873105 ], [ 130.678064866655319, 33.920948437395708 ], [ 130.678295800804676, 33.921115640370601 ], [ 130.678545912540955, 33.921333045744696 ], [ 130.679058053835718, 33.921611721619847 ], [ 130.679313778063062, 33.921758842216924 ], [ 130.679666844587416, 33.922044351592696 ], [ 130.679875070047416, 33.922224521690524 ], [ 130.680023192573259, 33.92233944775564 ], [ 130.680196864011009, 33.922446620427351 ], [ 130.680471443283182, 33.92268176683806 ], [ 130.680973307414149, 33.923175530726468 ], [ 130.68117055580359, 33.92331587160777 ], [ 130.681579990017099, 33.923686894718806 ], [ 130.681821692817977, 33.92397182455985 ], [ 130.682019605563625, 33.924229376853219 ], [ 130.682498280788565, 33.92475103806494 ], [ 130.682890821637613, 33.925265991354415 ], [ 130.683104495254554, 33.925593176581877 ], [ 130.683532722379994, 33.92631820224527 ], [ 130.683669531232198, 33.926520789604162 ], [ 130.683771037720248, 33.926712509310171 ], [ 130.683896087781989, 33.926952892950396 ], [ 130.684069005442922, 33.927249400920068 ], [ 130.684295003032986, 33.927685797026925 ], [ 130.684567299271038, 33.928152532978579 ], [ 130.684770054337577, 33.928454751173867 ], [ 130.684991299963372, 33.928837174391113 ], [ 130.68503951775196, 33.928931336168795 ], [ 130.685134411793115, 33.929131839429644 ], [ 130.685193627386752, 33.929401352150897 ], [ 130.685278663359298, 33.929565977815727 ], [ 130.685298045928164, 33.929707046612698 ], [ 130.685176307658395, 33.929907906896595 ], [ 130.685136493868953, 33.93006671459856 ], [ 130.684885223537094, 33.930340987933569 ], [ 130.684643828560809, 33.930629091966793 ], [ 130.68439491411354, 33.930859205743985 ], [ 130.684320993964775, 33.930981084516773 ], [ 130.684290476067758, 33.931167881052595 ], [ 130.684364409411018, 33.931192092103096 ], [ 130.684424300090086, 33.931134276569942 ], [ 130.684483704379829, 33.931203460498068 ], [ 130.684630073896216, 33.931066624494889 ], [ 130.684670242213826, 33.931109555637221 ], [ 130.684566010907247, 33.931207830389575 ], [ 130.684563425673161, 33.931313764211424 ], [ 130.685146127753569, 33.930964979699333 ], [ 130.685172618234958, 33.930976177615108 ], [ 130.684508615121786, 33.931374200336137 ], [ 130.684409007574118, 33.931295050113626 ], [ 130.684372597245698, 33.931343699027359 ], [ 130.684445714327296, 33.931411651183623 ], [ 130.684361804571694, 33.931389385509959 ], [ 130.683995904171042, 33.93149050266311 ], [ 130.683936542730038, 33.931531554308776 ], [ 130.683929123739119, 33.93162437500883 ], [ 130.684052926408327, 33.931706829199854 ], [ 130.684025211911688, 33.931815867550903 ], [ 130.683883676230238, 33.931843463198568 ], [ 130.683690564188311, 33.93195425531794 ], [ 130.683696856347837, 33.932041546956214 ], [ 130.683909959439234, 33.93202589856935 ], [ 130.684055033542762, 33.932001269958739 ], [ 130.684243874218055, 33.931707324868292 ], [ 130.684389755423354, 33.931480747203445 ], [ 130.684751664518132, 33.931263254709719 ], [ 130.685141070479773, 33.931709649868132 ], [ 130.6855916591241, 33.932226146186885 ], [ 130.685594980977726, 33.93222995792361 ], [ 130.685450280530944, 33.933121274003241 ], [ 130.6845883024599, 33.933022119941249 ], [ 130.684675140118799, 33.932484400001798 ], [ 130.684639789512971, 33.932480646115863 ], [ 130.684551177758578, 33.933018359794254 ], [ 130.684152218881195, 33.932973441561153 ], [ 130.68413139571274, 33.933109687334571 ], [ 130.684455569053341, 33.933177586783735 ], [ 130.684455374143113, 33.933351148370988 ], [ 130.684203671498807, 33.933406142032517 ], [ 130.683879792384175, 33.933613520161316 ], [ 130.683684265106734, 33.933782066330743 ], [ 130.683650741580408, 33.933758382094823 ], [ 130.683553544987404, 33.933866816069376 ], [ 130.68315717967883, 33.933599455058832 ], [ 130.683485058589866, 33.933264594722829 ], [ 130.683529155372185, 33.933291265505126 ], [ 130.683694230076981, 33.933114116791756 ], [ 130.683666849521501, 33.9330969294627 ], [ 130.683716301404274, 33.933001049342856 ], [ 130.683659268968341, 33.932890382024276 ], [ 130.683628333396086, 33.932886639329865 ], [ 130.683455919465786, 33.932414459087916 ], [ 130.683396659586577, 33.932426842570173 ], [ 130.683569956752024, 33.932894657976654 ], [ 130.683374614457335, 33.933127655976449 ], [ 130.68312845020003, 33.933358690568035 ], [ 130.683093643484938, 33.933447916344576 ], [ 130.682922844069537, 33.933619413201093 ], [ 130.682977139118691, 33.933687176258154 ], [ 130.682890880025894, 33.933779580292175 ], [ 130.682146123266847, 33.933293227360167 ], [ 130.682125721551472, 33.933314517187128 ], [ 130.681986378039568, 33.933223496805759 ], [ 130.682477623027296, 33.932701205256848 ], [ 130.682455614379307, 33.931838758262259 ], [ 130.68249451656277, 33.9318358319833 ], [ 130.682482883942214, 33.931754374385797 ], [ 130.682565125881098, 33.931747967663725 ], [ 130.682574756513503, 33.931702982095437 ], [ 130.682544641845226, 33.931551881742188 ], [ 130.682511097851545, 33.931539959324404 ], [ 130.682264424031587, 33.931550304523491 ], [ 130.682227860037017, 33.931635017388011 ], [ 130.682238913874727, 33.931702105551871 ], [ 130.682281770367553, 33.932000315382759 ], [ 130.682292777207181, 33.93260386890762 ], [ 130.682191854271764, 33.932765332895968 ], [ 130.681994308192685, 33.932993603720838 ], [ 130.681569186962861, 33.933447179121565 ], [ 130.681513546560723, 33.933553466248696 ], [ 130.682161278696526, 33.933974835594512 ], [ 130.682067508988581, 33.933996004311624 ], [ 130.681961472105144, 33.934099978597672 ], [ 130.681815330994596, 33.934297461257167 ], [ 130.681772066131941, 33.934280370679382 ], [ 130.681665138108173, 33.934391034148227 ], [ 130.681538016061438, 33.934580747492035 ], [ 130.681605969995076, 33.934611142531971 ], [ 130.681698971909896, 33.934564262882432 ], [ 130.681660105788126, 33.934676510830641 ], [ 130.68166865159256, 33.934753171100134 ], [ 130.681746664916062, 33.934697376879789 ], [ 130.681842994369674, 33.93470431866541 ], [ 130.681664173539076, 33.934889107742265 ], [ 130.681579345617308, 33.934999053558307 ], [ 130.681572866097213, 33.935077153222963 ], [ 130.681683451501726, 33.935051026474881 ], [ 130.681753628110897, 33.935200682543424 ], [ 130.682340181138727, 33.934604607825094 ], [ 130.682409132454524, 33.934605563054419 ], [ 130.682527124999694, 33.934729631362401 ], [ 130.682382385554149, 33.934902394143023 ], [ 130.682204936317959, 33.935076620546525 ], [ 130.681963398693, 33.935368524818763 ], [ 130.681834908650103, 33.93557330836267 ], [ 130.681800743360355, 33.935722198145392 ], [ 130.681665073947158, 33.935955068063791 ], [ 130.681655259786908, 33.936099793995581 ], [ 130.681683989756777, 33.936333939268138 ], [ 130.681628073642685, 33.936394863994451 ], [ 130.681521065954172, 33.936407121953273 ], [ 130.681416848194516, 33.936497857559281 ], [ 130.68128176491939, 33.936692055984459 ], [ 130.681287780739353, 33.93673849264561 ], [ 130.681338125846054, 33.936749681589184 ], [ 130.681502142889514, 33.936621137819849 ], [ 130.681525103678666, 33.93662781909979 ], [ 130.681512365385288, 33.936724287711961 ], [ 130.681630483428705, 33.936581745637362 ], [ 130.681673781430419, 33.936584746229123 ], [ 130.681601983916124, 33.936758825148381 ], [ 130.681445306096407, 33.936930498530053 ], [ 130.681522781975787, 33.937014663171361 ], [ 130.681548357964147, 33.937153705495525 ], [ 130.681652593609613, 33.93717158813385 ], [ 130.681873264976161, 33.937028470120225 ], [ 130.681969464829564, 33.936831279288832 ], [ 130.682075416570854, 33.936750128950926 ], [ 130.682272548737956, 33.936510376241785 ], [ 130.682400572529446, 33.936436677876799 ], [ 130.682630803670406, 33.936215112579504 ], [ 130.682688384307966, 33.936183495040453 ], [ 130.682526693096889, 33.936397631074882 ], [ 130.68247850939477, 33.936516055805676 ], [ 130.682458689049128, 33.936619971752329 ], [ 130.682446098939664, 33.936796387829752 ], [ 130.682505760792282, 33.93703716312028 ], [ 130.682566811698138, 33.937021120134418 ], [ 130.682580375130328, 33.936940785246158 ], [ 130.682705021031978, 33.936941109893965 ], [ 130.682772442475226, 33.936876482775929 ], [ 130.682815975117052, 33.936912942018331 ], [ 130.68281002280753, 33.936997382737026 ], [ 130.682689696539143, 33.9371433715582 ], [ 130.682680323446732, 33.937284716883532 ], [ 130.682770523048845, 33.937396667785727 ], [ 130.682768405151421, 33.937495418123724 ], [ 130.682867916519797, 33.93759668535963 ], [ 130.682898898949219, 33.937588595621541 ], [ 130.683129092967818, 33.937376611008631 ], [ 130.683192632788746, 33.937402555182963 ], [ 130.683254695284347, 33.93735855190625 ], [ 130.683234789035765, 33.937239106310159 ], [ 130.683383490718143, 33.937190116245461 ], [ 130.683515897134043, 33.937245684261917 ], [ 130.683678727393215, 33.937077053872791 ], [ 130.683734586777973, 33.937036626108686 ], [ 130.684007890995218, 33.936757339807301 ], [ 130.684330946013489, 33.936415421783565 ], [ 130.684645064006645, 33.936096582067535 ], [ 130.684761323404416, 33.935970093138657 ], [ 130.684881559980795, 33.935967445262897 ], [ 130.684889182303806, 33.936061148997517 ], [ 130.685006751347487, 33.936060608915781 ], [ 130.685109275037036, 33.935946269032179 ], [ 130.685211804642421, 33.935950971354799 ], [ 130.6852566286843, 33.936027724695855 ], [ 130.685160517789598, 33.936196249406876 ], [ 130.685268787935172, 33.936324023387392 ], [ 130.685383993856391, 33.936248385974011 ], [ 130.685491457487672, 33.936112362800458 ], [ 130.685526187690954, 33.936164365880643 ], [ 130.685646777775332, 33.936065992535568 ], [ 130.685837239476655, 33.935839880622488 ], [ 130.68590010392009, 33.935812783103167 ], [ 130.685974639688112, 33.935980126177348 ], [ 130.686034786877684, 33.935967813232004 ], [ 130.686617804157464, 33.935362551221893 ], [ 130.686675811009081, 33.935364530534137 ], [ 130.687097463072206, 33.9349316386512 ], [ 130.687551536584948, 33.934435081161837 ], [ 130.687599689485268, 33.934421047437581 ], [ 130.687903249100827, 33.934473878611698 ], [ 130.688021203128329, 33.934512007234623 ], [ 130.688160877922911, 33.934515604726201 ], [ 130.688463797438942, 33.934546174142376 ], [ 130.688692242393046, 33.934543798640725 ], [ 130.688754397543335, 33.93455481809503 ], [ 130.688814600466259, 33.934565491896194 ], [ 130.688987308649871, 33.934596112801223 ], [ 130.689244762919486, 33.934662911722057 ], [ 130.689383176861526, 33.934646640866717 ], [ 130.689953610597343, 33.934920479433728 ], [ 130.690374577158707, 33.935170549395465 ], [ 130.690451459884827, 33.935227939024372 ], [ 130.690600341272301, 33.935421320098321 ], [ 130.690731346369631, 33.935373964319091 ], [ 130.690836765498773, 33.935362468874018 ], [ 130.690876840075987, 33.935327492050874 ], [ 130.690994351808854, 33.935295952147236 ], [ 130.69126701220236, 33.935288681410277 ], [ 130.691430424420986, 33.935276697762355 ], [ 130.691666925562487, 33.935296455122995 ], [ 130.691953552312953, 33.935341697558592 ], [ 130.692284553237243, 33.935432482909526 ], [ 130.692736881461542, 33.935618453415437 ], [ 130.693041459328242, 33.935784537839893 ], [ 130.693164286962258, 33.935844367741467 ], [ 130.693330640807233, 33.936015880605069 ], [ 130.693415806364584, 33.936115553476327 ], [ 130.693511608453576, 33.93630238565995 ], [ 130.693559009434551, 33.936483037401203 ], [ 130.693439291041074, 33.936695390598096 ], [ 130.69327176856919, 33.936864655267087 ], [ 130.693120841065877, 33.9369947278227 ], [ 130.692803472040765, 33.937346193124391 ], [ 130.692523512183101, 33.937615477674413 ], [ 130.692395532441481, 33.937808720626442 ], [ 130.69232077786134, 33.937905595863739 ], [ 130.692125453450728, 33.938048798996377 ], [ 130.692082993659369, 33.938178439521302 ], [ 130.692036768272459, 33.938242632683831 ], [ 130.691845301437411, 33.938418386068932 ], [ 130.6918842993731, 33.93845412687547 ], [ 130.692165607877484, 33.938311916781963 ], [ 130.692220479259987, 33.938364249422698 ], [ 130.692179778888629, 33.938456139964131 ], [ 130.692252084110947, 33.938489076075314 ], [ 130.692367380568186, 33.938445694220825 ], [ 130.692494218837965, 33.938466653250806 ], [ 130.692867387255433, 33.938164213136254 ], [ 130.693400143734863, 33.937831955924544 ], [ 130.693591810805799, 33.937747770182867 ], [ 130.693665193992814, 33.93778148354864 ], [ 130.693699162482972, 33.937853837987909 ], [ 130.693642783389919, 33.938029651567305 ], [ 130.693472237204105, 33.938229058278758 ], [ 130.693301418972482, 33.938402752449264 ], [ 130.693171814759211, 33.93860183790742 ], [ 130.693312489591904, 33.938754126860843 ], [ 130.693279818724733, 33.938827793232392 ], [ 130.693315560177695, 33.938859017305994 ], [ 130.693428346759532, 33.938808655311682 ], [ 130.693502695097578, 33.938831874729189 ], [ 130.693560306786395, 33.938921687890947 ], [ 130.693590161093624, 33.939029039866647 ], [ 130.693672308561304, 33.939045305889032 ], [ 130.69385424497807, 33.93894743017561 ], [ 130.695141431599694, 33.937706358337671 ], [ 130.695383889778952, 33.937752889332145 ], [ 130.695528028699727, 33.937798048202751 ], [ 130.695785267521671, 33.937912939814971 ], [ 130.69583520657045, 33.937975049921079 ], [ 130.695860719035096, 33.938079150248775 ], [ 130.696060141544706, 33.93806034679141 ], [ 130.69633158193173, 33.938204434512087 ], [ 130.696439944640105, 33.938234218708715 ], [ 130.696713768705138, 33.938253212607208 ], [ 130.696911748442943, 33.938230388646488 ], [ 130.697001834150456, 33.938193915042099 ], [ 130.697113045381087, 33.938092055040784 ], [ 130.697204589502832, 33.938061358649705 ], [ 130.697440558354941, 33.938043067892579 ], [ 130.697458477170187, 33.93809713839476 ], [ 130.697377339584079, 33.938160472001826 ], [ 130.697422406715475, 33.938213412349832 ], [ 130.69767428369542, 33.938153669639007 ], [ 130.697885260208494, 33.938070648720782 ], [ 130.698001899592185, 33.9380786835724 ], [ 130.698295588875709, 33.938184711060359 ], [ 130.69848296610968, 33.938295194259993 ], [ 130.698695768100407, 33.938434268095946 ], [ 130.698829507112094, 33.938556102362178 ], [ 130.698910795307683, 33.938663015977944 ], [ 130.698947963209946, 33.938753197504084 ], [ 130.698990029278349, 33.938789011617494 ], [ 130.699211662550141, 33.938892253191774 ], [ 130.699468740161933, 33.939059679847759 ], [ 130.699694150383237, 33.939219279854235 ], [ 130.700018403874793, 33.939383560613948 ], [ 130.699999482290821, 33.939465786273892 ], [ 130.699943512089362, 33.939520873187554 ], [ 130.700049804555675, 33.939674193863219 ], [ 130.70020881246441, 33.93982236076436 ], [ 130.700294025518929, 33.939790520342285 ], [ 130.700255671693384, 33.93962785534562 ], [ 130.700316705299798, 33.939464728380727 ], [ 130.700365861921028, 33.939387576955383 ], [ 130.700416472440139, 33.939361286562132 ], [ 130.70056469078591, 33.939384469262833 ], [ 130.700719745673098, 33.939153669210761 ], [ 130.700610076534105, 33.939084724229474 ], [ 130.700676419217501, 33.938962323283491 ], [ 130.700778300370615, 33.938870085964027 ], [ 130.700912086738469, 33.938771517423625 ], [ 130.701050489780442, 33.938700499117601 ], [ 130.701284186272318, 33.938663946409811 ], [ 130.701741909297112, 33.938674497957145 ], [ 130.702110649886947, 33.938658203723641 ], [ 130.702420679881357, 33.938683257142166 ], [ 130.702532552783254, 33.938713746015509 ], [ 130.702540302572714, 33.938763704979124 ], [ 130.702296832938373, 33.939025076535756 ], [ 130.70219983918426, 33.939176494058906 ], [ 130.702224876442074, 33.939311515040892 ], [ 130.702327982652093, 33.939385301872782 ], [ 130.702465693432885, 33.939422334841815 ], [ 130.702615989108864, 33.939400932131655 ], [ 130.702760349241231, 33.939305344449153 ], [ 130.702942775180134, 33.939162162428673 ], [ 130.70319093405044, 33.938938205274688 ], [ 130.703388611955916, 33.938770898480811 ], [ 130.703715687252668, 33.938446120956421 ], [ 130.703777880575558, 33.938393371688406 ], [ 130.703941361624203, 33.938351855357737 ], [ 130.704410202383627, 33.93828064204849 ], [ 130.704761186886458, 33.938216613082524 ], [ 130.705010792772072, 33.938179245617178 ], [ 130.705325696527041, 33.938187468071668 ], [ 130.706110628789844, 33.938178429074888 ], [ 130.706274613946476, 33.93818804853219 ], [ 130.706430953173765, 33.938214272972026 ], [ 130.706539740244153, 33.938245526232983 ], [ 130.706643210386602, 33.938337061435853 ], [ 130.706576796244974, 33.938414173266942 ], [ 130.706616258707101, 33.938484142379451 ], [ 130.706746632879259, 33.938405351217938 ], [ 130.70692647786916, 33.938366264283118 ], [ 130.707024777876484, 33.938319658215967 ], [ 130.707230821843609, 33.938199346238243 ], [ 130.707419834228403, 33.938061878463593 ], [ 130.707581373349853, 33.938057190252479 ], [ 130.707649551492096, 33.938113421995311 ], [ 130.707630620756163, 33.938169446506379 ], [ 130.707440359505199, 33.938345442552972 ], [ 130.707421443221904, 33.93839773272127 ], [ 130.7074852337241, 33.938445711164192 ], [ 130.707529356731129, 33.938443985880255 ], [ 130.707708470583952, 33.938296419765628 ], [ 130.707834555090585, 33.938180004182492 ], [ 130.708216243891627, 33.937800472351668 ], [ 130.708332220900871, 33.937742847772192 ], [ 130.708585303297752, 33.937731966631119 ], [ 130.708874331339558, 33.937688557655385 ], [ 130.708977436256902, 33.937681898863673 ], [ 130.709188875227483, 33.937759528917873 ], [ 130.709356422386037, 33.937777464976847 ], [ 130.709591139740496, 33.937648905510699 ], [ 130.709721538356376, 33.937568208735385 ], [ 130.709807587654012, 33.937550168912253 ], [ 130.710168449322907, 33.937619416508547 ], [ 130.710465320716224, 33.937706964865477 ], [ 130.710903785619251, 33.937815552524533 ], [ 130.711207839706816, 33.937898045511133 ], [ 130.711265574179549, 33.937944599209409 ], [ 130.711323074984705, 33.937896975465669 ], [ 130.711410004179299, 33.937906900093445 ], [ 130.711551135410303, 33.937952592865898 ], [ 130.711933593819936, 33.938161633763258 ], [ 130.71224107037915, 33.938371414190151 ], [ 130.712418589951483, 33.938370982714957 ], [ 130.712531239042875, 33.938316162552979 ], [ 130.712616172895849, 33.938309809284938 ], [ 130.71275155171702, 33.938382748138125 ], [ 130.712754875010575, 33.938539411260187 ], [ 130.712711585456532, 33.938627639771006 ], [ 130.71287126603778, 33.938686757657237 ], [ 130.713013656630551, 33.938640246560333 ], [ 130.713547105860727, 33.938874428554115 ], [ 130.713655043496459, 33.93890870123154 ], [ 130.713761446006004, 33.938914936792486 ], [ 130.713813410116842, 33.938867228569165 ], [ 130.713859378066843, 33.938640382697635 ], [ 130.713928777381113, 33.938495861817032 ], [ 130.713971223249985, 33.938329515010018 ], [ 130.714180419393927, 33.938085578327126 ], [ 130.714379536050131, 33.937892192812676 ], [ 130.714490037797816, 33.937821517121975 ], [ 130.714548180978113, 33.937745014556604 ], [ 130.714698517890213, 33.937626814390732 ], [ 130.714780228342249, 33.937592065918871 ], [ 130.714969404088606, 33.937568131172405 ], [ 130.714998238288473, 33.937518609036637 ], [ 130.715248396837268, 33.937555956681088 ], [ 130.715504792125699, 33.937546898042775 ], [ 130.715588436651416, 33.937592101363265 ], [ 130.715666782474187, 33.937572066206492 ], [ 130.715766303206181, 33.93748685307056 ], [ 130.715995395201844, 33.937395881805379 ], [ 130.716236999773798, 33.937355091790259 ], [ 130.716512186808757, 33.93733142303708 ], [ 130.716667603753223, 33.937343685033674 ], [ 130.716811344444068, 33.937393109994467 ], [ 130.717057730129511, 33.937575620028625 ], [ 130.71711936649865, 33.937606191008634 ], [ 130.717278688692431, 33.937606978605572 ], [ 130.717423361205675, 33.937540251577737 ], [ 130.717522867917694, 33.937457785688075 ], [ 130.717585562234035, 33.937333394230208 ], [ 130.717648688281884, 33.937249926967688 ], [ 130.717902423264576, 33.937040460111795 ], [ 130.718017353715624, 33.936957958082296 ], [ 130.718210630641778, 33.936861052565426 ], [ 130.718412085080217, 33.936789383579253 ], [ 130.718402903541175, 33.936903332504428 ], [ 130.718432551749032, 33.936940169798454 ], [ 130.718624379645888, 33.936950750945357 ], [ 130.718921177190595, 33.937056592504248 ], [ 130.719049221702193, 33.937014268372998 ], [ 130.719141220377452, 33.936934319227767 ], [ 130.71915033028543, 33.936842488375127 ], [ 130.719084339758439, 33.936792960451847 ], [ 130.718970592865077, 33.936778825335054 ], [ 130.718913070332661, 33.936704097897987 ], [ 130.718929253387131, 33.936607070722808 ], [ 130.719133327302302, 33.936374101228992 ], [ 130.719235576116489, 33.936286145127319 ], [ 130.71946799438615, 33.936184749585166 ], [ 130.719637005004529, 33.936156183063126 ], [ 130.719851215752101, 33.936234082911113 ], [ 130.720018660604808, 33.936237844330044 ], [ 130.720203489176981, 33.936166062337669 ], [ 130.720314329086506, 33.936105878304367 ], [ 130.720305233123554, 33.936193906349104 ], [ 130.720267782394529, 33.93626898028775 ], [ 130.720271507081492, 33.93632611361835 ], [ 130.720318342234719, 33.936378556551063 ], [ 130.720263538404936, 33.936515083762423 ], [ 130.72017946340182, 33.936627946852866 ], [ 130.72010953113346, 33.936751900730783 ], [ 130.720033865210297, 33.936831676964488 ], [ 130.719917531614101, 33.936917490037956 ], [ 130.719969374647661, 33.936938035055704 ], [ 130.720170731454402, 33.936754012489601 ], [ 130.720326566421477, 33.936558898891107 ], [ 130.720445273263408, 33.936341652655564 ], [ 130.720633651978346, 33.936080469939242 ], [ 130.72073444690588, 33.935951301376775 ], [ 130.720880583083897, 33.935730876599123 ], [ 130.721083037506673, 33.935357092537593 ], [ 130.721189950567947, 33.935301828975412 ], [ 130.721364258296376, 33.935299828058341 ], [ 130.721514713846943, 33.93525889016577 ], [ 130.721593339850585, 33.935170103295683 ], [ 130.721605129796615, 33.935007346 ], [ 130.721650069728696, 33.934889461619839 ], [ 130.721776852031212, 33.934811772343558 ], [ 130.721906072108794, 33.93475782581568 ], [ 130.722111909724902, 33.934700317465364 ], [ 130.722211134661734, 33.934749143930219 ], [ 130.722297431008968, 33.93471257190275 ], [ 130.722346555188977, 33.934659640313313 ], [ 130.722492499242207, 33.934654261626427 ], [ 130.72280029102464, 33.934710037745056 ], [ 130.722948859262999, 33.934729390154054 ], [ 130.722990162280155, 33.934742514707466 ], [ 130.723024932013033, 33.934750833620726 ], [ 130.723039818901356, 33.93475305121644 ], [ 130.723112879264221, 33.934752299030116 ], [ 130.723213505125045, 33.934726603383936 ], [ 130.723281000394707, 33.934689140990827 ], [ 130.723311588792086, 33.934671036917685 ], [ 130.723589883721871, 33.934608969225749 ], [ 130.7240654603103, 33.934555796835632 ], [ 130.724463282313451, 33.934477513485909 ], [ 130.724536206576801, 33.934466406165789 ], [ 130.724650644770549, 33.934448981005126 ], [ 130.724715413205388, 33.934444898717551 ], [ 130.724799873792648, 33.934440297932291 ], [ 130.724868103290675, 33.934436363615873 ], [ 130.724885723426809, 33.934436333038406 ], [ 130.724917984939822, 33.934443237042011 ], [ 130.724984705681521, 33.934462264062688 ], [ 130.725005268949076, 33.934467029334009 ], [ 130.725019923846446, 33.934469739796477 ], [ 130.725032380510072, 33.934471527447307 ], [ 130.725045035761951, 33.934472119727467 ], [ 130.725066247707872, 33.934472237460447 ], [ 130.725081120219016, 33.934472551823639 ], [ 130.725098634790754, 33.934471675162001 ], [ 130.725118585191836, 33.934469889321086 ], [ 130.725159862227116, 33.9344647682871 ], [ 130.725177070622294, 33.934461565894338 ], [ 130.725201451000345, 33.934454858081324 ], [ 130.725220565966367, 33.934450463018202 ], [ 130.725238839043925, 33.934444446529376 ], [ 130.725247825489703, 33.934441507563086 ], [ 130.72528731905831, 33.934426522151853 ], [ 130.725297684322356, 33.934422669996039 ], [ 130.725323551618061, 33.934414065268605 ], [ 130.725353669576265, 33.934402931997106 ], [ 130.72537056352067, 33.934398954047666 ], [ 130.72538460688051, 33.934394687991876 ], [ 130.725413103848069, 33.934388764683298 ], [ 130.725434643022425, 33.934385642886816 ], [ 130.725454592273337, 33.934384208633425 ], [ 130.725496699515446, 33.934383315674999 ], [ 130.72556136848624, 33.934384305429781 ], [ 130.725634902100722, 33.934387004309379 ], [ 130.725746729915585, 33.934393239827948 ], [ 130.725840936491181, 33.934399859805296 ], [ 130.725972383470264, 33.934408392783531 ], [ 130.726008650008481, 33.934410727416022 ], [ 130.726145343830893, 33.934410961164275 ], [ 130.726265415528218, 33.934415454094392 ], [ 130.72633481479977, 33.934416102298478 ], [ 130.726411033714413, 33.934412537051358 ], [ 130.726473338276094, 33.934405280267121 ], [ 130.726528500756388, 33.934398992108342 ], [ 130.726565281276606, 33.934399565640739 ], [ 130.727225288674475, 33.934527113720755 ], [ 130.727298109661234, 33.934568271387811 ], [ 130.727389810384182, 33.934639052936966 ], [ 130.727497978813972, 33.93475333223428 ], [ 130.727522267066774, 33.934762755393727 ], [ 130.727543634596827, 33.934759843616142 ], [ 130.727556848444749, 33.934750434531992 ], [ 130.727640526195387, 33.934692436192179 ], [ 130.727680254197622, 33.934690059114367 ], [ 130.72782072696225, 33.934723475029344 ], [ 130.727983713302649, 33.934800401874533 ], [ 130.728087786733653, 33.934853884400773 ], [ 130.72812963197552, 33.934936390316921 ], [ 130.728181404928279, 33.935073718008191 ], [ 130.728237332585337, 33.935205703117646 ], [ 130.728296114970306, 33.93537164774709 ], [ 130.728308269086227, 33.935469936953595 ], [ 130.728327060543052, 33.935527245274024 ], [ 130.728355860351968, 33.935606763378061 ], [ 130.728399572766335, 33.935667083920187 ], [ 130.728440921644449, 33.935705847104771 ], [ 130.728460808886297, 33.93571828816529 ], [ 130.728479068271724, 33.93572248317308 ], [ 130.728493723950834, 33.935725052897858 ], [ 130.728522184046739, 33.935730891006145 ], [ 130.728528012117806, 33.935751965652145 ], [ 130.728629956950954, 33.93605902182906 ], [ 130.728621328313693, 33.936061327327089 ], [ 130.728609400450949, 33.936065314999034 ], [ 130.728600321215339, 33.936070860248662 ], [ 130.72859292531291, 33.93607774644321 ], [ 130.728585425585294, 33.936090127201872 ], [ 130.728583157175592, 33.936099703014904 ], [ 130.728583317332863, 33.936109000766407 ], [ 130.728586212269448, 33.936122250222489 ], [ 130.728588145982997, 33.936125846317879 ], [ 130.728597975622222, 33.936137138194475 ], [ 130.728602591400175, 33.936141304805425 ], [ 130.72860649175027, 33.936144130399803 ], [ 130.72861722875507, 33.936148662126975 ], [ 130.728632134950715, 33.936151794248175 ], [ 130.728644770034919, 33.936151962931426 ], [ 130.728655338866076, 33.936150155874913 ], [ 130.72865960995648, 33.936148684953558 ], [ 130.728679236238065, 33.936209587443159 ], [ 130.728751799819094, 33.936193195017431 ], [ 130.728732958135339, 33.936137646529083 ], [ 130.728744170336512, 33.936132811452509 ], [ 130.728750101772505, 33.936128245964511 ], [ 130.728757433393497, 33.936121851591572 ], [ 130.72876324518333, 33.936114398940909 ], [ 130.728767327632823, 33.936106165455804 ], [ 130.728769574641234, 33.936097507500527 ], [ 130.728769366010397, 33.936089547433376 ], [ 130.72876797158284, 33.936082428925509 ], [ 130.728763380412687, 33.936071501880669 ], [ 130.728759684636003, 33.936064518638283 ], [ 130.728752588452039, 33.93605696770571 ], [ 130.728744343857699, 33.936051384337595 ], [ 130.728735019748058, 33.936047067046665 ], [ 130.728724909037652, 33.936044298233121 ], [ 130.728714346472088, 33.936043075881727 ], [ 130.728701436282051, 33.936043682530205 ], [ 130.728618824645622, 33.93579738738925 ], [ 130.728585347303465, 33.93569383824714 ], [ 130.728579376437892, 33.935671144292527 ], [ 130.728587748817489, 33.93564855179671 ], [ 130.728591133125377, 33.935627426990663 ], [ 130.72866033098154, 33.935612717192036 ], [ 130.728833235437094, 33.93556660612964 ], [ 130.728985628001027, 33.935519114154353 ], [ 130.729133346369167, 33.935474006098204 ], [ 130.729191829189404, 33.935459059494306 ], [ 130.729640340747068, 33.935332408134812 ], [ 130.72962920357736, 33.935258986802879 ], [ 130.729511830555452, 33.935289229502494 ], [ 130.72919518921168, 33.934533006097936 ], [ 130.729232373666633, 33.934512871746541 ], [ 130.729455736546498, 33.934463561579868 ], [ 130.729617393737982, 33.934405732933485 ], [ 130.730095800220965, 33.934276397718484 ], [ 130.730245942218289, 33.934171211302434 ], [ 130.730450815520328, 33.933771493408869 ], [ 130.730842082446287, 33.933138325517696 ], [ 130.730925039978473, 33.932924020160428 ], [ 130.730838749160426, 33.93285346213974 ], [ 130.730762782283392, 33.932858229804872 ], [ 130.730662926790245, 33.932942394459211 ], [ 130.730723488850089, 33.933005853071663 ], [ 130.730242468163681, 33.933796254471943 ], [ 130.730044762557554, 33.934132802230231 ], [ 130.729828507541868, 33.93419283798395 ], [ 130.729821822115412, 33.934168871312473 ], [ 130.729088369990819, 33.934371606974352 ], [ 130.728707867048882, 33.933368351462143 ], [ 130.729421297910307, 33.93310605415769 ], [ 130.729223817218156, 33.932565070895059 ], [ 130.728429900094284, 33.93277175436787 ], [ 130.728199941216815, 33.932149060202065 ], [ 130.728170504072324, 33.932070456879671 ], [ 130.728591557950665, 33.931976290376269 ], [ 130.72869415236255, 33.931941085814124 ], [ 130.72877842673185, 33.93190168497415 ], [ 130.728863540522468, 33.931856085632937 ], [ 130.729410514921796, 33.931725355097825 ], [ 130.729392445950509, 33.931639239466087 ], [ 130.728848006540289, 33.931763705873145 ], [ 130.728802316299095, 33.931721274287476 ], [ 130.72873548784122, 33.931776631096184 ], [ 130.728664518917412, 33.931825784523554 ], [ 130.728564407595826, 33.9318700090761 ], [ 130.728131525708335, 33.931956752217339 ], [ 130.728077329253068, 33.931811668609136 ], [ 130.727971807638966, 33.931516014502101 ], [ 130.727849255186413, 33.931502714006548 ], [ 130.727750062751767, 33.931504395836797 ], [ 130.727407125771606, 33.931486505689186 ], [ 130.727467930708031, 33.931223924396178 ], [ 130.727587263036668, 33.930927522367639 ], [ 130.727813094619989, 33.930965957902259 ], [ 130.729106440026612, 33.93106798361471 ], [ 130.729111956290836, 33.931033692453511 ], [ 130.729441629468397, 33.931108377670853 ], [ 130.72949776678351, 33.931140057510383 ], [ 130.729522547139197, 33.931174344695741 ], [ 130.729526793001412, 33.931201402610448 ], [ 130.729524522050355, 33.93123119280699 ], [ 130.729501502571509, 33.931329405926007 ], [ 130.729467999408456, 33.931322076116693 ], [ 130.729397181122351, 33.931484212369803 ], [ 130.729391681993548, 33.931513081422253 ], [ 130.729393645527779, 33.931573521349023 ], [ 130.729406455244543, 33.931632154757338 ], [ 130.729422518790699, 33.931683540629123 ], [ 130.729451558129028, 33.931733193436799 ], [ 130.729506503520895, 33.9318018517166 ], [ 130.729555965278166, 33.931901630362411 ], [ 130.729826810757032, 33.932546319860876 ], [ 130.729921379040405, 33.932511589220894 ], [ 130.729946014960774, 33.932463532741302 ], [ 130.729953293822376, 33.93237176713491 ], [ 130.729863799715815, 33.932184272578418 ], [ 130.729779212638249, 33.932109070222964 ], [ 130.729699061821179, 33.932006898270743 ], [ 130.729627725100869, 33.931890165803416 ], [ 130.729573839234831, 33.931780726232631 ], [ 130.730431280043916, 33.931475700851962 ], [ 130.73042915472314, 33.931466680005244 ], [ 130.730602350765537, 33.931425569823638 ], [ 130.730743893758159, 33.931818083675871 ], [ 130.730966003984548, 33.932397435553312 ], [ 130.731024447104829, 33.93238129215446 ], [ 130.730797977176223, 33.93181820173767 ], [ 130.730663978827664, 33.93143112823082 ], [ 130.731196573892532, 33.931303315102362 ], [ 130.731308100317449, 33.931262139939513 ], [ 130.731456608616554, 33.931164130423454 ], [ 130.731413502418832, 33.931112687568316 ], [ 130.731221696954861, 33.931220464157263 ], [ 130.731197041042577, 33.931153703512884 ], [ 130.730699110906073, 33.931269827922208 ], [ 130.730635511732885, 33.931198404690939 ], [ 130.730570916806073, 33.931100917893076 ], [ 130.730547394276641, 33.931008871967606 ], [ 130.730554288948952, 33.930885408423215 ], [ 130.730566355130406, 33.930830421860378 ], [ 130.7306100869055, 33.930681750043561 ], [ 130.730691789151848, 33.93049709630867 ], [ 130.730805929259674, 33.930316105156223 ], [ 130.730952568885556, 33.930118984895621 ], [ 130.73102528293478, 33.930037997653294 ], [ 130.731060013879102, 33.930004684156664 ], [ 130.731125092729656, 33.929947136973063 ], [ 130.731193388347748, 33.929894104866584 ], [ 130.731211259098302, 33.929914992684019 ], [ 130.731316205954784, 33.930053071752845 ], [ 130.731414137907507, 33.930211068619037 ], [ 130.731452819880133, 33.930292298682495 ], [ 130.731479616579975, 33.930370754633401 ], [ 130.731487086786274, 33.930407751970073 ], [ 130.731490092785407, 33.930479888143829 ], [ 130.731474762479451, 33.930545714768087 ], [ 130.731461673085761, 33.930576328374734 ], [ 130.731445358440169, 33.930605101339694 ], [ 130.73140952319585, 33.930654612426068 ], [ 130.731369369782414, 33.930692422308454 ], [ 130.731285920509407, 33.930747253454335 ], [ 130.731352748234485, 33.930819528657736 ], [ 130.731438407145959, 33.93075476981717 ], [ 130.731482884324322, 33.930711617606114 ], [ 130.731526324889529, 33.930655782985305 ], [ 130.731563317481971, 33.930588241976245 ], [ 130.731575328045125, 33.930550441773782 ], [ 130.731583037460922, 33.930510730904359 ], [ 130.731583169439318, 33.930468398398226 ], [ 130.731576799011606, 33.930424218123136 ], [ 130.731548964312225, 33.930333080897356 ], [ 130.731503826001727, 33.930242820605386 ], [ 130.731398312718937, 33.930082975333342 ], [ 130.73124860135988, 33.929877108483211 ], [ 130.731562842913206, 33.929696552986009 ], [ 130.732223832547504, 33.929315716726634 ], [ 130.732488334183273, 33.92938919404078 ], [ 130.732721841448978, 33.929469437875319 ], [ 130.732948165869857, 33.929564317052758 ], [ 130.733598604381996, 33.92991425576809 ], [ 130.738560114480009, 33.929862607070497 ], [ 130.738684789168104, 33.930388346729124 ], [ 130.73882932866141, 33.931045919900875 ], [ 130.738830901344897, 33.931161584817829 ], [ 130.738863390381596, 33.931253294377015 ], [ 130.738952851567689, 33.931632658688578 ], [ 130.738993430898802, 33.93183582056443 ], [ 130.739046259847896, 33.931978359173776 ], [ 130.73912611579135, 33.932028399057209 ], [ 130.739224424132971, 33.932033399639622 ], [ 130.740877583685034, 33.932030472981616 ], [ 130.740914263773362, 33.932014490497224 ], [ 130.742358203169118, 33.932019065403146 ], [ 130.743740434332238, 33.932031598388697 ], [ 130.744171314495105, 33.932029321225777 ], [ 130.744433538574157, 33.932021835531877 ], [ 130.744714001159565, 33.932033618027859 ], [ 130.745030146740106, 33.932037509106458 ], [ 130.746937630028299, 33.932029237044297 ], [ 130.748352488322581, 33.932023531970522 ], [ 130.749402221895735, 33.93217186388847 ], [ 130.750109651042862, 33.932845062592989 ], [ 130.752529755191091, 33.933930639300058 ], [ 130.752534291090598, 33.934500358617704 ], [ 130.752528867915231, 33.935094785839297 ], [ 130.752533615788536, 33.9353766204528 ], [ 130.752529516446288, 33.935944279554185 ], [ 130.75250487561047, 33.936152942087766 ], [ 130.752592439809519, 33.936163542430229 ], [ 130.752608473352865, 33.945373404585588 ], [ 130.758671540498909, 33.945882582419308 ], [ 130.768799472703961, 33.947365188464538 ], [ 130.768812309119966, 33.94067099753304 ], [ 130.760109219088207, 33.939644084254958 ], [ 130.76011047986276, 33.934028402930558 ], [ 130.768792341361774, 33.933956125709152 ], [ 130.768929263132179, 33.929095402859566 ], [ 130.760781721559255, 33.926039808497372 ], [ 130.757809574391359, 33.924922462468153 ], [ 130.757749536028342, 33.92502898967836 ], [ 130.757715445649637, 33.925011171853683 ], [ 130.757466716562249, 33.925455294281058 ], [ 130.756260537328046, 33.924994069464049 ], [ 130.755512525566331, 33.924711671266721 ], [ 130.753951293968271, 33.92531673140482 ], [ 130.752484056268429, 33.925875824276396 ], [ 130.75184101543249, 33.92470777041806 ], [ 130.752161349028171, 33.924591133088832 ], [ 130.752157175609256, 33.924559005393796 ], [ 130.752293897945435, 33.924491799345539 ], [ 130.751769620359624, 33.923569535926688 ], [ 130.751589254205555, 33.923234724390745 ], [ 130.751459362948083, 33.923006026007272 ], [ 130.751540274724562, 33.922989354558389 ], [ 130.751818234566798, 33.922995551297007 ], [ 130.752133347712885, 33.922965969753506 ], [ 130.752356982630573, 33.92289508575309 ], [ 130.752393033932663, 33.922883655846761 ], [ 130.752638892177458, 33.922923456122582 ], [ 130.752674381956894, 33.922879292130176 ], [ 130.752873118954312, 33.922902091637091 ], [ 130.753224939007936, 33.923000356028929 ], [ 130.753306095640653, 33.922898100054979 ], [ 130.753392136166127, 33.922853332388804 ], [ 130.753353851991392, 33.922693217237601 ], [ 130.753382813045306, 33.92258296670046 ], [ 130.754884155105287, 33.922867940743721 ], [ 130.755397648056061, 33.922346162682885 ], [ 130.755427447388058, 33.922363973254591 ], [ 130.755947327999223, 33.921845727900845 ], [ 130.755900480195407, 33.921813724728864 ], [ 130.755382744356723, 33.922335425688686 ], [ 130.754329431955568, 33.922141307169497 ], [ 130.754458962939452, 33.921607986814557 ], [ 130.753667940769532, 33.921457072812586 ], [ 130.753714498873848, 33.921293887076892 ], [ 130.753754122911488, 33.921154920234386 ], [ 130.753545202451932, 33.921111884830573 ], [ 130.753609921596734, 33.920855828727881 ], [ 130.753818880306369, 33.920891746452483 ], [ 130.753870543146519, 33.92073181167197 ], [ 130.756092258847616, 33.92113824172668 ], [ 130.756018952985642, 33.921408373917899 ], [ 130.756070135263485, 33.921415587731595 ], [ 130.756169255739081, 33.921063657411544 ], [ 130.75409255763671, 33.920678934335129 ], [ 130.753570507532601, 33.920411133292099 ], [ 130.753493982054408, 33.920371885271692 ], [ 130.753514155274161, 33.919885331918472 ], [ 130.753538350622051, 33.919780143032135 ], [ 130.753487244347298, 33.919745877914188 ], [ 130.753521520287308, 33.919697484466298 ], [ 130.753589654398439, 33.919737629657206 ], [ 130.753729557784538, 33.919751999308161 ], [ 130.753890228275253, 33.919669836999255 ], [ 130.753965661055105, 33.919544887907669 ], [ 130.75398810823927, 33.91945948996478 ], [ 130.754090837241364, 33.919340160177804 ], [ 130.754244686596621, 33.919249389564357 ], [ 130.754305939139158, 33.919317768968291 ], [ 130.754210182353717, 33.919377450223742 ], [ 130.75391512162571, 33.919908957995595 ], [ 130.754362526327554, 33.920410606926865 ], [ 130.754933710175919, 33.92040477519113 ], [ 130.755062231338002, 33.920417780580642 ], [ 130.755430823776578, 33.920423657847387 ], [ 130.756469809258164, 33.92042797677361 ], [ 130.757096452030453, 33.920433726029664 ], [ 130.757530134377163, 33.920603002780659 ], [ 130.759641343311358, 33.921417625208711 ], [ 130.759967281892813, 33.921547942608505 ], [ 130.759997479707181, 33.921491015824301 ], [ 130.760395687102942, 33.921658027402778 ], [ 130.760403597156227, 33.921753699646814 ], [ 130.763255550720658, 33.922808619697463 ], [ 130.765372299822332, 33.923627512340985 ], [ 130.76736634755926, 33.924393871233704 ], [ 130.768461598735684, 33.924812514083364 ], [ 130.769469557758839, 33.92520365110515 ], [ 130.770901723949009, 33.925750467184642 ], [ 130.770923750958559, 33.925682111351108 ], [ 130.772743303509685, 33.926382125950987 ], [ 130.773055663449014, 33.926500968810402 ], [ 130.773721099288565, 33.925312760245696 ], [ 130.773844395654748, 33.925106951956259 ], [ 130.773885489392057, 33.925057086666932 ], [ 130.774335953120641, 33.92509658302663 ], [ 130.774240131295187, 33.925194318268979 ], [ 130.774163398048643, 33.925301174507972 ], [ 130.773831420305214, 33.925890069635244 ], [ 130.773419878615982, 33.926631387263676 ], [ 130.774556094772038, 33.927068292143247 ], [ 130.774589026606833, 33.927004606208151 ], [ 130.774837314001786, 33.927084725639553 ], [ 130.775178346010335, 33.927203826290167 ], [ 130.775205607853366, 33.927224234557528 ], [ 130.775238006455879, 33.927365452869644 ], [ 130.775340086255227, 33.927486301060497 ], [ 130.775687945383453, 33.92866143483355 ], [ 130.775802940095161, 33.929073714606183 ], [ 130.776146887033093, 33.930176003383373 ], [ 130.776348660166178, 33.930829832981104 ], [ 130.776517890688979, 33.931390130063761 ], [ 130.776660113068203, 33.931831900086259 ], [ 130.776677446548518, 33.931909907461687 ], [ 130.776692503481115, 33.931977766943682 ], [ 130.776764412655069, 33.932159910489489 ], [ 130.776807637284037, 33.932339820617081 ], [ 130.777040526096869, 33.933107252836834 ], [ 130.777059309202002, 33.933237035406513 ], [ 130.77719348644834, 33.933622085106471 ], [ 130.777239377197873, 33.933833837721203 ], [ 130.777343617103156, 33.934186854899664 ], [ 130.777406076839867, 33.934323477913054 ], [ 130.777490568119191, 33.934387378897995 ], [ 130.777764018504769, 33.934362302590706 ], [ 130.777790885103173, 33.934373550846296 ], [ 130.778568011871556, 33.93428802842093 ], [ 130.778739576729208, 33.934274318766292 ], [ 130.778776686914966, 33.934229516896423 ], [ 130.779076083851436, 33.934202089889688 ], [ 130.779224136536556, 33.934179884719534 ], [ 130.779506675127095, 33.934169261363955 ], [ 130.780078570311105, 33.934108508074175 ], [ 130.780806882854023, 33.934042536285787 ], [ 130.781149992314937, 33.934015113213164 ], [ 130.781301523043567, 33.933945294437095 ], [ 130.784029726130569, 33.933697866453898 ], [ 130.784468656775317, 33.933681729777334 ], [ 130.784477898314066, 33.933755776191703 ], [ 130.784593619214604, 33.93374259517531 ], [ 130.784577697996667, 33.933655083248127 ], [ 130.784728369223615, 33.933648584475584 ], [ 130.784790411692057, 33.933592622906104 ], [ 130.784986852062275, 33.933575073854108 ], [ 130.785005366655867, 33.933707389984669 ], [ 130.785655278108919, 33.933645762501705 ], [ 130.785636777586319, 33.933515628994719 ], [ 130.786241620922567, 33.933463779803063 ], [ 130.786243365139882, 33.933570498411562 ], [ 130.786598567742175, 33.933545968089 ], [ 130.786635139155209, 33.933555047624537 ], [ 130.786649908557933, 33.933682426852052 ], [ 130.786682620012698, 33.933679876158656 ], [ 130.786942699628696, 33.933659617743601 ], [ 130.786925809982961, 33.933526811082217 ], [ 130.786960244711452, 33.933526870637905 ], [ 130.78694539547692, 33.933431752902656 ], [ 130.787366297464871, 33.933391272787688 ], [ 130.787691374706355, 33.933375633056393 ], [ 130.787914200698424, 33.93334910864602 ], [ 130.788185458843827, 33.933337037767707 ], [ 130.788262971320847, 33.933319209083116 ], [ 130.788612807907811, 33.933294733611341 ], [ 130.789071425298175, 33.933236279999328 ], [ 130.789256580708667, 33.933218705389962 ], [ 130.789379259409287, 33.93322067672338 ], [ 130.789894860337029, 33.93318556286723 ], [ 130.790114471254014, 33.933160931391242 ], [ 130.790295438176628, 33.933093054103338 ], [ 130.791149078954589, 33.933008428406168 ], [ 130.791328718024459, 33.933044586817523 ], [ 130.791662410670341, 33.933020003239513 ], [ 130.792274933315753, 33.932952853772719 ], [ 130.792520419901621, 33.932910299690946 ], [ 130.793076889008233, 33.932878903603736 ], [ 130.793223312938551, 33.932855763721662 ], [ 130.793577491815427, 33.932815151447869 ], [ 130.794005919903697, 33.932779944706141 ], [ 130.795618434070235, 33.932630060210421 ], [ 130.796409628735546, 33.932557901330846 ], [ 130.797125475827045, 33.932489136354548 ], [ 130.798742284053588, 33.932341051044489 ], [ 130.799105030307402, 33.932312973696924 ], [ 130.799273305846754, 33.932297068097 ], [ 130.801247079769439, 33.932110486546449 ], [ 130.802923408487601, 33.931954694476126 ], [ 130.80413650439138, 33.931848082027884 ], [ 130.80414514429026, 33.931819498618438 ], [ 130.805724233698015, 33.931702816945553 ], [ 130.807414930570474, 33.931567131827094 ], [ 130.809111251937594, 33.931464960072311 ], [ 130.81064327459552, 33.930632833758459 ], [ 130.812971302504053, 33.929377650190325 ], [ 130.813392223264827, 33.9291493625961 ], [ 130.813358005795976, 33.929106413774548 ], [ 130.810901092674413, 33.930442552453478 ], [ 130.809048366369439, 33.931440982609359 ], [ 130.807512228655895, 33.931543544357218 ], [ 130.807457919971768, 33.931519651584118 ], [ 130.806979533733227, 33.930569947291794 ], [ 130.80652688793424, 33.929620351420489 ], [ 130.807887066114461, 33.928883435522209 ], [ 130.808018288372836, 33.929041070474049 ], [ 130.808562350024147, 33.928751003917007 ], [ 130.808439734442885, 33.928588662399413 ], [ 130.808932255376675, 33.928322462719386 ], [ 130.80906345810385, 33.92848946605465 ], [ 130.809607509389139, 33.928199535614645 ], [ 130.809476327968753, 33.92802288370158 ], [ 130.810825002346377, 33.927300145251294 ], [ 130.81091626610575, 33.927424258606116 ], [ 130.811328594885964, 33.927200824903373 ], [ 130.81123162428915, 33.9270767030863 ], [ 130.812276752953352, 33.926515070672664 ], [ 130.812505826553036, 33.926392081666805 ], [ 130.813277695050317, 33.926550546400271 ], [ 130.815134507453905, 33.926952954288211 ], [ 130.815931971770453, 33.926473542732502 ], [ 130.81691569149416, 33.92518280459673 ], [ 130.818008344157363, 33.923758735877222 ], [ 130.818544561485254, 33.923087184791292 ], [ 130.818574500117109, 33.922993755482494 ], [ 130.818538505004483, 33.922699971655376 ], [ 130.818561702444924, 33.922547433282517 ], [ 130.818452676219493, 33.922165844727523 ], [ 130.818329434261472, 33.922016894952407 ], [ 130.818485060340436, 33.921994232518628 ], [ 130.818260886417789, 33.92088765114822 ], [ 130.818023092383896, 33.919731461382803 ], [ 130.817936454309262, 33.919334898931652 ], [ 130.817801979532959, 33.919345900250896 ], [ 130.817736475173092, 33.919025936722747 ], [ 130.817784622358658, 33.918891961613724 ], [ 130.81773706201804, 33.918666906708125 ], [ 130.817714273497558, 33.918624821083455 ], [ 130.817726380107501, 33.918524111027928 ], [ 130.817655225989768, 33.918239006623196 ], [ 130.817620466254084, 33.918063137982365 ], [ 130.817400135664002, 33.917010654963597 ], [ 130.817274943299026, 33.916658905225717 ], [ 130.817216654857845, 33.916534282037347 ], [ 130.817152211208622, 33.916543976268741 ], [ 130.817151700353463, 33.916785654746086 ], [ 130.817116061497615, 33.917017629675847 ], [ 130.816735270238183, 33.917070666934478 ], [ 130.816717840806433, 33.917002315699847 ], [ 130.816707151549792, 33.917072597349062 ], [ 130.816456415660269, 33.917105401633741 ], [ 130.816433269496997, 33.916974488755393 ], [ 130.815833353153039, 33.917055654731143 ], [ 130.815691586220225, 33.917071079994784 ], [ 130.815696147868664, 33.917131594952217 ], [ 130.815546170663339, 33.917152854229016 ], [ 130.815532308570681, 33.917066899395508 ], [ 130.815288581495366, 33.917101680815207 ], [ 130.815307153081989, 33.917187644946139 ], [ 130.815227481358249, 33.9171953440948 ], [ 130.815246077424405, 33.917261796516136 ], [ 130.814913309176802, 33.917310110351274 ], [ 130.814933037966824, 33.917398048581916 ], [ 130.814770493747943, 33.917419992948439 ], [ 130.814754186050635, 33.91734114654566 ], [ 130.814422724857224, 33.917389461019326 ], [ 130.814351421797966, 33.917425629247084 ], [ 130.814201495351455, 33.917422867624694 ], [ 130.814195813382014, 33.917275358648375 ], [ 130.81414333402094, 33.917280281131028 ], [ 130.814159602559982, 33.917386598422475 ], [ 130.814189491481983, 33.917426583890283 ], [ 130.813497352601672, 33.917524291635985 ], [ 130.813472263237486, 33.917474032960378 ], [ 130.813112331027639, 33.917520467096715 ], [ 130.813052308077062, 33.917546368082519 ], [ 130.813041641226278, 33.917487324095021 ], [ 130.812549102038645, 33.917561593214295 ], [ 130.811554427320544, 33.917703134561265 ], [ 130.810422161652781, 33.917858968633858 ], [ 130.810367206388037, 33.917866280631465 ], [ 130.810377780308499, 33.917966251150091 ], [ 130.809730483217351, 33.91805231537537 ], [ 130.809363969797971, 33.917834372563362 ], [ 130.807187956510518, 33.916553354742632 ], [ 130.807155650761246, 33.916518295761165 ], [ 130.807085144848486, 33.9161572539535 ], [ 130.806855071562268, 33.914958928867833 ], [ 130.806789159089732, 33.914660726076761 ], [ 130.806541403378446, 33.914694429622031 ], [ 130.806421366598272, 33.914013795409339 ], [ 130.806341571331359, 33.913568351397167 ], [ 130.806190782247, 33.912727910593588 ], [ 130.807291246615137, 33.912571921683444 ], [ 130.808150015489502, 33.912449992483644 ], [ 130.808402942125269, 33.913663495242474 ], [ 130.808500552020092, 33.913652236268909 ], [ 130.809159135805828, 33.914046029139605 ], [ 130.809110816609234, 33.914110054856074 ], [ 130.809164429755413, 33.914136551602887 ], [ 130.809208471363121, 33.914078649135774 ], [ 130.810199460010239, 33.914666939646573 ], [ 130.812253833810274, 33.914376641007898 ], [ 130.812266830013215, 33.914431320838681 ], [ 130.812349621927126, 33.914416444061217 ], [ 130.812341942964508, 33.914363391358151 ], [ 130.812541111622153, 33.914329673214098 ], [ 130.812579326495808, 33.914405735172487 ], [ 130.81264051865503, 33.914395825402686 ], [ 130.812638238102664, 33.914444567759354 ], [ 130.812616414817313, 33.914445801886288 ], [ 130.81263435825457, 33.914752804275338 ], [ 130.812775893331064, 33.914745976328575 ], [ 130.812758558012575, 33.914441086418158 ], [ 130.812663795496576, 33.914443901179808 ], [ 130.812663904004125, 33.91439381991524 ], [ 130.812798315857066, 33.914360072628099 ], [ 130.812784707018267, 33.914275100703648 ], [ 130.812959873331721, 33.914255361728273 ], [ 130.812973776645606, 33.914312299134586 ], [ 130.812980374375542, 33.91430787147079 ], [ 130.813015818009148, 33.914454439640195 ], [ 130.812993017822066, 33.914458420592887 ], [ 130.813023841715079, 33.914622379757063 ], [ 130.813089824612888, 33.914613463749653 ], [ 130.813057793536643, 33.914451544413588 ], [ 130.813030201559997, 33.914454461498863 ], [ 130.81300418081895, 33.914306780622027 ], [ 130.813018733981977, 33.914306802739674 ], [ 130.812980862095486, 33.914101906363165 ], [ 130.813233660762734, 33.914088484756164 ], [ 130.813271124375149, 33.914277318566761 ], [ 130.813299837430208, 33.914273629393549 ], [ 130.8132728158877, 33.914100449023834 ], [ 130.813465169146099, 33.914093906508306 ], [ 130.813507608851694, 33.914316420109913 ], [ 130.813519951031623, 33.914314184750772 ], [ 130.81352889191507, 33.914359068858076 ], [ 130.813580017945583, 33.914355552264354 ], [ 130.813578763994087, 33.914329136626208 ], [ 130.813625439748307, 33.914321669755104 ], [ 130.813615203901975, 33.914288970288631 ], [ 130.813636374111042, 33.914285691146972 ], [ 130.813653303214409, 33.914408071422891 ], [ 130.813621568137705, 33.91441246104641 ], [ 130.813712065882271, 33.914760780887001 ], [ 130.8137993834344, 33.914742175590902 ], [ 130.813707542308066, 33.914399277624184 ], [ 130.813673142965257, 33.914405917843467 ], [ 130.813654883813484, 33.914292411491935 ], [ 130.815134850887461, 33.914086496238845 ], [ 130.815160742792756, 33.914177260218487 ], [ 130.815420673942299, 33.914137288564746 ], [ 130.816000679244468, 33.914061519060652 ], [ 130.816202071881378, 33.914105281853033 ], [ 130.816175217980373, 33.91419801011768 ], [ 130.816101598723549, 33.914182402843039 ], [ 130.81609342073483, 33.91421394755308 ], [ 130.816253664583741, 33.914247997974762 ], [ 130.816263595500089, 33.914216527962203 ], [ 130.816188245481754, 33.91420000243992 ], [ 130.816213954496618, 33.91410959696853 ], [ 130.816730659194832, 33.914221660619987 ], [ 130.816722982101567, 33.914286384265161 ], [ 130.816886891110784, 33.915054770875635 ], [ 130.816889031082695, 33.915141768590694 ], [ 130.816957950299013, 33.915182936321351 ], [ 130.816680019897632, 33.913758868613492 ], [ 130.816743607890459, 33.913714022880264 ], [ 130.816737317617083, 33.913671891184528 ], [ 130.816667767282354, 33.913659741849713 ], [ 130.816518616497632, 33.912906309456083 ], [ 130.816578388570264, 33.912877447347576 ], [ 130.816573278125276, 33.912827145302913 ], [ 130.816484597785063, 33.912812009984982 ], [ 130.816380768162503, 33.912282994529171 ], [ 130.816447840659862, 33.912237659954073 ], [ 130.81643925201044, 33.91218354952214 ], [ 130.816344185835248, 33.912172701945693 ], [ 130.816219019434811, 33.911586105842225 ], [ 130.81630487372496, 33.911568834348316 ], [ 130.81628460437139, 33.911426305243737 ], [ 130.816192129467623, 33.911418418778709 ], [ 130.816174898481819, 33.911347741524672 ], [ 130.81627001317139, 33.911336261594194 ], [ 130.816262582729479, 33.911284056924302 ], [ 130.816173854369822, 33.911291669457356 ], [ 130.816163774937621, 33.911254462265774 ], [ 130.816249045658765, 33.911243883910771 ], [ 130.816225840812223, 33.911110859204236 ], [ 130.816137103617962, 33.911124251047873 ], [ 130.816120418447355, 33.911063858235067 ], [ 130.816212048416787, 33.911051457430716 ], [ 130.81620665187458, 33.910997281280729 ], [ 130.816109806289205, 33.911008760220831 ], [ 130.816103550940255, 33.910950637610597 ], [ 130.816189957782711, 33.910941680010239 ], [ 130.816166203690756, 33.910799497307941 ], [ 130.816073697521006, 33.910806613790633 ], [ 130.816055921241741, 33.910713818743673 ], [ 130.816142925659648, 33.910700916902421 ], [ 130.816116851152373, 33.910557744559931 ], [ 130.816017683326208, 33.910569571597541 ], [ 130.816009443436599, 33.910530888454815 ], [ 130.815911876578184, 33.910019842553382 ], [ 130.815994833159692, 33.910004047293768 ], [ 130.815978778605256, 33.909916467879953 ], [ 130.815896440121776, 33.909919797882964 ], [ 130.815814635206209, 33.909535284517524 ], [ 130.815907437055017, 33.909517602192238 ], [ 130.815891069652622, 33.90944741813589 ], [ 130.815795961518518, 33.909458405775979 ], [ 130.815776992276881, 33.909379625266673 ], [ 130.815849788951709, 33.909363252480631 ], [ 130.815840631802473, 33.909310057370291 ], [ 130.815766957822945, 33.909321569049304 ], [ 130.815723603294003, 33.909130048525157 ], [ 130.815794364654352, 33.909118108774102 ], [ 130.815787791499446, 33.909070201052188 ], [ 130.815712388860845, 33.909081217579541 ], [ 130.815578088145145, 33.908465866562004 ], [ 130.814929594018537, 33.908566536456419 ], [ 130.814889096685704, 33.908572132624435 ], [ 130.81492959401848, 33.908566536456426 ], [ 130.815578088145088, 33.908465866562004 ], [ 130.815540151079347, 33.908289571779477 ], [ 130.815603964885128, 33.908276143044738 ], [ 130.81547742851248, 33.907656293102391 ], [ 130.815413637754887, 33.907668735644435 ], [ 130.815359778000953, 33.90740366064977 ], [ 130.815246098625096, 33.906846594167042 ], [ 130.815460084016536, 33.906818879913153 ], [ 130.815449155937841, 33.906783572120197 ], [ 130.815348831065847, 33.90679603187705 ], [ 130.815349948960886, 33.906815826012789 ], [ 130.815242077664635, 33.90683066875188 ], [ 130.815159153665007, 33.906429247448081 ], [ 130.815212321032789, 33.906307960828372 ], [ 130.815192576203458, 33.906247071241005 ], [ 130.815188429142182, 33.90602370286593 ], [ 130.815049819219183, 33.905905083635446 ], [ 130.814947686353094, 33.905411851337945 ], [ 130.814987105082025, 33.905407050868675 ], [ 130.814940568869389, 33.905214538941529 ], [ 130.814907506642356, 33.905220264680636 ], [ 130.814948831166504, 33.904878624290831 ], [ 130.814923085610474, 33.904849071837987 ], [ 130.814897890133921, 33.904977656312816 ], [ 130.81487709702904, 33.90520873777119 ], [ 130.814542135939547, 33.905268036306637 ], [ 130.814456071446045, 33.904855622111853 ], [ 130.814428848560169, 33.904836702623605 ], [ 130.814395146140924, 33.904608990495397 ], [ 130.81470512904167, 33.904565433802148 ], [ 130.814711413963465, 33.904607567340676 ], [ 130.81481433572884, 33.904596098207669 ], [ 130.814859951780761, 33.904686048568259 ], [ 130.814827551450264, 33.904520185174633 ], [ 130.814855182790353, 33.904476764369861 ], [ 130.81501273476178, 33.904142484866107 ], [ 130.81509694615184, 33.90380414749098 ], [ 130.815109025079806, 33.903716186417078 ], [ 130.815091532949907, 33.903423554494012 ], [ 130.815054318277816, 33.903149559537923 ], [ 130.814968660901599, 33.902913664591438 ], [ 130.814851955892721, 33.902736613969054 ], [ 130.814815668377435, 33.902758678020156 ], [ 130.814717023578027, 33.902600814156983 ], [ 130.814736538507674, 33.902571400193636 ], [ 130.814559507344711, 33.902292542941666 ], [ 130.814570248500559, 33.902227753772223 ], [ 130.814614402885695, 33.902251417785102 ], [ 130.814669281048367, 33.902205786067135 ], [ 130.814547705123147, 33.902115439458363 ], [ 130.814496671267477, 33.902168403237987 ], [ 130.814531961462194, 33.902197900424831 ], [ 130.814502186521253, 33.902235610246599 ], [ 130.814362318224653, 33.902185879742959 ], [ 130.814006073267223, 33.902149980843788 ], [ 130.813410156542034, 33.902121958797899 ], [ 130.813439924749247, 33.902086643637759 ], [ 130.813441562971974, 33.901985212476553 ], [ 130.813382895836412, 33.901983927588297 ], [ 130.813392481244733, 33.902120734484264 ], [ 130.813138009932771, 33.902104991409345 ], [ 130.813162171782437, 33.902047267311339 ], [ 130.813180920139786, 33.901884580428316 ], [ 130.813137083622053, 33.90188099344185 ], [ 130.813121052059131, 33.902104965627942 ], [ 130.812887780203624, 33.902090523286475 ], [ 130.812917596998972, 33.902033937085605 ], [ 130.812934861588019, 33.901894841539189 ], [ 130.812871243859121, 33.901888828289323 ], [ 130.812856814183533, 33.902025600320727 ], [ 130.812869394080394, 33.902086903404737 ], [ 130.812567557588523, 33.902069959990321 ], [ 130.812382401008847, 33.902043755575114 ], [ 130.812415028574634, 33.901995482957119 ], [ 130.812453755213966, 33.901737309419758 ], [ 130.812411363432204, 33.901731327766498 ], [ 130.812372499479096, 33.902041345499882 ], [ 130.8121696543827, 33.90201159175998 ], [ 130.81220938922587, 33.901949171608372 ], [ 130.812222357035523, 33.901843038280056 ], [ 130.812171453467016, 33.90183591705042 ], [ 130.812155527769733, 33.902010373241694 ], [ 130.8118926221251, 33.901969889696836 ], [ 130.811938345518314, 33.901747157261077 ], [ 130.811928465169444, 33.90174594466292 ], [ 130.811878475065612, 33.901968670565132 ], [ 130.811576695509984, 33.901924605390562 ], [ 130.81106307474252, 33.901774063087245 ], [ 130.811058790229197, 33.901792933333027 ], [ 130.810938669539297, 33.90176210721102 ], [ 130.810948588860981, 33.901745638946572 ], [ 130.810743717561962, 33.901687492945925 ], [ 130.810777995868079, 33.901551597526378 ], [ 130.81069060895237, 33.901674238323167 ], [ 130.810563342697634, 33.901638822774792 ], [ 130.810585124852679, 33.901605679630052 ], [ 130.810053802806124, 33.901344935497342 ], [ 130.810023643405486, 33.901392720484949 ], [ 130.809803051164693, 33.901299607436087 ], [ 130.809852952361723, 33.901244599889296 ], [ 130.80983688045751, 33.901187379390116 ], [ 130.809353358977376, 33.900895079461051 ], [ 130.808596541305747, 33.900443018403045 ], [ 130.808444857770468, 33.900353535540049 ], [ 130.807520227898152, 33.89978455746661 ], [ 130.807028458319905, 33.899317898524416 ], [ 130.806361899424303, 33.898654083631577 ], [ 130.803564259350736, 33.895890667415571 ], [ 130.803034893225657, 33.895390826841812 ], [ 130.80298710551682, 33.895343021491186 ], [ 130.802737339048917, 33.895093165221198 ], [ 130.802153923546456, 33.894493350973171 ], [ 130.801968234594312, 33.894312797071791 ], [ 130.801882208335712, 33.894229187552135 ], [ 130.801858765032279, 33.894238871176874 ], [ 130.801214539522192, 33.893605353070207 ], [ 130.801342100687464, 33.893527441088573 ], [ 130.800994456348974, 33.893180104266413 ], [ 130.800865386226945, 33.893272737073239 ], [ 130.80071346592959, 33.893121044743367 ], [ 130.800687100713986, 33.893125934064138 ], [ 130.800317604658488, 33.892734605590341 ], [ 130.799740506952304, 33.892201285724347 ], [ 130.799670139547175, 33.892240264623439 ], [ 130.799638288404225, 33.892215771352085 ], [ 130.799597080527121, 33.892184006463275 ], [ 130.799638172679664, 33.892140118627921 ], [ 130.799512448295303, 33.892056865197731 ], [ 130.798622127012351, 33.891493798632844 ], [ 130.798179086111674, 33.89125125420086 ], [ 130.797787448861214, 33.891077332163171 ], [ 130.797693517204664, 33.891035617056389 ], [ 130.79696666302155, 33.89070230123221 ], [ 130.796964043919189, 33.890701205658431 ], [ 130.796905810707358, 33.890676803743894 ], [ 130.79668582398827, 33.89058462723353 ], [ 130.796330321823177, 33.890474154156081 ], [ 130.796174795648199, 33.890445683667771 ], [ 130.795791781768543, 33.890375564243278 ], [ 130.79568052530459, 33.89037298585572 ], [ 130.795677056071924, 33.890373369187976 ], [ 130.795528219045366, 33.890389779754436 ], [ 130.79529102655107, 33.890396713751279 ], [ 130.795188817589434, 33.890401602242633 ], [ 130.794794388410679, 33.89042046994323 ], [ 130.793612990643283, 33.890476970682521 ], [ 130.793054486055752, 33.890505333763883 ], [ 130.792495767941915, 33.8905337049652 ], [ 130.791358052644085, 33.890585533059173 ], [ 130.790311132089755, 33.890630109181927 ], [ 130.789173403605247, 33.89068677857184 ], [ 130.788015179356819, 33.890738542485764 ], [ 130.787816209873426, 33.890743484393766 ], [ 130.787714700221755, 33.89074597898766 ], [ 130.787644738073652, 33.89074769786901 ], [ 130.786788958056093, 33.890791727299522 ], [ 130.7856840777917, 33.890849267047429 ], [ 130.785465922534343, 33.890858680036061 ], [ 130.78461699241123, 33.890757105880745 ], [ 130.783994937698992, 33.890687620718523 ], [ 130.783382984145021, 33.890674361869927 ], [ 130.783358077248636, 33.89068650427717 ], [ 130.783359338913755, 33.89076462397734 ], [ 130.783448005192696, 33.891597522580277 ], [ 130.783377705457099, 33.89160719091187 ], [ 130.783389218882064, 33.891680468782276 ], [ 130.783471239531224, 33.891670821011054 ], [ 130.783485913847073, 33.891887662351174 ], [ 130.783425010669305, 33.891889526148951 ], [ 130.783427179300844, 33.891957927797982 ], [ 130.783495137380839, 33.891948255329666 ], [ 130.783515468009739, 33.892241321614421 ], [ 130.782980125930521, 33.89227363010481 ], [ 130.783055049178245, 33.89307889102578 ], [ 130.78300454795513, 33.893083804026837 ], [ 130.782754799024076, 33.890632824387971 ], [ 130.782733241361314, 33.890623770104327 ], [ 130.78137468233956, 33.890496341122969 ], [ 130.781167828791837, 33.890479983463564 ], [ 130.781163877533771, 33.890485362370498 ], [ 130.781201199072285, 33.890863277908679 ], [ 130.7813193926427, 33.892074537023511 ], [ 130.780906325297849, 33.892099049928184 ], [ 130.780936084157617, 33.892382652050792 ], [ 130.781000143787196, 33.893014278415706 ], [ 130.781005344766641, 33.893068500616735 ], [ 130.780894067803672, 33.893085416167686 ], [ 130.780893646685115, 33.893080564962418 ], [ 130.780889876389466, 33.893033053060428 ], [ 130.780895275720837, 33.893025050642301 ], [ 130.780895249469125, 33.893024736917361 ], [ 130.780895132983488, 33.89302332625865 ], [ 130.780893791919539, 33.893009998051483 ], [ 130.780878058251261, 33.892853630629446 ], [ 130.780872086960642, 33.892795408479607 ], [ 130.780869625893985, 33.8927749374228 ], [ 130.780853366474304, 33.892608234181516 ], [ 130.780831270946777, 33.892394201361391 ], [ 130.780798392464334, 33.892069680105024 ], [ 130.780783397773575, 33.892057849255316 ], [ 130.780778083872207, 33.892053657987027 ], [ 130.780725130631907, 33.892011879347372 ], [ 130.780694323014046, 33.89173458683053 ], [ 130.780686792429378, 33.891636048711355 ], [ 130.780627235693316, 33.890997769050578 ], [ 130.780583373239949, 33.890559690288569 ], [ 130.780570043863918, 33.890429531847211 ], [ 130.780544967191588, 33.890426454476312 ], [ 130.780538316993415, 33.89042181011331 ], [ 130.77985427903846, 33.89034162831225 ], [ 130.779066544034919, 33.890244138495916 ], [ 130.779030442781817, 33.890290142216351 ], [ 130.779054994524898, 33.890538205702534 ], [ 130.779165181315022, 33.8917546927659 ], [ 130.779071938643682, 33.891866525013029 ], [ 130.778937024318765, 33.891891359503816 ], [ 130.7789196149171, 33.891870266184753 ], [ 130.778696459458331, 33.891893887336536 ], [ 130.778517407848938, 33.890176166642362 ], [ 130.778016871290816, 33.890104263592896 ], [ 130.777989368359698, 33.890067162076711 ], [ 130.777736477129565, 33.890020568554228 ], [ 130.777537988044486, 33.889996332222481 ], [ 130.777528303801461, 33.890034352960235 ], [ 130.776928240325304, 33.889949233482014 ], [ 130.776921016892743, 33.889957250593262 ], [ 130.776996906350576, 33.890751529837388 ], [ 130.777016093509417, 33.890981621810077 ], [ 130.777073511741804, 33.891506856312908 ], [ 130.776999093942322, 33.891523767793579 ], [ 130.777034320315522, 33.891813903107455 ], [ 130.776986328450022, 33.891819804887142 ], [ 130.776947565976968, 33.891509658187175 ], [ 130.776592486517643, 33.891529019152408 ], [ 130.776558975756046, 33.891277911704066 ], [ 130.776509085748273, 33.890685630511129 ], [ 130.776439001048999, 33.889966592031755 ], [ 130.776420564721974, 33.889854066902515 ], [ 130.775826744072191, 33.88962039520338 ], [ 130.775870373419735, 33.889561727971028 ], [ 130.775743123431823, 33.889491479308539 ], [ 130.77568134000677, 33.889612665400655 ], [ 130.775609309221608, 33.889637540664452 ], [ 130.775510360046155, 33.889637360681142 ], [ 130.775345702091869, 33.889540768287866 ], [ 130.775332501996473, 33.889428250866942 ], [ 130.775298035798102, 33.889423187959743 ], [ 130.775269891042853, 33.8892931048291 ], [ 130.775222684856317, 33.889289284417004 ], [ 130.775223972773745, 33.8893624035871 ], [ 130.775051764653767, 33.889292707360262 ], [ 130.774876463299307, 33.889308517879925 ], [ 130.774848129046944, 33.889194775306329 ], [ 130.774755214722745, 33.889180870457508 ], [ 130.774762371029937, 33.88930964747707 ], [ 130.774568199645842, 33.889321831216115 ], [ 130.774485756700585, 33.889316679868024 ], [ 130.774469771831662, 33.889124067410897 ], [ 130.774410068006205, 33.889136214847355 ], [ 130.774403754574905, 33.889256232689867 ], [ 130.774198609823571, 33.889281849292161 ], [ 130.774179563510728, 33.889225816204956 ], [ 130.774143578332342, 33.889227793104006 ], [ 130.774141016120694, 33.889286746229857 ], [ 130.773935419715457, 33.889299189268208 ], [ 130.773924227902739, 33.889264405471202 ], [ 130.773913533492674, 33.889231175018217 ], [ 130.773833918478346, 33.889226170946387 ], [ 130.773835701573887, 33.889271041258873 ], [ 130.773533982446196, 33.889261686141992 ], [ 130.773535197743712, 33.889160815391079 ], [ 130.773055043381135, 33.889138379061365 ], [ 130.773036501438042, 33.88925837379557 ], [ 130.772957214152797, 33.889305423346691 ], [ 130.772635800489297, 33.889300816964933 ], [ 130.772594562769456, 33.889293554848834 ], [ 130.772593376032262, 33.889199095778821 ], [ 130.772519420632705, 33.889225372040165 ], [ 130.772501986783141, 33.889286200085955 ], [ 130.7723714108281, 33.889316318497123 ], [ 130.772251599798381, 33.889268901580458 ], [ 130.772207592966197, 33.889221625330933 ], [ 130.772212783897373, 33.88907279501197 ], [ 130.771667818317042, 33.889067773576514 ], [ 130.771664745439921, 33.889317404763347 ], [ 130.77146033744944, 33.889335480364998 ], [ 130.771432000616585, 33.889170528123884 ], [ 130.771287108496153, 33.889167864728996 ], [ 130.771267593502074, 33.889115068327669 ], [ 130.77115919445319, 33.889103666995652 ], [ 130.771134110686575, 33.889158001215471 ], [ 130.771131003658525, 33.889245199687657 ], [ 130.771058838562851, 33.889321069833279 ], [ 130.770990652374763, 33.889337778233717 ], [ 130.770865485776227, 33.889327120845365 ], [ 130.770880475645981, 33.88909913482906 ], [ 130.770742814950978, 33.889094087088459 ], [ 130.770747060850937, 33.889298089376865 ], [ 130.77047406416014, 33.889310402089862 ], [ 130.770463897638848, 33.889164784127551 ], [ 130.77044286700874, 33.889133539442227 ], [ 130.769839432502806, 33.889104377567875 ], [ 130.769708055500786, 33.889079337100725 ], [ 130.769713647550105, 33.889135347922938 ], [ 130.769544658406687, 33.889181943783875 ], [ 130.76939740486867, 33.889140038113645 ], [ 130.769293420171607, 33.889128291763505 ], [ 130.769270058532072, 33.888966940383369 ], [ 130.76920983381649, 33.888952742299523 ], [ 130.769229221109299, 33.888880433435816 ], [ 130.769190119314317, 33.888863102917 ], [ 130.769144655638456, 33.888934091679239 ], [ 130.768748473117853, 33.888828322993049 ], [ 130.768459861314341, 33.888688238628461 ], [ 130.768475744334523, 33.888632621443442 ], [ 130.768432814355322, 33.888610140828384 ], [ 130.76839431726836, 33.888657404120373 ], [ 130.767593660352958, 33.88825840279182 ], [ 130.767607627045521, 33.888200809247721 ], [ 130.767481954730499, 33.888128863672755 ], [ 130.767447270425095, 33.888179374646363 ], [ 130.766926019005638, 33.887921002522532 ], [ 130.766901552814346, 33.88788707461719 ], [ 130.766518684085753, 33.88768792029952 ], [ 130.766499415690646, 33.887714721950026 ], [ 130.764916201699776, 33.88691538704861 ], [ 130.76490323105034, 33.886886553484089 ], [ 130.764724624300584, 33.886799782295128 ], [ 130.764687009394294, 33.886802951257842 ], [ 130.763614662274733, 33.886264427907747 ], [ 130.763337450061641, 33.886726755479764 ], [ 130.76329316264156, 33.886707300008204 ], [ 130.76325849089335, 33.88669201949633 ], [ 130.763545327932661, 33.886224002625369 ], [ 130.762915687049031, 33.88589242900575 ], [ 130.762986274136352, 33.885800922805366 ], [ 130.763692945203701, 33.88487930519878 ], [ 130.763812521537233, 33.884938420126524 ], [ 130.763677701055229, 33.88512250226416 ], [ 130.765879952914332, 33.886232968189518 ], [ 130.76723265285051, 33.886914500976616 ], [ 130.768610301335116, 33.887622341519823 ], [ 130.768704448486972, 33.887500022577179 ], [ 130.76892969511249, 33.887613293425446 ], [ 130.769222256095532, 33.88776042580821 ], [ 130.770361599825691, 33.887784671815325 ], [ 130.77039214289303, 33.887785327482625 ], [ 130.770577199975889, 33.887789300447629 ], [ 130.771717784024986, 33.887824314136566 ], [ 130.772587186718766, 33.887849730796034 ], [ 130.773458133089804, 33.887875213406389 ], [ 130.774497747292685, 33.887908532449785 ], [ 130.774497495287505, 33.888004119778465 ], [ 130.77492805054041, 33.888024630248331 ], [ 130.775638237923715, 33.887617440332463 ], [ 130.776341187909139, 33.887707611975884 ], [ 130.777633599070867, 33.887861182821347 ], [ 130.777655776371176, 33.887863918221434 ], [ 130.778215714170102, 33.887932952385107 ], [ 130.778667293277351, 33.88798856674893 ], [ 130.780031784476392, 33.888149144265689 ], [ 130.781455504743207, 33.888319743625942 ], [ 130.782843691653369, 33.888483642618993 ], [ 130.783171872147079, 33.887591321588722 ], [ 130.783317274183219, 33.88761623159354 ], [ 130.783327487354484, 33.887576168008188 ], [ 130.783188514830215, 33.887540141977226 ], [ 130.78320717216971, 33.887493330988043 ], [ 130.78336153553991, 33.887106040629284 ], [ 130.783440897679242, 33.886884716782895 ], [ 130.783571616096964, 33.886520206838384 ], [ 130.783795612444067, 33.885923903645526 ], [ 130.783075522521386, 33.885734986499109 ], [ 130.782301127714618, 33.885537517578143 ], [ 130.781397865478283, 33.885301849389151 ], [ 130.780183724161674, 33.88498905099415 ], [ 130.779880050196681, 33.884911814639992 ], [ 130.779880050196681, 33.884911814640006 ], [ 130.779459983810398, 33.884804967942571 ], [ 130.778480958858694, 33.884552305246793 ], [ 130.776766416116459, 33.884112063329866 ], [ 130.775416274121454, 33.883765935286242 ], [ 130.775369523354328, 33.883754179111072 ], [ 130.775369523354328, 33.883754179111087 ], [ 130.774456225124169, 33.883524478566663 ], [ 130.774124553133646, 33.883438918087457 ], [ 130.772538644342404, 33.883029635380787 ], [ 130.771877324633266, 33.882856046101296 ], [ 130.771478818232339, 33.882751480755786 ], [ 130.770805853766319, 33.882583073977038 ], [ 130.770502331633935, 33.882507137692379 ], [ 130.768983765168429, 33.882113781770023 ], [ 130.767504040494629, 33.881729494613651 ], [ 130.767313982834622, 33.881702017070552 ], [ 130.76722272136135, 33.88179038855953 ], [ 130.767050943720704, 33.881741601219694 ], [ 130.767061109725262, 33.881722601595065 ], [ 130.766375174299071, 33.881554782357583 ], [ 130.766426168727975, 33.881398854648751 ], [ 130.765655648552411, 33.881194946643227 ], [ 130.764755005418607, 33.88096127115449 ], [ 130.763846821612901, 33.880723349905601 ], [ 130.763778078412145, 33.880898261355718 ], [ 130.762795147867479, 33.880647438348035 ], [ 130.762494943482977, 33.88052971835544 ], [ 130.762286260902471, 33.880490293364389 ], [ 130.761858290728867, 33.880345346251083 ], [ 130.761700097547134, 33.880272980285149 ], [ 130.760723507257353, 33.880009895946856 ], [ 130.759941156928704, 33.879795152748954 ], [ 130.759770106024547, 33.879768404670848 ], [ 130.759430323436277, 33.879672575625335 ], [ 130.759093970271294, 33.879595349648099 ], [ 130.758662336475993, 33.879472924825691 ], [ 130.758122745941762, 33.879344229196896 ], [ 130.757800835287441, 33.87925357346414 ], [ 130.757550757996057, 33.879212507850461 ], [ 130.757470291999397, 33.879295680043839 ], [ 130.757435646346721, 33.879377040564911 ], [ 130.757359614242006, 33.879355265661388 ], [ 130.757399125114262, 33.879121694228346 ], [ 130.757031827331161, 33.879029115631056 ], [ 130.75647601322305, 33.878883545083305 ], [ 130.755829583423491, 33.878722860204718 ], [ 130.755236525521951, 33.878578548605894 ], [ 130.754887820256897, 33.878490015689145 ], [ 130.754573952646638, 33.878401622214923 ], [ 130.753943687139724, 33.878246381980667 ], [ 130.753706669409468, 33.878174341735409 ], [ 130.753637069974189, 33.878163424656094 ], [ 130.753499401053347, 33.87817526539493 ], [ 130.753356659664064, 33.87826140998132 ], [ 130.752983052959536, 33.878389002984136 ], [ 130.752896116107308, 33.878218645413497 ], [ 130.752746169120371, 33.878269694088651 ], [ 130.752680178383997, 33.878135795531662 ], [ 130.752480797498492, 33.87820562525382 ], [ 130.752548443401196, 33.878336779095449 ], [ 130.751745276261886, 33.878613400919349 ], [ 130.751676870516718, 33.87847548442263 ], [ 130.75148237871997, 33.878539964641448 ], [ 130.751554826226197, 33.878681907231986 ], [ 130.751404080731334, 33.878731544475642 ], [ 130.751481337813374, 33.878897869627473 ], [ 130.75094077817306, 33.879077736970501 ], [ 130.750337968215149, 33.879282201836695 ], [ 130.750574955340198, 33.879417680849187 ], [ 130.750337968215149, 33.879282201836709 ], [ 130.750327272902837, 33.879285843035447 ], [ 130.750145678002127, 33.879646057337034 ], [ 130.750071262648987, 33.879621603409809 ], [ 130.749996963865613, 33.879556648848606 ], [ 130.749944747300816, 33.879687560764452 ], [ 130.749975503559, 33.879697063281718 ], [ 130.750066269590064, 33.879660758492413 ], [ 130.750127758827773, 33.879679832200701 ], [ 130.750004798841104, 33.879917247348416 ], [ 130.749330546947647, 33.88123385587415 ], [ 130.749264983798383, 33.88136187699989 ], [ 130.74904776042905, 33.881787736910233 ], [ 130.748997312977053, 33.881885953483462 ], [ 130.74897388361174, 33.88193156625691 ], [ 130.748736130960538, 33.881833874646979 ], [ 130.748556155513427, 33.882184649592631 ], [ 130.748658070735075, 33.882221346701321 ], [ 130.748684153774747, 33.882161948025576 ], [ 130.748831364393794, 33.882210852016939 ], [ 130.748745032374956, 33.882382196743492 ], [ 130.748760220551787, 33.882451118061944 ], [ 130.74850543060154, 33.88263972930087 ], [ 130.748461408612798, 33.882739523844457 ], [ 130.748506493769952, 33.882838231393627 ], [ 130.747799644926801, 33.884242698323845 ], [ 130.747546984524746, 33.884743429653916 ], [ 130.747403200727462, 33.885005102015491 ], [ 130.74734596298714, 33.885081904434166 ], [ 130.747280774066553, 33.885220044810495 ], [ 130.747045763625835, 33.88513573741028 ], [ 130.747023872167546, 33.88517718210943 ], [ 130.747270257830138, 33.885271021202463 ], [ 130.747245769950553, 33.88531894163615 ], [ 130.746809190492456, 33.886169521474429 ], [ 130.746774838500272, 33.886154307317241 ], [ 130.746739331829872, 33.88624411399249 ], [ 130.746775591411563, 33.886249331812003 ], [ 130.746729205923543, 33.886340878200663 ], [ 130.747275798171444, 33.886552054737272 ], [ 130.747271196718287, 33.886565991298617 ], [ 130.747029171152633, 33.887044907256609 ], [ 130.746622219727499, 33.887847296369188 ], [ 130.7464089072175, 33.888267806699297 ], [ 130.746395491656955, 33.888334414600159 ], [ 130.746324767315627, 33.888400904959163 ], [ 130.746049340028833, 33.888470705895166 ], [ 130.745170509878051, 33.88824369459175 ], [ 130.744881406025172, 33.888014026999578 ], [ 130.744868576409715, 33.888003855969075 ], [ 130.744828382939716, 33.888042515674506 ], [ 130.744525049652964, 33.887806193080486 ], [ 130.744482880437317, 33.887862952718208 ], [ 130.744163677014967, 33.888292746559777 ], [ 130.744126087506942, 33.888343313033133 ], [ 130.743728535796009, 33.888768082506012 ], [ 130.742939640337596, 33.889655529949728 ], [ 130.742666887864118, 33.889942918725097 ], [ 130.742540860302796, 33.890042681993634 ], [ 130.742325729792924, 33.890141411181268 ], [ 130.742103117903753, 33.890212790911285 ], [ 130.741255572455628, 33.890417824378311 ], [ 130.740267076811023, 33.890657000925174 ], [ 130.739277728589627, 33.890896304791838 ], [ 130.73881005616991, 33.890989209232728 ], [ 130.73881005616991, 33.890989209232721 ], [ 130.738323293813863, 33.891085921307123 ], [ 130.738136205629274, 33.891123092706515 ], [ 130.738136188768891, 33.891128587529721 ], [ 130.737666278558521, 33.891207187168668 ], [ 130.737507918874229, 33.891271722805314 ], [ 130.737445547510248, 33.891298997512521 ], [ 130.737310595021285, 33.891358011736777 ], [ 130.737289449060285, 33.891368416477739 ], [ 130.737013819273528, 33.891504037221615 ], [ 130.736976428911788, 33.891520685159961 ], [ 130.736491716770729, 33.8917364972001 ], [ 130.735973212345556, 33.892013132611481 ], [ 130.735919150175221, 33.892041685957786 ], [ 130.73555972093763, 33.892268576084611 ], [ 130.735010939465297, 33.892677497055871 ], [ 130.734649757607258, 33.892957279620667 ], [ 130.734148408248643, 33.893369608719844 ], [ 130.733974487121628, 33.893533008541247 ], [ 130.733726190212025, 33.893764922872222 ], [ 130.733466607586422, 33.893998994258475 ], [ 130.733266569396193, 33.894140567882935 ], [ 130.73315895561592, 33.894188164509224 ], [ 130.733058700526982, 33.894232534558427 ], [ 130.732135184211188, 33.894476860181072 ], [ 130.731655485411238, 33.894619301278688 ], [ 130.731273272894839, 33.894805276526363 ], [ 130.730969300488027, 33.895009870608291 ], [ 130.730834013392524, 33.895133548952522 ], [ 130.730619921009236, 33.895403430796556 ], [ 130.730570372920198, 33.895492426486484 ], [ 130.730431924945378, 33.895741130225694 ], [ 130.73041241840528, 33.895752357887638 ], [ 130.730262233579936, 33.896032520107433 ], [ 130.730173922273337, 33.896165596453166 ], [ 130.730109476300925, 33.896230966682559 ], [ 130.729935775423428, 33.89633434118749 ], [ 130.729751897766334, 33.896436990099417 ], [ 130.728883128694264, 33.896846872643948 ], [ 130.728716407632447, 33.896919339141505 ], [ 130.727801358731881, 33.897230355117962 ], [ 130.727597801044254, 33.897311125437426 ], [ 130.727435432518206, 33.897375499823163 ], [ 130.726192488622644, 33.897874133284169 ], [ 130.725883062834015, 33.897994317498934 ], [ 130.724910623269864, 33.898283347039751 ], [ 130.723963881569318, 33.898564681481169 ], [ 130.723901868823049, 33.898580459688041 ], [ 130.7238878969263, 33.898582423161955 ], [ 130.723303651444894, 33.898664536072665 ], [ 130.722819595433918, 33.89872563678118 ], [ 130.7224749638616, 33.898750576533487 ], [ 130.722473632451624, 33.898750673137535 ], [ 130.7224749638616, 33.898750576533473 ], [ 130.722474839819967, 33.898604813777688 ], [ 130.722474778694362, 33.898533077872543 ], [ 130.722468020435173, 33.898500957499181 ], [ 130.722457096987, 33.898449047910056 ], [ 130.722431752287179, 33.898328643274283 ], [ 130.722431753696497, 33.898328615761912 ], [ 130.722431752949149, 33.898328615739466 ], [ 130.72243175297757, 33.898328565681879 ], [ 130.722431816203738, 33.898308782149535 ], [ 130.722420306367695, 33.898192458446673 ], [ 130.722406501527274, 33.898112195287119 ], [ 130.722387331976989, 33.898026497259778 ], [ 130.722363803853739, 33.89794255259099 ], [ 130.722334881511216, 33.897862256963791 ], [ 130.72230269410764, 33.897785545839604 ], [ 130.722268343190024, 33.897711503783249 ], [ 130.722230726196273, 33.897642036782656 ], [ 130.722175857074262, 33.897552664596994 ], [ 130.722138178787418, 33.8975020752925 ], [ 130.72209511785519, 33.897444286758855 ], [ 130.721921792227334, 33.897214824971051 ], [ 130.721899183136145, 33.897186879714745 ], [ 130.721818421227937, 33.897085689237485 ], [ 130.721728380373946, 33.896973553495265 ], [ 130.721557726440807, 33.896761003291822 ], [ 130.721536295153498, 33.896734329645014 ], [ 130.721532255283392, 33.896729354495683 ], [ 130.721354470907727, 33.89651048676695 ], [ 130.721354296833994, 33.896510270119478 ], [ 130.721324911013994, 33.896474632561691 ], [ 130.721172200161362, 33.896289303048995 ], [ 130.721171218961558, 33.896288111930325 ], [ 130.721171252632644, 33.89628809240174 ], [ 130.721187990843475, 33.896279272864454 ], [ 130.721401896574292, 33.896166913303354 ], [ 130.721398236695478, 33.896162255988159 ], [ 130.721165010398721, 33.895867008539867 ], [ 130.721060586075879, 33.895731527368724 ], [ 130.720936718451384, 33.895574376972135 ], [ 130.720698807646357, 33.895272705703576 ], [ 130.720698837307765, 33.895272690013705 ], [ 130.720707734510768, 33.89526758440887 ], [ 130.720896199346129, 33.895159676138526 ], [ 130.721266842521032, 33.894947506282179 ], [ 130.721367144951358, 33.894890113678777 ], [ 130.721856769060651, 33.894609884190757 ], [ 130.721792121645393, 33.894541199493453 ], [ 130.721583487789843, 33.894313911763206 ], [ 130.721573185262571, 33.894302697133412 ], [ 130.721572335402357, 33.894301770320531 ], [ 130.721465504318274, 33.894185091987268 ], [ 130.721417339271966, 33.894132504697957 ], [ 130.721305144210504, 33.894009968126618 ], [ 130.721780591487004, 33.893659408269166 ], [ 130.721626868177083, 33.8934886665457 ], [ 130.721110745627954, 33.89295462024586 ], [ 130.720843510439863, 33.89267810243544 ], [ 130.720674339953575, 33.892505490876644 ], [ 130.720505145314206, 33.89233379695677 ], [ 130.720356460848876, 33.892180182025513 ], [ 130.720222264770058, 33.892038436508344 ], [ 130.720190531470791, 33.892004904873453 ], [ 130.720087064259644, 33.891907320582241 ], [ 130.720077946487663, 33.891899198158178 ], [ 130.719901634039729, 33.891741856975763 ], [ 130.719502768984057, 33.891387552831254 ], [ 130.719317372049403, 33.891219412830658 ], [ 130.719009984299049, 33.890994219576498 ], [ 130.718983567173581, 33.890974927528298 ], [ 130.718909669636446, 33.890920946025233 ], [ 130.718770434802991, 33.890823136434371 ], [ 130.718750042249667, 33.890808791645021 ], [ 130.718666956379707, 33.890755418559309 ], [ 130.718575237864314, 33.890701111062846 ], [ 130.718377762758053, 33.890591549132189 ], [ 130.718168386934565, 33.890479280726211 ], [ 130.718025919779734, 33.890401401243693 ], [ 130.71802294955944, 33.890399703332207 ], [ 130.71796117080271, 33.890365187685298 ], [ 130.717785284606975, 33.890266519828927 ], [ 130.7176698070692, 33.890200395939864 ], [ 130.717588868178922, 33.890156045019829 ], [ 130.717926476102292, 33.889744743230956 ], [ 130.718037190844683, 33.889608907073949 ], [ 130.718362449689664, 33.88920772454005 ], [ 130.718433412212477, 33.889120188681282 ], [ 130.71875036919451, 33.888731448947865 ], [ 130.718789768030092, 33.888680962567264 ], [ 130.718881756241899, 33.888563120367415 ], [ 130.718923507190652, 33.888513081761928 ], [ 130.71800662854497, 33.888230992400501 ], [ 130.718006751824419, 33.888230626725694 ], [ 130.717995099423206, 33.888227404374199 ], [ 130.717934387855337, 33.888325624121606 ], [ 130.717740828552934, 33.888343155301051 ], [ 130.71753113321671, 33.88836120331505 ], [ 130.717499934057628, 33.888363886582873 ], [ 130.717325654341778, 33.88845574349358 ], [ 130.717219798319661, 33.888514764521915 ], [ 130.717195144702458, 33.888528098616646 ], [ 130.71713677255056, 33.888559669598607 ], [ 130.717134719808797, 33.888561439085976 ], [ 130.717000908912041, 33.88867679269913 ], [ 130.716959523694527, 33.888682756480392 ], [ 130.716894327928486, 33.888648442128854 ], [ 130.716820279870831, 33.888595867308474 ], [ 130.716777866686044, 33.888567912972043 ], [ 130.716769238014507, 33.888562225462557 ], [ 130.716749040046267, 33.88855193274199 ], [ 130.716673232758524, 33.888513170456029 ], [ 130.716591250225122, 33.888466933886505 ], [ 130.716416367933448, 33.888366316694871 ], [ 130.716389957670287, 33.888356756378478 ], [ 130.716300562375977, 33.888347001944418 ], [ 130.716210999668903, 33.888350529925617 ], [ 130.716196961353319, 33.888349866355831 ], [ 130.716039127269028, 33.888342316424101 ], [ 130.715992658672633, 33.888340096033289 ], [ 130.71578964982973, 33.888188672718265 ], [ 130.715466369643565, 33.887947584091904 ], [ 130.715466954733188, 33.88794307894468 ], [ 130.715425807553345, 33.887928119929107 ], [ 130.715242029462814, 33.887861199765247 ], [ 130.715369127149927, 33.887689126813342 ], [ 130.715374261872626, 33.887679484022236 ], [ 130.715407161050138, 33.887617722691864 ], [ 130.715473889424999, 33.887438677933474 ], [ 130.715535527273232, 33.887151844529818 ], [ 130.715606364632549, 33.886810304402253 ], [ 130.715621143100805, 33.886759903043348 ], [ 130.715685965268591, 33.886607341866075 ], [ 130.715791945441794, 33.886600400579525 ], [ 130.715846260129069, 33.886522057125738 ], [ 130.715853982477995, 33.886472485342324 ], [ 130.715844502735479, 33.886395824983396 ], [ 130.715808526216563, 33.886280784226955 ], [ 130.715803878169567, 33.886262317175159 ], [ 130.71579544714649, 33.886193761457506 ], [ 130.715809765260559, 33.886117156021413 ], [ 130.71592548007979, 33.88577839579802 ], [ 130.715938435462817, 33.885761870134466 ], [ 130.715779850337441, 33.885485453952057 ], [ 130.715702363077895, 33.885388910687979 ], [ 130.715640856761723, 33.885312200614877 ], [ 130.715477937732771, 33.88514558582753 ], [ 130.715207147669247, 33.885035218513146 ], [ 130.715200599908513, 33.885029919835254 ], [ 130.71508387444814, 33.884935186210754 ], [ 130.715008682836071, 33.884765397609264 ], [ 130.714900773473545, 33.884756268561162 ], [ 130.714900741050371, 33.884756296001655 ], [ 130.714884707886426, 33.884755256214561 ], [ 130.714850796406267, 33.88475305514536 ], [ 130.714812728205885, 33.88475058469367 ], [ 130.714785068851995, 33.884744957542281 ], [ 130.714777517538124, 33.884743421744737 ], [ 130.714776674840181, 33.88474325029717 ], [ 130.714766801822179, 33.88474124190757 ], [ 130.714749053729747, 33.884737632581619 ], [ 130.714724194141752, 33.884732575970645 ], [ 130.714700558905719, 33.88472562912208 ], [ 130.714649692570902, 33.88471067763647 ], [ 130.714626326298401, 33.884703808990913 ], [ 130.714603743439312, 33.884696686262075 ], [ 130.714578529748565, 33.884688596038494 ], [ 130.714565788773598, 33.884684507414512 ], [ 130.714558432230888, 33.884682146038628 ], [ 130.714558303707236, 33.884682102816477 ], [ 130.71454963219378, 33.88467932180675 ], [ 130.714534473528033, 33.884674459341426 ], [ 130.714515728356844, 33.884666521127301 ], [ 130.714515673010084, 33.88466649733563 ], [ 130.714515554402226, 33.884666448633318 ], [ 130.714514886278096, 33.884666164224654 ], [ 130.714513341148319, 33.884665509624895 ], [ 130.714500681617494, 33.884660149414827 ], [ 130.714498977683661, 33.884659430060353 ], [ 130.714490814445327, 33.884655995355089 ], [ 130.714477611200238, 33.884650441273308 ], [ 130.714464977901656, 33.884645130648416 ], [ 130.714452277406679, 33.884639788498724 ], [ 130.714426888272413, 33.884629111927318 ], [ 130.714426757721242, 33.884629281120297 ], [ 130.714424009617318, 33.884632813245815 ], [ 130.714423334361015, 33.884633678969692 ], [ 130.714413170923564, 33.884646748944633 ], [ 130.714408163750932, 33.884653189176035 ], [ 130.714405199605778, 33.884657001458571 ], [ 130.714395967885309, 33.884668872814622 ], [ 130.714375141335751, 33.88469565491301 ], [ 130.714361457707781, 33.884712671251648 ], [ 130.714353119656522, 33.884721098631005 ], [ 130.714326746272604, 33.884747754489823 ], [ 130.714305411247466, 33.884763366288411 ], [ 130.714284947393253, 33.884777731999584 ], [ 130.714284844219463, 33.884777803850909 ], [ 130.714284300558489, 33.884778186706434 ], [ 130.714283070393861, 33.884779047840127 ], [ 130.714282978473818, 33.884779108711335 ], [ 130.714280674078111, 33.884780569392547 ], [ 130.714279224657247, 33.884781487800097 ], [ 130.714270204117582, 33.884787206611314 ], [ 130.714267888474922, 33.884788676071139 ], [ 130.714262991383634, 33.884791780567738 ], [ 130.71425799708598, 33.884794948124323 ], [ 130.714253065609398, 33.884798074553167 ], [ 130.714247481027513, 33.884801161494842 ], [ 130.714220121646179, 33.884818366205849 ], [ 130.714199589376335, 33.884824353812554 ], [ 130.714178357540419, 33.884832162971591 ], [ 130.714136172305132, 33.88483927797288 ], [ 130.71413437216151, 33.884839311765454 ], [ 130.714108622519063, 33.884839775332608 ], [ 130.714091845198084, 33.884840077023142 ], [ 130.714069211468001, 33.884837721420453 ], [ 130.714003992435465, 33.88483127166176 ], [ 130.71383581447742, 33.884798413176078 ], [ 130.713833609362439, 33.88479800192242 ], [ 130.713812403917871, 33.884779528789849 ], [ 130.713799016057976, 33.88476781622991 ], [ 130.713780076071714, 33.884751249130332 ], [ 130.71377016002657, 33.884742572446299 ], [ 130.713768371821374, 33.884741008158983 ], [ 130.713763981573464, 33.884737167791783 ], [ 130.713761253216745, 33.884734779705177 ], [ 130.713761024919535, 33.884734580512337 ], [ 130.71375879788971, 33.884732631638315 ], [ 130.713754855679412, 33.88472918358314 ], [ 130.713754105661508, 33.88472852696998 ], [ 130.713751370060066, 33.884726135014127 ], [ 130.713749018685036, 33.884724077439678 ], [ 130.713745617935871, 33.884721103359766 ], [ 130.713742801416686, 33.884718639124934 ], [ 130.713741264537418, 33.88471729389483 ], [ 130.713740140166976, 33.884716310077131 ], [ 130.713735765049734, 33.88471248405218 ], [ 130.713735117009662, 33.884711916275982 ], [ 130.713734924898375, 33.884711748534947 ], [ 130.713732228121245, 33.884709388586977 ], [ 130.71373098729768, 33.884708303791612 ], [ 130.713729977404995, 33.884707419846194 ], [ 130.713728616182095, 33.884706230211876 ], [ 130.713728170779348, 33.884705839556482 ], [ 130.713727604977123, 33.884705344062134 ], [ 130.71372689245959, 33.884704720554637 ], [ 130.713725874014898, 33.884703828884952 ], [ 130.713725038465952, 33.884703098331144 ], [ 130.71372387001793, 33.88470207533878 ], [ 130.71372314039445, 33.884701436933113 ], [ 130.71372141995289, 33.884699932786518 ], [ 130.713720483086377, 33.884699113397147 ], [ 130.713719091601604, 33.884697896727147 ], [ 130.713718870542465, 33.884697703604495 ], [ 130.713718678433082, 33.884697535313109 ], [ 130.713718509351565, 33.884697386886472 ], [ 130.71371834223666, 33.884697242316541 ], [ 130.713717986311536, 33.884696929462933 ], [ 130.713716984967476, 33.884696054342236 ], [ 130.713715790859794, 33.884695009277721 ], [ 130.713714459904764, 33.884693845027904 ], [ 130.713713428298689, 33.884692942871609 ], [ 130.713712476298525, 33.884692110789835 ], [ 130.713711807857294, 33.884691527007099 ], [ 130.713711490093885, 33.88469124671051 ], [ 130.713710875607887, 33.884690708178674 ], [ 130.713709714401716, 33.884689690155817 ], [ 130.713708501879637, 33.884688626888149 ], [ 130.713707635433025, 33.884687862143132 ], [ 130.713706949885989, 33.884687263462204 ], [ 130.713706414998569, 33.884686797206129 ], [ 130.713213332232272, 33.884413678631553 ], [ 130.713207157668506, 33.884410283143168 ], [ 130.71311830542183, 33.884360977468098 ], [ 130.713120884121707, 33.884359574680005 ], [ 130.71307812136601, 33.884338599019102 ], [ 130.713050722437202, 33.884483659807046 ], [ 130.713037680569556, 33.884552709913727 ], [ 130.712682459196031, 33.88474032395397 ], [ 130.711839262213289, 33.884728436041712 ], [ 130.711665224045049, 33.884849727078183 ], [ 130.711545600962836, 33.884933318094674 ], [ 130.711544246699731, 33.884943793383847 ], [ 130.7115382560836, 33.884973782277072 ], [ 130.711529833176826, 33.885015965854713 ], [ 130.711484868537951, 33.885096756147988 ], [ 130.711430259369479, 33.885194871807357 ], [ 130.711422169369456, 33.885201589577321 ], [ 130.711415221855674, 33.885207358330419 ], [ 130.711382997661701, 33.885234113191416 ], [ 130.711284030597568, 33.885240160232108 ], [ 130.711325826053866, 33.885314033383203 ], [ 130.711366379249739, 33.885385706769469 ], [ 130.711347421275832, 33.885652823715681 ], [ 130.711323982680881, 33.885970540532711 ], [ 130.71129626316602, 33.886175116694524 ], [ 130.711259065191314, 33.88624696823625 ], [ 130.711253676144054, 33.886257180364268 ], [ 130.711250057604985, 33.886268133509553 ], [ 130.71098563731141, 33.886529690851518 ], [ 130.710982727011356, 33.886528626874131 ], [ 130.710607310441389, 33.886393909631934 ], [ 130.71053856142376, 33.886368741932415 ], [ 130.710470253292669, 33.886343716111234 ], [ 130.710398235034802, 33.886317343722361 ], [ 130.710294893097995, 33.886306254002101 ], [ 130.710163264605626, 33.886274174820805 ], [ 130.710063082264156, 33.886202865320932 ], [ 130.70996542817258, 33.886126983119681 ], [ 130.709656966297331, 33.885887324743038 ], [ 130.709587923015988, 33.88584926482217 ], [ 130.709520479075366, 33.885825086358729 ], [ 130.709505687350202, 33.88582216288782 ], [ 130.70940037188177, 33.885801627769069 ], [ 130.70932439826916, 33.885802153408662 ], [ 130.709169587537843, 33.885956121306663 ], [ 130.709107506600219, 33.886094105854887 ], [ 130.709092315157051, 33.886127881031634 ], [ 130.709088060798081, 33.886137311003729 ], [ 130.709052764824264, 33.886215696357809 ], [ 130.709036718958373, 33.886258767000477 ], [ 130.708994972384801, 33.886302693177626 ], [ 130.708980947066379, 33.886354081574062 ], [ 130.70895768460457, 33.886439259749821 ], [ 130.708951720047594, 33.886461080863008 ], [ 130.70888440294064, 33.886535870700008 ], [ 130.708655194137776, 33.886648876421539 ], [ 130.708619243571974, 33.886615263125655 ], [ 130.708533828334311, 33.886535463551944 ], [ 130.708357571046093, 33.886500883551768 ], [ 130.708327988654958, 33.886513492088902 ], [ 130.708253893498892, 33.886545084336369 ], [ 130.708067767927446, 33.886624241260257 ], [ 130.707947074776229, 33.886660935978547 ], [ 130.707924331431258, 33.886667855578494 ], [ 130.707919913825094, 33.886669182906687 ], [ 130.70790379367844, 33.886665693122843 ], [ 130.707769092924934, 33.88663649269003 ], [ 130.707729591629885, 33.887031285481058 ], [ 130.707662299941859, 33.887172849497617 ], [ 130.707527245804073, 33.887235009457626 ], [ 130.707474562065812, 33.887259820006001 ], [ 130.7072876439249, 33.887347777230865 ], [ 130.707061603605865, 33.887372458285228 ], [ 130.707061603605865, 33.88737245828522 ], [ 130.707061603605837, 33.887372458285235 ], [ 130.707061603605808, 33.887372458285235 ], [ 130.707061603605808, 33.887372458285242 ], [ 130.70703473098402, 33.887382678016117 ], [ 130.707022637414042, 33.887387227830772 ], [ 130.706535772890618, 33.887549418422516 ], [ 130.706444266356215, 33.887579487777877 ], [ 130.706433957880904, 33.887549486127938 ], [ 130.706395446181716, 33.887430379162844 ], [ 130.706350824498202, 33.887201258748739 ], [ 130.706348416647558, 33.887187404436794 ], [ 130.706337109024645, 33.887176528646449 ], [ 130.706250819774539, 33.887093557209887 ], [ 130.706205987385744, 33.88703963372059 ], [ 130.706197238644307, 33.886967763723106 ], [ 130.706063220596292, 33.887053522426633 ], [ 130.70599853126086, 33.887076120054587 ], [ 130.705902761494968, 33.886962695205249 ], [ 130.705872308341185, 33.886926627747606 ], [ 130.70590810293271, 33.886907340643511 ], [ 130.705922108561282, 33.886899768244241 ], [ 130.705922593689365, 33.886758395661793 ], [ 130.705922876737418, 33.886675911352746 ], [ 130.705783717301045, 33.886451439681743 ], [ 130.705778355925958, 33.886456851282418 ], [ 130.705778297109333, 33.886455724106163 ], [ 130.705786964589265, 33.88619955605099 ], [ 130.705795325318689, 33.886199997563246 ], [ 130.70598664093589, 33.886214895172039 ], [ 130.706039212480846, 33.886013070505399 ], [ 130.706153002588394, 33.885896130358901 ], [ 130.706134904729396, 33.885828465025405 ], [ 130.706127693221845, 33.885801539286128 ], [ 130.706129260243756, 33.885800415989799 ], [ 130.706103870737451, 33.88569835810663 ], [ 130.706095664506989, 33.885665443163163 ], [ 130.706072557992769, 33.885599668286424 ], [ 130.706097270685092, 33.885578806116307 ], [ 130.706163390771138, 33.88553282587452 ], [ 130.706002819259112, 33.885376489586619 ], [ 130.70599227489484, 33.885336313207837 ], [ 130.705977994770507, 33.88528182974062 ], [ 130.705973543358596, 33.885268786658706 ], [ 130.705962714667152, 33.885237063467642 ], [ 130.705921589952538, 33.885007473668985 ], [ 130.705862947825693, 33.8847693176942 ], [ 130.705789889706011, 33.884633898838032 ], [ 130.705656152463092, 33.884540668097188 ], [ 130.705557996675623, 33.884477319410713 ], [ 130.705479650231354, 33.884437685784086 ], [ 130.705412552192911, 33.884405687061452 ], [ 130.705371339751707, 33.884392415675585 ], [ 130.705336707117112, 33.884381273764198 ], [ 130.705232989842756, 33.884363838229056 ], [ 130.705140031986957, 33.884360940062038 ], [ 130.705042646542296, 33.884386839430917 ], [ 130.704721985745664, 33.884261674850556 ], [ 130.704609700488277, 33.884224424667963 ], [ 130.704442832997785, 33.884193734612303 ], [ 130.704440148055426, 33.884200138737015 ], [ 130.704332039016549, 33.884482552885778 ], [ 130.704302675405216, 33.884536017149451 ], [ 130.704185624416084, 33.88461871295933 ], [ 130.70390833725844, 33.884780339750229 ], [ 130.703321573950404, 33.884824573551299 ], [ 130.702977587462584, 33.884881082292132 ], [ 130.702813075963178, 33.884876599316264 ], [ 130.70255731171406, 33.884749472510933 ], [ 130.702488957024741, 33.884696336672299 ], [ 130.702404337394626, 33.884499182031966 ], [ 130.702332819462782, 33.884421243654828 ], [ 130.702095839447821, 33.884575639187879 ], [ 130.70175936142266, 33.884598209067178 ], [ 130.701417256272521, 33.884612031502606 ], [ 130.70122551042769, 33.884594379663298 ], [ 130.701131005647369, 33.884726438174141 ], [ 130.701152123253422, 33.884992045481937 ], [ 130.701126149761251, 33.885186257286627 ], [ 130.701081613515839, 33.885254473847318 ], [ 130.701014791952844, 33.885282346659075 ], [ 130.700005452818743, 33.887081177865035 ], [ 130.699912680314782, 33.887307769801204 ], [ 130.699956844994091, 33.88750327593543 ], [ 130.699968318491074, 33.887687856609261 ], [ 130.700075431068143, 33.887936627887335 ], [ 130.700091504749651, 33.888073743346929 ], [ 130.700065648103276, 33.888270206735314 ], [ 130.700101516657924, 33.888459073723375 ], [ 130.699846960096949, 33.888539176397323 ], [ 130.6997717633798, 33.88855829303499 ], [ 130.69948275979317, 33.888526174467984 ], [ 130.69936965137714, 33.888529981977179 ], [ 130.699119671237838, 33.888569382345082 ], [ 130.698484344356757, 33.888616572200888 ], [ 130.698510570943313, 33.887861241093418 ], [ 130.698503180380811, 33.887753167867089 ], [ 130.698435606252218, 33.88759859846845 ], [ 130.698330780192236, 33.88746929554474 ], [ 130.697912767994467, 33.887173270260391 ], [ 130.697849633815707, 33.887113239929249 ], [ 130.697713880828928, 33.886916802488145 ], [ 130.697670151974023, 33.886844988565613 ], [ 130.697538848105239, 33.886495565164452 ], [ 130.697440522911819, 33.886140728276303 ], [ 130.697379342825201, 33.885898264506793 ], [ 130.697350658717539, 33.885662080668006 ], [ 130.697200445136701, 33.885555908924196 ], [ 130.697127637731398, 33.885521285262818 ], [ 130.696776155849079, 33.885356643521838 ], [ 130.696638015342785, 33.885251698419864 ], [ 130.696398622991637, 33.8850598639401 ], [ 130.696155744951568, 33.884898799811083 ], [ 130.696107770542483, 33.884875297747357 ], [ 130.695878276396598, 33.88476286803089 ], [ 130.695759614494705, 33.884726721123478 ], [ 130.695553096938141, 33.884672603679611 ], [ 130.695339861712341, 33.884655309218992 ], [ 130.69519254183956, 33.884656636666826 ], [ 130.694966821986839, 33.884658681487259 ], [ 130.694913200267251, 33.884650163095131 ], [ 130.69443102210758, 33.884688833323814 ], [ 130.694348621665142, 33.884704267105 ], [ 130.694304842102582, 33.884712468013362 ], [ 130.693984998659374, 33.884772391238599 ], [ 130.693847499088946, 33.884773314798551 ], [ 130.693653308092621, 33.884726412549263 ], [ 130.693449809691316, 33.884672723704327 ], [ 130.69335077918771, 33.884615416494007 ], [ 130.693059611519203, 33.884373717454189 ], [ 130.692977487581658, 33.8843055365532 ], [ 130.692873359876359, 33.884232439087299 ], [ 130.692711875611167, 33.884156735835198 ], [ 130.692627286957645, 33.884117089564043 ], [ 130.692289267320348, 33.883958659389201 ], [ 130.692227327954697, 33.883955964105589 ], [ 130.692072894937525, 33.884004039239606 ], [ 130.691650841557191, 33.884268750808111 ], [ 130.691458330428901, 33.884383433690978 ], [ 130.69092674852098, 33.884532135904088 ], [ 130.690770624553579, 33.884586261552634 ], [ 130.690130933575205, 33.884927972434355 ], [ 130.689787884087167, 33.885074747309197 ], [ 130.689490524690768, 33.885128232972477 ], [ 130.688937560789299, 33.88514500457822 ], [ 130.688876973707011, 33.885148022969055 ], [ 130.688743712039383, 33.885154634893603 ], [ 130.688743712039383, 33.885154634893595 ], [ 130.688700063839576, 33.885156799705832 ], [ 130.687959103267957, 33.885148436798772 ], [ 130.687891231831827, 33.8851512254125 ], [ 130.687653718066031, 33.885225355380847 ], [ 130.68723131658291, 33.885487370533149 ], [ 130.687135873399228, 33.885569824486247 ], [ 130.687039899333911, 33.885768713201024 ], [ 130.686940501519359, 33.88605000582816 ], [ 130.686921644592445, 33.886082210270473 ], [ 130.686860440486186, 33.886186736763996 ], [ 130.686663918722729, 33.886356137707281 ], [ 130.686447091950726, 33.886499844206213 ], [ 130.686174831468492, 33.886628472763086 ], [ 130.685993448534077, 33.886676189700111 ], [ 130.68589623952019, 33.886686650533903 ], [ 130.685678280195873, 33.886655236916724 ], [ 130.685525864176071, 33.886565810373462 ], [ 130.68531971365266, 33.886354951916445 ], [ 130.685217728132386, 33.886297772370177 ], [ 130.685125301666574, 33.886271474508334 ], [ 130.685027519992104, 33.886283124933996 ], [ 130.685076111463985, 33.886757238546458 ], [ 130.685027519992104, 33.886283124934003 ], [ 130.684973676582985, 33.88632405310193 ], [ 130.684859501796467, 33.886505139740436 ], [ 130.684826752828144, 33.886557107661282 ], [ 130.684731388945579, 33.886686751963069 ], [ 130.684443498846008, 33.88703538849272 ], [ 130.68425210312418, 33.887222687306433 ], [ 130.683728255693183, 33.887657629623156 ], [ 130.683478147874297, 33.887814483309882 ], [ 130.683275265580932, 33.887864392493377 ] ] ], [ [ [ 130.784096994434407, 33.939112699017244 ], [ 130.784096401605069, 33.939350640423328 ], [ 130.784044470613395, 33.939357805727539 ], [ 130.784052016525692, 33.939797710033062 ], [ 130.784103891750874, 33.93981224149357 ], [ 130.784099410845954, 33.940482016964523 ], [ 130.777334619626544, 33.940443507716594 ], [ 130.777360292458525, 33.946155712825956 ], [ 130.784061943129529, 33.946150881766243 ], [ 130.78651542892166, 33.946130307782504 ], [ 130.786651968948149, 33.946131881991768 ], [ 130.788293644072127, 33.946151407280446 ], [ 130.79047867318252, 33.946129852339482 ], [ 130.792620345473438, 33.946151506638969 ], [ 130.795099589176687, 33.946130436443319 ], [ 130.797250003328941, 33.946101520135876 ], [ 130.799694544761479, 33.946116229816184 ], [ 130.801217323637303, 33.946652413186712 ], [ 130.802318739350028, 33.947040052197146 ], [ 130.804329059557233, 33.94776089384375 ], [ 130.806702624672283, 33.948575889117741 ], [ 130.808622163007612, 33.9492928573613 ], [ 130.809760739884297, 33.947030158166129 ], [ 130.812047792637401, 33.94785217360063 ], [ 130.812669184649337, 33.946623542698987 ], [ 130.813368667280656, 33.945279717489356 ], [ 130.814007427230791, 33.943993345286223 ], [ 130.814289762038982, 33.94347809002646 ], [ 130.816468718860648, 33.944245835097256 ], [ 130.818980584316478, 33.945147303361608 ], [ 130.819996572000207, 33.945513104276358 ], [ 130.820385684832956, 33.94565793214089 ], [ 130.820541434410671, 33.945658159608477 ], [ 130.821086167236842, 33.945868015514939 ], [ 130.821284918016232, 33.946005379127186 ], [ 130.821254470529453, 33.946081056044974 ], [ 130.821626276945949, 33.946218600729608 ], [ 130.821678427886866, 33.946110482357113 ], [ 130.822378870617797, 33.946342322826823 ], [ 130.822370171689641, 33.94636393662725 ], [ 130.823753704866732, 33.946863441532763 ], [ 130.823684346286655, 33.946921101583371 ], [ 130.82502551697408, 33.947417012618786 ], [ 130.825101915024248, 33.947284414417368 ], [ 130.82533022519209, 33.947353980898193 ], [ 130.825302430320676, 33.947405854127425 ], [ 130.825586086256038, 33.947498604060719 ], [ 130.82555827130733, 33.947556254951294 ], [ 130.825157042602882, 33.947411424386374 ], [ 130.825129234005857, 33.947469074089426 ], [ 130.825876353226221, 33.947741326409655 ], [ 130.825799887977496, 33.947896959026259 ], [ 130.825274111667966, 33.947723141693309 ], [ 130.825211564958238, 33.947838430704593 ], [ 130.826982580596848, 33.94845826999903 ], [ 130.828916144408964, 33.949150440706156 ], [ 130.830683731895448, 33.949778885233734 ], [ 130.830746270205395, 33.949657817489317 ], [ 130.830192804115029, 33.94946672601202 ], [ 130.830283137565544, 33.949293712091247 ], [ 130.83087807901336, 33.949519516863923 ], [ 130.830930149580837, 33.949441683435879 ], [ 130.832265376217691, 33.94989932768658 ], [ 130.832355392337604, 33.949899450903089 ], [ 130.832972526363676, 33.949381018610985 ], [ 130.834265710111907, 33.948306823550041 ], [ 130.836914390709637, 33.946094943139151 ], [ 130.83824909176505, 33.944974555850322 ], [ 130.839590645191862, 33.943871559514449 ], [ 130.840925258111525, 33.942756917529223 ], [ 130.842169687917107, 33.941728711999808 ], [ 130.843504243759668, 33.940619815248198 ], [ 130.844838775680444, 33.939499353077458 ], [ 130.845174961787535, 33.939231478591346 ], [ 130.843148065746647, 33.938530839646056 ], [ 130.84068887637639, 33.937647805539221 ], [ 130.838437262014708, 33.936845789713672 ], [ 130.835549268823002, 33.935835222199124 ], [ 130.833283910129921, 33.935027252397788 ], [ 130.833433212301941, 33.934770775006015 ], [ 130.831752309055389, 33.934214617021269 ], [ 130.831766057140271, 33.93425506797076 ], [ 130.831828316315011, 33.934283962458437 ], [ 130.831710256702081, 33.934480043427968 ], [ 130.830292335188972, 33.93395296660362 ], [ 130.829956856376782, 33.933834163999201 ], [ 130.830088856441336, 33.933586329047245 ], [ 130.828629387579952, 33.933076573543275 ], [ 130.825589572942874, 33.931988934100808 ], [ 130.822802157327544, 33.930999987347704 ], [ 130.822105322746353, 33.929908581775834 ], [ 130.821984521048279, 33.929749779031155 ], [ 130.821949879242027, 33.929772832356917 ], [ 130.821880862232234, 33.929668905062258 ], [ 130.821832385007127, 33.929686091858763 ], [ 130.82223930975951, 33.930384804487247 ], [ 130.819270656039265, 33.931979796527109 ], [ 130.818587625382008, 33.932346763306683 ], [ 130.818397775802225, 33.932107060985693 ], [ 130.815175543361846, 33.933844640208449 ], [ 130.814520657749256, 33.934215783502502 ], [ 130.813505990939404, 33.932904574441494 ], [ 130.812774123697238, 33.931970074109053 ], [ 130.812270428490592, 33.931321969540356 ], [ 130.811079669997838, 33.931967481911492 ], [ 130.809813845052759, 33.932653719687714 ], [ 130.808680246120105, 33.932731208373404 ], [ 130.804175920640148, 33.933160566055484 ], [ 130.799758110627181, 33.933560877882414 ], [ 130.79944980736272, 33.933588130098371 ], [ 130.797988499086273, 33.933717438147994 ], [ 130.795556651399266, 33.933932584703967 ], [ 130.791000256490207, 33.934368493412883 ], [ 130.786679875235166, 33.934793864615685 ], [ 130.786357246991685, 33.934825567090201 ], [ 130.784163420781255, 33.935027353688895 ], [ 130.784152886540568, 33.935777367980982 ], [ 130.784109655999771, 33.935770108011248 ], [ 130.784115547537624, 33.936873474218572 ], [ 130.78415015336418, 33.936873534854143 ], [ 130.784157523748064, 33.937392824917303 ], [ 130.784105592829235, 33.937399918156764 ], [ 130.784115628080571, 33.938579014113309 ], [ 130.7841589165225, 33.938571835839859 ], [ 130.784148905215176, 33.939112789974921 ], [ 130.784096994434407, 33.939112699017244 ] ] ], [ [ [ 130.709383113953862, 34.004526400517378 ], [ 130.709426475579761, 34.004459021390751 ], [ 130.709515718043434, 34.004461275678587 ], [ 130.709569886714803, 34.004411884679037 ], [ 130.709623798364674, 34.00450858532087 ], [ 130.709718423356207, 34.004519938345297 ], [ 130.709778047260954, 34.004439003186768 ], [ 130.709824206733799, 34.004337749585282 ], [ 130.709867533059708, 34.004299673055598 ], [ 130.710016278472438, 34.004288472576924 ], [ 130.710251742328154, 34.004176115046739 ], [ 130.710446462698656, 34.00415826463643 ], [ 130.71059787748456, 34.004178701001116 ], [ 130.710997632113362, 34.004448872259225 ], [ 130.711100213358009, 34.00456146620877 ], [ 130.711081105052017, 34.004660389056703 ], [ 130.711181045011529, 34.004727967377853 ], [ 130.711148440540796, 34.004822419922498 ], [ 130.711048276246089, 34.004892128462359 ], [ 130.71104008414008, 34.004932611787048 ], [ 130.711147896642416, 34.005144115940027 ], [ 130.711258782969992, 34.005137476273141 ], [ 130.711318360019362, 34.00508352011353 ], [ 130.711361598006818, 34.005110530724849 ], [ 130.71136943970015, 34.005263544802517 ], [ 130.711385574596932, 34.005326486261978 ], [ 130.711504449276276, 34.005385161240994 ], [ 130.711572072825476, 34.005378419168743 ], [ 130.711623535512558, 34.005335713954054 ], [ 130.711812580561372, 34.005486551454332 ], [ 130.711872031217098, 34.005502330529396 ], [ 130.711923460284453, 34.005482024917349 ], [ 130.711907364197657, 34.005401121506793 ], [ 130.712056227099083, 34.005324765976063 ], [ 130.712186031295772, 34.005320353913262 ], [ 130.712253671465476, 34.005302409398404 ], [ 130.712356580986665, 34.005221506466555 ], [ 130.712535076355636, 34.005212631209702 ], [ 130.712589213762868, 34.005178948184152 ], [ 130.712543523626351, 34.005005630132558 ], [ 130.712592311476385, 34.004940377485475 ], [ 130.712665333567429, 34.004931533829854 ], [ 130.712727478817982, 34.004969787460233 ], [ 130.712862705607989, 34.00495637121395 ], [ 130.712984379464757, 34.004967718131724 ], [ 130.71310869099662, 34.005019643850865 ], [ 130.713165479686182, 34.005015129395225 ], [ 130.713222347546804, 34.004967928112542 ], [ 130.713114615790289, 34.004711483745645 ], [ 130.713195915871097, 34.004610242461744 ], [ 130.713485368441297, 34.004547388992322 ], [ 130.713782681406627, 34.004639941617498 ], [ 130.713820641780359, 34.004574662971734 ], [ 130.713788253652694, 34.004534155995799 ], [ 130.713572114613811, 34.004416997710194 ], [ 130.713537043229621, 34.004363099157537 ], [ 130.71357493783583, 34.004349523152946 ], [ 130.713653727454926, 34.004124655099425 ], [ 130.713735003376485, 34.004036937797451 ], [ 130.713837877998429, 34.003965049772624 ], [ 130.713993224702563, 34.003909274930805 ], [ 130.714108427708624, 34.003882073339277 ], [ 130.714370782943348, 34.003859727273642 ], [ 130.714446604686003, 34.003796791441914 ], [ 130.714463050480049, 34.003657288492555 ], [ 130.714465999170073, 34.003506553924183 ], [ 130.714574394073026, 34.003376214931315 ], [ 130.714767041187883, 34.002987140692291 ], [ 130.715013336850319, 34.00285233598342 ], [ 130.715075554165821, 34.002836633736194 ], [ 130.715213348404518, 34.002908731443029 ], [ 130.715353950065037, 34.002924557637563 ], [ 130.715481201414377, 34.002827932419976 ], [ 130.715559808541343, 34.002708864326834 ], [ 130.715651821254511, 34.002672874234662 ], [ 130.715827542803851, 34.002702235678534 ], [ 130.716127508802316, 34.002821624328945 ], [ 130.716227425205091, 34.002909412963341 ], [ 130.71627610781033, 34.0029005104658 ], [ 130.716324962529058, 34.00278806396819 ], [ 130.716537886642413, 34.002737633573851 ], [ 130.716641441972939, 34.002741045208403 ], [ 130.716720031049107, 34.002633105376738 ], [ 130.716933755512002, 34.002576968916692 ], [ 130.717028499731356, 34.002507314487104 ], [ 130.717155607416203, 34.002505215817109 ], [ 130.717282800066698, 34.002444511862471 ], [ 130.717399067395462, 34.002446754913137 ], [ 130.717512510218029, 34.002530065991067 ], [ 130.717593633622698, 34.002532437998333 ], [ 130.71753710899273, 34.002372692556229 ], [ 130.717626399833676, 34.002334510915183 ], [ 130.717653651346183, 34.002213067212701 ], [ 130.717707792442354, 34.002177128359286 ], [ 130.717869964619297, 34.002224487664101 ], [ 130.717929395710996, 34.002264987331152 ], [ 130.7179863466217, 34.00215248816793 ], [ 130.718089645767861, 34.00181969303982 ], [ 130.718179064893746, 34.001709522970302 ], [ 130.718214413462249, 34.001588097756212 ], [ 130.71816051647474, 34.001477808665946 ], [ 130.718055094657984, 34.001450797259963 ], [ 130.71793333414422, 34.001493412172465 ], [ 130.717906405579157, 34.001425869080734 ], [ 130.717971449655806, 34.001333745339174 ], [ 130.717877108702453, 34.001144682060414 ], [ 130.717844858930619, 34.001029932818064 ], [ 130.717780045807331, 34.000973642510424 ], [ 130.717669149435352, 34.000984937281224 ], [ 130.717626058192081, 34.000881364254781 ], [ 130.71755893884017, 34.000586563165129 ], [ 130.717502206702449, 34.000555086423269 ], [ 130.717383139021848, 34.00060221523843 ], [ 130.717345113443969, 34.000707925584798 ], [ 130.717155661191271, 34.000818003584598 ], [ 130.716465769516191, 34.001031236549565 ], [ 130.716349554873517, 34.000981728840905 ], [ 130.716222440191387, 34.000999605698162 ], [ 130.716189936317932, 34.001033340339085 ], [ 130.715744056304914, 34.000857542568546 ], [ 130.715662933708813, 34.000855309882489 ], [ 130.715611499527853, 34.000884492086882 ], [ 130.715597896261585, 34.00093165452153 ], [ 130.715665374825477, 34.001012675308239 ], [ 130.715784259671494, 34.001066838779977 ], [ 130.71585175390581, 34.001136589954719 ], [ 130.715802860370786, 34.001273758443837 ], [ 130.715718937249733, 34.001332167137122 ], [ 130.715702571355195, 34.001415387537399 ], [ 130.715561901638381, 34.001440065559741 ], [ 130.715502320874492, 34.001502966911708 ], [ 130.715431992873874, 34.001516398726409 ], [ 130.71539693907701, 34.001457923430586 ], [ 130.715302249559329, 34.001484961024147 ], [ 130.715201937166142, 34.001633281143576 ], [ 130.715142239903599, 34.001763663479757 ], [ 130.71505548837419, 34.001896375654432 ], [ 130.715052624772625, 34.001988643577654 ], [ 130.714933464573306, 34.002094303515094 ], [ 130.714773757895415, 34.002190852147763 ], [ 130.714687299372997, 34.002152543446122 ], [ 130.714630417233593, 34.002204252529815 ], [ 130.714673574681626, 34.002274016025233 ], [ 130.714565279265514, 34.002354906737565 ], [ 130.714294665821427, 34.002464930848369 ], [ 130.714053857478206, 34.002545720992394 ], [ 130.713840232080827, 34.002552332267513 ], [ 130.713737444716941, 34.002572446445463 ], [ 130.713440054215539, 34.00253180886714 ], [ 130.713275101490439, 34.002520431247973 ], [ 130.713094078056514, 34.002439352313118 ], [ 130.713029194336173, 34.00243032351888 ], [ 130.712785684433925, 34.002508852299904 ], [ 130.712642143759126, 34.002632484093752 ], [ 130.712571638260926, 34.002749385375658 ], [ 130.712549885350569, 34.002823644350599 ], [ 130.712338866369407, 34.002872946658655 ], [ 130.711946670866467, 34.00292435256403 ], [ 130.711700597492694, 34.002921937506606 ], [ 130.71145448188048, 34.002944317626131 ], [ 130.711319285400577, 34.002937375610848 ], [ 130.711140743345027, 34.002980059034883 ], [ 130.710870364135957, 34.002961878590369 ], [ 130.710326557579492, 34.003114348901001 ], [ 130.710175061037603, 34.003150263329587 ], [ 130.709974755624415, 34.00326495547182 ], [ 130.709923294242572, 34.003314423582182 ], [ 130.709909657016766, 34.003377294553147 ], [ 130.709809674116229, 34.003343458361499 ], [ 130.709428477334228, 34.003295998062207 ], [ 130.709290456385418, 34.003356602053465 ], [ 130.709182242345804, 34.003381281754351 ], [ 130.709063474302781, 34.003268721207419 ], [ 130.708974239536218, 34.003264212669784 ], [ 130.708957796974573, 34.003387866163465 ], [ 130.708846785301546, 34.003471003756353 ], [ 130.708846729440722, 34.003500165595995 ], [ 130.70866828119901, 34.003491148697336 ], [ 130.708573623351867, 34.003502335561258 ], [ 130.708716694355871, 34.003644117747356 ], [ 130.708822015284909, 34.003725301182037 ], [ 130.708813763523636, 34.003808400293273 ], [ 130.70842174818597, 34.003758657033728 ], [ 130.708302688319208, 34.003801342667771 ], [ 130.708278218626333, 34.003884544082553 ], [ 130.708233038162035, 34.0038956372792 ], [ 130.708031911972597, 34.004021598020067 ], [ 130.707964068836276, 34.004156469852283 ], [ 130.707977482556089, 34.004210387915407 ], [ 130.708031511982625, 34.004246509199461 ], [ 130.708288366445174, 34.004273605483462 ], [ 130.708388364853135, 34.00430300475351 ], [ 130.708436948905614, 34.004354893060281 ], [ 130.70833925779732, 34.004550411497966 ], [ 130.708222803592804, 34.004660584141654 ], [ 130.708274057350621, 34.004723608848543 ], [ 130.708395701380255, 34.00474841109795 ], [ 130.708468744126492, 34.00473949773361 ], [ 130.708601470348185, 34.004606893222984 ], [ 130.708661080577883, 34.00453039637673 ], [ 130.70884746906674, 34.004649740625169 ], [ 130.709106937060852, 34.004724245157142 ], [ 130.709190800114101, 34.004704016752022 ], [ 130.709180151290127, 34.004607277481796 ], [ 130.709383113953862, 34.004526400517378 ] ] ], [ [ [ 130.726397121439987, 34.021380780723739 ], [ 130.726295354785549, 34.021274827279072 ], [ 130.726110259571783, 34.021157278008772 ], [ 130.725937060902226, 34.021122236643755 ], [ 130.725873741896379, 34.021109417426786 ], [ 130.725728488249132, 34.021097682918501 ], [ 130.725631449436577, 34.021146914230023 ], [ 130.725657824424303, 34.021270802023217 ], [ 130.725563802507537, 34.021243544410062 ], [ 130.725550150517137, 34.021286269479184 ], [ 130.725563355319963, 34.021342508540869 ], [ 130.725745865665687, 34.021442091319742 ], [ 130.725866199647385, 34.021613450298446 ], [ 130.726024142599954, 34.021789473540174 ], [ 130.726105284769147, 34.021837833374533 ], [ 130.726150541051368, 34.021864771308991 ], [ 130.726314252166446, 34.021884787028135 ], [ 130.726413904827638, 34.021857960657584 ], [ 130.726486853022891, 34.02177719131587 ], [ 130.726626869574517, 34.021759470471153 ], [ 130.726627195166287, 34.021678468143854 ], [ 130.726397121439987, 34.021380780723739 ] ] ] ] } }
]
}
