{
"type": "FeatureCollection",
"name": "小倉南",
"crs": { "type": "name", "properties": { "name": "urn:ogc:def:crs:EPSG::4612" } },
"features": [
{ "type": "Feature", "properties": { "KEY_CODE": "401070101101", "PREF": "40", "CITY": "107", "K_AREA": "025003010", "S_AREA": "0101101", "PREF_NAME": "福岡県", "CITY_NAME": "北九州市小倉南区", "S_NAME": "下城野三丁目", "KIGO_E": null, "HCODE": 8101, "AREA": 8061.455, "PERIMETER": 487.703, "KIHON1": "0250", "DUMMY1": "-", "KIHON2": "03", "KIHON3": "010", "C1": 5, "C2": 101, "DUMMY2": "-", "C3": 1, "DUMMY3": "-", "C4": 1, "KIGO_A": null, "KIGO_D": null, "N_KEN": null, "N_CITY": null, "N_C1": 0, "KIGO_I": null, "KEYCODE1": "1070101-1-01", "JINKO": 2, "SETAI": 1, "KEN_OLD": "40", "CITY_OLD": "107", "X_CODE": 130.875929, "Y_CODE": 33.85639, "KCODE1": "0250-03010", "CCODE1": "101-1- 1" }, "geometry": { "type": "MultiPolygon", "coordinates": [ [ [ [ 130.849428333402869, 33.731487962871412 ], [ 130.848453892316996, 33.728905317391941 ], [ 130.848141788587043, 33.727992560773991 ], [ 130.84780298346223, 33.72707871899388 ], [ 130.847616801975306, 33.726665768693678 ], [ 130.847452501109331, 33.726321456928964 ], [ 130.847207468166317, 33.725972818023656 ], [ 130.847126031307738, 33.725896779291958 ], [ 130.846903540328043, 33.725689050958735 ], [ 130.84651890289939, 33.725401238671708 ], [ 130.845613131301519, 33.72484157071073 ], [ 130.845348441942434, 33.724761567478126 ], [ 130.845312037400248, 33.7247597616973 ], [ 130.844925895840362, 33.724596553050787 ], [ 130.844670752252171, 33.724501486397614 ], [ 130.844526730647033, 33.72446819763487 ], [ 130.84464614347786, 33.725448475730332 ], [ 130.844722106060175, 33.726027744717435 ], [ 130.84464614347786, 33.725448475730353 ], [ 130.844526730647033, 33.724468197634877 ], [ 130.844424342775511, 33.724487861080227 ], [ 130.844196517081116, 33.724591826876306 ], [ 130.843705821816144, 33.724916362715597 ], [ 130.843553930340875, 33.724985696062951 ], [ 130.843315818812101, 33.72507140159022 ], [ 130.843078151726104, 33.725139075759017 ], [ 130.842840690489481, 33.725197801965926 ], [ 130.842679403283483, 33.725212739445787 ], [ 130.84245444630929, 33.725199490982753 ], [ 130.842357283388935, 33.725224724323787 ], [ 130.841963069569317, 33.725551138591079 ], [ 130.841854746361292, 33.725594181174763 ], [ 130.84146672055661, 33.725668067728108 ], [ 130.841295149648232, 33.725664816681778 ], [ 130.841092536042851, 33.72561588002317 ], [ 130.840847653653583, 33.725539063198553 ], [ 130.840474120825121, 33.725459824231329 ], [ 130.840228816970978, 33.725401038746845 ], [ 130.840025520126574, 33.725379148572515 ], [ 130.839628103606515, 33.725398706992401 ], [ 130.839412528073751, 33.725439775367953 ], [ 130.838666462102765, 33.725678299328933 ], [ 130.838483046542535, 33.725719900847196 ], [ 130.838310822917094, 33.72574369612736 ], [ 130.838265803546193, 33.725722433876747 ], [ 130.838207328196063, 33.725733979256013 ], [ 130.838060913912585, 33.725762808440273 ], [ 130.837904854770926, 33.725770210949335 ], [ 130.837630365934388, 33.725764213207974 ], [ 130.837307181448125, 33.725670238933041 ], [ 130.836392514789736, 33.725343934171903 ], [ 130.835666863570992, 33.725042460278537 ], [ 130.835154674431266, 33.724923644879738 ], [ 130.834533569208503, 33.72484842608857 ], [ 130.834129245496939, 33.724753419664594 ], [ 130.833617453732046, 33.724612057646674 ], [ 130.833137351612663, 33.724513705419902 ], [ 130.832896868848763, 33.724442586772604 ], [ 130.831830434659622, 33.724209171924812 ], [ 130.830944467541315, 33.724097083924924 ], [ 130.829813752523592, 33.723995078580806 ], [ 130.829108259360993, 33.724004316970934 ], [ 130.828849568103124, 33.724014101815541 ], [ 130.828405851941937, 33.723962415458324 ], [ 130.827377840658812, 33.723949639595077 ], [ 130.826892380149559, 33.723853580448854 ], [ 130.826542903993101, 33.723714248772126 ], [ 130.826004432333349, 33.723550065486357 ], [ 130.825521191472802, 33.723319039537706 ], [ 130.824877818005007, 33.722950985103722 ], [ 130.824177772427305, 33.722739790185685 ], [ 130.823943020243036, 33.72269078071789 ], [ 130.823477366586985, 33.722494921406359 ], [ 130.823309700503302, 33.722287371570403 ], [ 130.82308007518543, 33.722028592593084 ], [ 130.822356319259825, 33.721614559346989 ], [ 130.821994026310165, 33.721417164047701 ], [ 130.821851161686681, 33.721416045328084 ], [ 130.821757430137922, 33.721415347794512 ], [ 130.821545746312665, 33.721381941788081 ], [ 130.821452086453576, 33.721327638391863 ], [ 130.821237789931757, 33.721294368518194 ], [ 130.821097650295854, 33.721354606830118 ], [ 130.82092364851286, 33.721502919286493 ], [ 130.820540089667929, 33.721910017278212 ], [ 130.820480873909105, 33.721987912155292 ], [ 130.820332573362549, 33.72212541169462 ], [ 130.820103657512533, 33.722383746697936 ], [ 130.820038263703424, 33.722462899261366 ], [ 130.81994432333255, 33.722576526278822 ], [ 130.819874736286181, 33.722754642554158 ], [ 130.81979898855576, 33.723006220242546 ], [ 130.819776278607918, 33.723122205913889 ], [ 130.819798039808632, 33.723297707149278 ], [ 130.819846798948333, 33.723461905289575 ], [ 130.819895951972825, 33.723579823193006 ], [ 130.819938939989015, 33.723742747296839 ], [ 130.819997690786806, 33.724037485985804 ], [ 130.82028920922528, 33.724478726548199 ], [ 130.820679889552167, 33.724971532386952 ], [ 130.820744165418745, 33.725124904958541 ], [ 130.82079491838644, 33.725214930491013 ], [ 130.82084520603712, 33.725359830327648 ], [ 130.820826385931895, 33.725605855592541 ], [ 130.820621947548602, 33.725797515041826 ], [ 130.819971778454914, 33.726146251579436 ], [ 130.818632404677629, 33.726998769258437 ], [ 130.817641043956115, 33.7275547266877 ], [ 130.817105710695671, 33.727819435090368 ], [ 130.816774824790627, 33.727892492860555 ], [ 130.816477785547193, 33.727877404853963 ], [ 130.816022153693297, 33.727809462611646 ], [ 130.815586667853609, 33.727832346568853 ], [ 130.814930011182497, 33.727911325216006 ], [ 130.814453823876761, 33.728111655778108 ], [ 130.814218948282445, 33.72834672041801 ], [ 130.813992223340733, 33.728829051278908 ], [ 130.813812658185327, 33.729403588838863 ], [ 130.813712407821669, 33.730004590721656 ], [ 130.813534551376961, 33.73055679814702 ], [ 130.813252090576441, 33.731058765596707 ], [ 130.812802484042521, 33.731619649937059 ], [ 130.812187400437409, 33.732216983280317 ], [ 130.811607874619597, 33.732703911560009 ], [ 130.810751450890848, 33.733266631314372 ], [ 130.809849592062108, 33.733714734802483 ], [ 130.808984983689498, 33.734030103106491 ], [ 130.808154248053427, 33.734257325844816 ], [ 130.80732179192259, 33.734506938668453 ], [ 130.806793251893367, 33.734682145077628 ], [ 130.806662618757599, 33.734735404896178 ], [ 130.806499960730008, 33.734801716644562 ], [ 130.806205569253621, 33.734921709207157 ], [ 130.805972372319275, 33.735134356319548 ], [ 130.805759308476098, 33.73543783204483 ], [ 130.805517084287544, 33.736121432646513 ], [ 130.805362754684865, 33.73671965771063 ], [ 130.805380723692025, 33.737192001199034 ], [ 130.805446422560721, 33.73753931469448 ], [ 130.805562013900243, 33.738009276447116 ], [ 130.80552991877201, 33.738427722434345 ], [ 130.804974629127798, 33.739850339256115 ], [ 130.80489618957921, 33.739973349378801 ], [ 130.804689540313603, 33.740546489124185 ], [ 130.804633349574061, 33.740925239244952 ], [ 130.804470855904611, 33.741276133652647 ], [ 130.804357231192569, 33.741696915869738 ], [ 130.80417474131346, 33.741995861950464 ], [ 130.804075607198428, 33.742105665021313 ], [ 130.803967602481293, 33.742139304857126 ], [ 130.803887352321141, 33.742166929799446 ], [ 130.803647722757972, 33.742109841595727 ], [ 130.803333933204129, 33.74195922755279 ], [ 130.802773630738756, 33.741841043209135 ], [ 130.802257050201973, 33.741859724550928 ], [ 130.802025538769783, 33.742049968317573 ], [ 130.802038806256974, 33.742230249767857 ], [ 130.802126250880264, 33.742504058146523 ], [ 130.802532634960073, 33.742861358910886 ], [ 130.802895294899173, 33.743081791177751 ], [ 130.803463728863193, 33.743447382140047 ], [ 130.803659180249724, 33.743726646007389 ], [ 130.80378989942767, 33.744496503094219 ], [ 130.8038361415488, 33.745306939534764 ], [ 130.803993860170579, 33.746078173828693 ], [ 130.804141722346714, 33.746624403626477 ], [ 130.804296474966236, 33.747081180543795 ], [ 130.804640280336997, 33.747547626664286 ], [ 130.805085256143883, 33.748108906536508 ], [ 130.805191136328119, 33.748495867939425 ], [ 130.80518509852277, 33.748574541064542 ], [ 130.805081581985604, 33.748735758469756 ], [ 130.804766064443783, 33.74927209133655 ], [ 130.804660350729392, 33.749611309353092 ], [ 130.804526102911041, 33.749741624218011 ], [ 130.804003696515792, 33.750196338774813 ], [ 130.803549855103313, 33.750452375246802 ], [ 130.803211098286397, 33.750623572350086 ], [ 130.80307807930069, 33.750721977520328 ], [ 130.802589836590926, 33.750945342610351 ], [ 130.802407174908438, 33.751205471819347 ], [ 130.802411859599601, 33.751497529640915 ], [ 130.802492708798013, 33.751626850069051 ], [ 130.802629200242507, 33.751845224915556 ], [ 130.802837958474782, 33.75230476811614 ], [ 130.802982411216647, 33.752895792016723 ], [ 130.803005519063476, 33.753301006443451 ], [ 130.802921294604488, 33.753642161191529 ], [ 130.80277682510058, 33.753868257954018 ], [ 130.802333473367952, 33.75459647443374 ], [ 130.802123879883254, 33.7548948795733 ], [ 130.801854558278905, 33.755577092902712 ], [ 130.801821936699838, 33.75600194121224 ], [ 130.801807736005316, 33.7565399477215 ], [ 130.801776828767288, 33.756942467454813 ], [ 130.801710313127614, 33.757455382816104 ], [ 130.801733437608419, 33.757860597599858 ], [ 130.801913485557634, 33.758341084038719 ], [ 130.802105552918079, 33.758665139485501 ], [ 130.802116432400481, 33.75902405539771 ], [ 130.802133365417006, 33.759362411132969 ], [ 130.802186932172077, 33.759724282637279 ], [ 130.802311235983495, 33.760224401701741 ], [ 130.802336059423737, 33.760607289435747 ], [ 130.802234419243518, 33.760871491914926 ], [ 130.801963830765771, 33.761216920275359 ], [ 130.801607028700545, 33.761625326005507 ], [ 130.801500233739432, 33.761956578033654 ], [ 130.801408423458781, 33.762445783796068 ], [ 130.801224019948222, 33.762728233858986 ], [ 130.801017759748646, 33.762942254293371 ], [ 130.800637375203934, 33.763304549540855 ], [ 130.80053057425539, 33.763635799954145 ], [ 130.800393308890648, 33.764010462588026 ], [ 130.800261215928515, 33.764318004396117 ], [ 130.799943423673142, 33.764571287449556 ], [ 130.799494029768823, 33.764772931139539 ], [ 130.799379244795944, 33.76490756894399 ], [ 130.799255578733039, 33.765052617131786 ], [ 130.799265408131845, 33.765277620369858 ], [ 130.799415470102701, 33.765442343924903 ], [ 130.79986269666253, 33.765622203750716 ], [ 130.800357090465639, 33.765894205817318 ], [ 130.800738286815431, 33.7662277969238 ], [ 130.800898184645234, 33.766617524531263 ], [ 130.80092130861226, 33.767022737537722 ], [ 130.800901948081844, 33.767627792362426 ], [ 130.800914767942572, 33.768167179818079 ], [ 130.800956291827589, 33.76868562200805 ], [ 130.801090928052957, 33.769051566618785 ], [ 130.801755092783139, 33.769938292114404 ], [ 130.802033382432001, 33.770199300663812 ], [ 130.802249049069559, 33.770569393361377 ], [ 130.802478009828747, 33.771119766210091 ], [ 130.802578754473018, 33.771573781294627 ], [ 130.80259327675887, 33.772090844535064 ], [ 130.802584245887545, 33.772561797515522 ], [ 130.802588932445218, 33.772853785506804 ], [ 130.802615496549862, 33.773214344615205 ], [ 130.802593152222073, 33.773505020119707 ], [ 130.802405291560234, 33.77383220065073 ], [ 130.802178845959929, 33.773955389814468 ], [ 130.801937410276224, 33.773920694884517 ], [ 130.801706280827347, 33.77375182875938 ], [ 130.801323334836582, 33.77344056337212 ], [ 130.800901379350876, 33.773284486817836 ], [ 130.800467380099121, 33.773284910027286 ], [ 130.800213901177898, 33.773406714614538 ], [ 130.800117391767657, 33.773603863962336 ], [ 130.800000576641168, 33.775124354121303 ], [ 130.799881730022037, 33.775612176048462 ], [ 130.799707122862998, 33.776119559262497 ], [ 130.799486584765589, 33.776871580181464 ], [ 130.799404972057602, 33.77711679334751 ], [ 130.799330218613818, 33.77734095523391 ], [ 130.799474225888673, 33.777405927075328 ], [ 130.799579012722376, 33.77743370843082 ], [ 130.799756687629696, 33.777457666752262 ], [ 130.799982419122273, 33.777511292545547 ], [ 130.80018317907755, 33.777638977107607 ], [ 130.800268353965066, 33.77773871587209 ], [ 130.800281002665429, 33.777813263083168 ], [ 130.800354114416621, 33.778041472939115 ], [ 130.800436601655633, 33.778136702042801 ], [ 130.800736841700171, 33.778290047890167 ], [ 130.801075076225516, 33.778409780597777 ], [ 130.801112335778271, 33.778457317772805 ], [ 130.80110927309596, 33.779271048134689 ], [ 130.801140807318461, 33.779350279163111 ], [ 130.801325683756716, 33.779709968293155 ], [ 130.801303710325953, 33.779745998522024 ], [ 130.800874872529391, 33.780044815707157 ], [ 130.800738476255134, 33.78020604787524 ], [ 130.800641978836325, 33.780421719751189 ], [ 130.800602383436797, 33.780599449190802 ], [ 130.800586651219987, 33.780817934822096 ], [ 130.800529047741293, 33.781430818440704 ], [ 130.800435564996718, 33.781619445680228 ], [ 130.800026546293765, 33.782078337649537 ], [ 130.799988196481593, 33.782136744237739 ], [ 130.800004871445879, 33.782348795967074 ], [ 130.800202964251639, 33.783247382923591 ], [ 130.800196739172321, 33.783330637122546 ], [ 130.800143185871292, 33.783560327749477 ], [ 130.800138806223856, 33.783720362650598 ], [ 130.800148367523491, 33.783835337991619 ], [ 130.800115515745233, 33.783886844568741 ], [ 130.799746663359997, 33.784118557184748 ], [ 130.799683733229386, 33.784208196907208 ], [ 130.799666962820226, 33.784273538812329 ], [ 130.799676304073586, 33.784663515620359 ], [ 130.799633984184652, 33.7848502566967 ], [ 130.799292857735452, 33.785778675030386 ], [ 130.799286747853586, 33.785848542534112 ], [ 130.799310073129959, 33.785938886064315 ], [ 130.799471091208829, 33.786257965273869 ], [ 130.799504784313399, 33.78638889971721 ], [ 130.799525633689569, 33.786709159461921 ], [ 130.799464309466174, 33.787175244139362 ], [ 130.799493482375993, 33.787218399856656 ], [ 130.799925522936547, 33.787390699907647 ], [ 130.799989099642517, 33.787494917284469 ], [ 130.799988437635619, 33.787688633629493 ], [ 130.799875553451756, 33.788035159659564 ], [ 130.79986836021456, 33.788098403939216 ], [ 130.799914272377038, 33.788289376580018 ], [ 130.799967397451866, 33.788426260148697 ], [ 130.800014284313647, 33.788506925268067 ], [ 130.800181622937316, 33.788903924648835 ], [ 130.800227114214266, 33.789076858705876 ], [ 130.800306947223703, 33.789193217127831 ], [ 130.800380632267775, 33.789269131486321 ], [ 130.800587997099996, 33.789451630760603 ], [ 130.800707631119366, 33.789540581840292 ], [ 130.800828219775724, 33.789690253310134 ], [ 130.800879307279388, 33.789869963188828 ], [ 130.800845715895264, 33.789967117521535 ], [ 130.800417479500823, 33.790509949575224 ], [ 130.800349575776437, 33.790650301911242 ], [ 130.800305727878822, 33.790785898885183 ], [ 130.800283582377006, 33.79093026752556 ], [ 130.800168844142604, 33.791183814758526 ], [ 130.800061656084353, 33.791401163920526 ], [ 130.799988003878127, 33.7915281178783 ], [ 130.799884726862871, 33.79164178329971 ], [ 130.799685232263272, 33.791808263903306 ], [ 130.799549455818862, 33.791911031665506 ], [ 130.799588140126446, 33.791982659800219 ], [ 130.799798916952, 33.792223773096488 ], [ 130.800185203023688, 33.792870913014141 ], [ 130.800263025616061, 33.793036862151368 ], [ 130.80034469905371, 33.79328833018851 ], [ 130.80036248814838, 33.793403035125074 ], [ 130.800374882649294, 33.793695671528837 ], [ 130.800824812201739, 33.794281347463055 ], [ 130.80093786728429, 33.794462704958477 ], [ 130.801019042326601, 33.794675851405351 ], [ 130.801074490350743, 33.794977149999646 ], [ 130.801154236270094, 33.795278204893528 ], [ 130.801167833228362, 33.795471798911002 ], [ 130.801113025409848, 33.796145977007768 ], [ 130.801097459014102, 33.796562822682013 ], [ 130.801120290556099, 33.796830676882415 ], [ 130.801174354947477, 33.797037440595176 ], [ 130.801213164410143, 33.797229033610677 ], [ 130.801267595028577, 33.797523074252581 ], [ 130.801109466368359, 33.797945890976287 ], [ 130.801092893719272, 33.798106045785353 ], [ 130.801130064116307, 33.79824980751448 ], [ 130.801218342113089, 33.798402244602244 ], [ 130.801331076237034, 33.798560918878863 ], [ 130.801643778227998, 33.79951745569484 ], [ 130.801561310607241, 33.799768235514847 ], [ 130.801562329465867, 33.799838115038831 ], [ 130.80162851915523, 33.799947826459032 ], [ 130.801718963497251, 33.800059551512255 ], [ 130.801798907316709, 33.800187180983322 ], [ 130.801827566402039, 33.800308527822502 ], [ 130.801836526017468, 33.800556214788948 ], [ 130.801859320837025, 33.800641625398029 ], [ 130.801933401259959, 33.800733177125309 ], [ 130.802034393064844, 33.800826745592126 ], [ 130.802218855161811, 33.801111062124257 ], [ 130.802268750169645, 33.801217086222323 ], [ 130.802290243517575, 33.801472823043262 ], [ 130.80237760987464, 33.801621032383814 ], [ 130.802551471402836, 33.801820518817976 ], [ 130.802569238574875, 33.802036659873728 ], [ 130.802634899784437, 33.802175817673522 ], [ 130.80282030849736, 33.80247225124112 ], [ 130.80300222075843, 33.802676118943353 ], [ 130.803113436074739, 33.802783507190874 ], [ 130.80320812440516, 33.802849311227149 ], [ 130.803383672268126, 33.80288608177397 ], [ 130.803589637981617, 33.802978687479921 ], [ 130.803709126823378, 33.803047347845663 ], [ 130.804166940746342, 33.803240946288675 ], [ 130.804307938118427, 33.803313866348333 ], [ 130.804471851909852, 33.803476701602236 ], [ 130.804368906169259, 33.803810849124389 ], [ 130.804374952611113, 33.80386044886464 ], [ 130.804397585231357, 33.804499663703538 ], [ 130.804423280520297, 33.804794427076196 ], [ 130.804406714400926, 33.804954441561343 ], [ 130.804327766501586, 33.805272846882495 ], [ 130.804285992281052, 33.805552571215514 ], [ 130.804292950836896, 33.805849700848789 ], [ 130.804323030552979, 33.806072340084036 ], [ 130.804380181287002, 33.806301504497142 ], [ 130.804296595558441, 33.806489164876425 ], [ 130.80421601523625, 33.806875192054108 ], [ 130.804017743396656, 33.807325131667064 ], [ 130.803792470860799, 33.807773337988444 ], [ 130.803558681848699, 33.808180956665993 ], [ 130.803455850385888, 33.808332944099703 ], [ 130.803194812641891, 33.808643592584609 ], [ 130.80319484112033, 33.808631195101221 ], [ 130.802645507427997, 33.809197080721034 ], [ 130.802169995408548, 33.809346356507547 ], [ 130.802028146503687, 33.809455311524943 ], [ 130.801990860287617, 33.80950498263735 ], [ 130.801811860550686, 33.810042156230537 ], [ 130.801842537344385, 33.811244907217791 ], [ 130.801762583980434, 33.811353396890247 ], [ 130.801679732326221, 33.811437370753659 ], [ 130.801416231162364, 33.811839866066791 ], [ 130.801529580993162, 33.811868504176687 ], [ 130.801648406433856, 33.811919554821735 ], [ 130.801919505449547, 33.812154415475014 ], [ 130.801955427801374, 33.812275910937622 ], [ 130.801942540306101, 33.812339004653758 ], [ 130.801855014133565, 33.812528771401404 ], [ 130.801871951715469, 33.812630092143344 ], [ 130.801907460670208, 33.812692839823896 ], [ 130.802372175013403, 33.813246542459375 ], [ 130.802526650689373, 33.813374002964579 ], [ 130.802810447795537, 33.813502939474212 ], [ 130.80292411408675, 33.813578914018215 ], [ 130.802989573300067, 33.813682143929931 ], [ 130.80306942771557, 33.81391134201079 ], [ 130.803182450523821, 33.814028877087296 ], [ 130.803182501903706, 33.814006475017933 ], [ 130.803599409685489, 33.814069548246053 ], [ 130.803630507460241, 33.814548873559161 ], [ 130.803659766490398, 33.814743898161133 ], [ 130.80363989206586, 33.814743866567383 ], [ 130.803670689437041, 33.81502299792438 ], [ 130.803747280044092, 33.815112438706649 ], [ 130.804011349645521, 33.815328546396138 ], [ 130.804031144555211, 33.815400425523428 ], [ 130.803836181330581, 33.815963073478301 ], [ 130.803863712479313, 33.816010171662725 ], [ 130.804691667052197, 33.816495967280822 ], [ 130.804800937747132, 33.816614338674732 ], [ 130.804810031840191, 33.81669775395499 ], [ 130.804551269869876, 33.817112236132047 ], [ 130.804463062989015, 33.817378923903426 ], [ 130.804512476703707, 33.817452822006508 ], [ 130.805190039088814, 33.817761994703602 ], [ 130.805429322187052, 33.817935513132774 ], [ 130.805673868626997, 33.818095515378801 ], [ 130.806093957053292, 33.818292138131106 ], [ 130.806286164193381, 33.818366964524309 ], [ 130.80638876371296, 33.818377268417038 ], [ 130.807107863410266, 33.818348244161719 ], [ 130.807163785285326, 33.81851217210793 ], [ 130.807268278552925, 33.818675615980538 ], [ 130.807371964259147, 33.818785099942204 ], [ 130.807513288454516, 33.818876186000736 ], [ 130.807743020615277, 33.818928105458966 ], [ 130.807935090900315, 33.818989404423867 ], [ 130.808121086033822, 33.818994483836335 ], [ 130.808338934672747, 33.818963264279269 ], [ 130.80840631417513, 33.818967170117183 ], [ 130.808556276782269, 33.819103070109534 ], [ 130.808736349528516, 33.819493442968785 ], [ 130.808877334680489, 33.819776122715048 ], [ 130.808939316633854, 33.819987257821779 ], [ 130.808941328728878, 33.820144906696846 ], [ 130.808958458797576, 33.820221289484799 ], [ 130.809068277950814, 33.820382487366444 ], [ 130.809356514050592, 33.820580303841048 ], [ 130.809504778243763, 33.820797489104791 ], [ 130.809553039880996, 33.820993105473931 ], [ 130.809472759621372, 33.821248401316453 ], [ 130.809331227490503, 33.821779022794814 ], [ 130.809259806280608, 33.821883304488374 ], [ 130.809110922600269, 33.822037904359732 ], [ 130.808867930516016, 33.822213487717605 ], [ 130.80875736874529, 33.822421820798908 ], [ 130.808704490102031, 33.8224989429809 ], [ 130.808523376451745, 33.822667298140615 ], [ 130.808459114817197, 33.822701713512494 ], [ 130.808311269722481, 33.822730084747455 ], [ 130.807829295914814, 33.822756950109337 ], [ 130.807818640468895, 33.82297332661895 ], [ 130.807835649874363, 33.823047454698518 ], [ 130.807970829764884, 33.823285049147167 ], [ 130.808009694914745, 33.823379359791161 ], [ 130.808022942218912, 33.823767084468273 ], [ 130.808004475186181, 33.824032755500504 ], [ 130.808021801672794, 33.824115904258164 ], [ 130.808100802268825, 33.824189423930036 ], [ 130.808307974354875, 33.824165089967664 ], [ 130.80874324035517, 33.824061934063465 ], [ 130.808953065816013, 33.824039716878744 ], [ 130.809241485374713, 33.824046220291727 ], [ 130.80981818747307, 33.824045274377958 ], [ 130.809902245795939, 33.824085131783363 ], [ 130.810231046931762, 33.824302874756256 ], [ 130.810337175750107, 33.8243808041614 ], [ 130.810405384768075, 33.824449940584685 ], [ 130.810573316486312, 33.82472773471828 ], [ 130.810687347827752, 33.82480102515369 ], [ 130.811355338566756, 33.824776973473732 ], [ 130.811525720914346, 33.824824991776609 ], [ 130.811824182519814, 33.824986614575714 ], [ 130.811879294922051, 33.825083059782351 ], [ 130.811927173906099, 33.825456606500687 ], [ 130.811987982733285, 33.82557306807503 ], [ 130.812126324183623, 33.825646253084784 ], [ 130.812674836598802, 33.825765003829041 ], [ 130.812831837832789, 33.825815396391683 ], [ 130.813043511840903, 33.825932929457558 ], [ 130.813123031815849, 33.82604251382331 ], [ 130.813146285478808, 33.826177510712142 ], [ 130.813187505604645, 33.826240126669873 ], [ 130.813358255321759, 33.826315189989451 ], [ 130.813439899515316, 33.826379837572972 ], [ 130.813511107917947, 33.82646926261706 ], [ 130.813672074393651, 33.826618698737519 ], [ 130.813872980805826, 33.826740722007877 ], [ 130.814252826023449, 33.826937820752455 ], [ 130.814321079928789, 33.827009208102794 ], [ 130.814444386633028, 33.827382020067091 ], [ 130.814725980164837, 33.827701678218638 ], [ 130.81476389596375, 33.827712442449183 ], [ 130.81485515307034, 33.827684682649696 ], [ 130.814997312044852, 33.827633756493455 ], [ 130.815072378292371, 33.82759921228557 ], [ 130.815193410679285, 33.827580092659822 ], [ 130.815492171281846, 33.827552643999212 ], [ 130.815548801915696, 33.827554279261996 ], [ 130.815733484849289, 33.827667539732687 ], [ 130.81588712798407, 33.827672841337268 ], [ 130.816019033715264, 33.82766049767833 ], [ 130.816190922201088, 33.827620603616722 ], [ 130.816298823088999, 33.827624004730112 ], [ 130.816426736227442, 33.827721963603054 ], [ 130.816762096529402, 33.828025212048786 ], [ 130.816886577536593, 33.828071464593336 ], [ 130.817364011705251, 33.828107530602146 ], [ 130.817466795836197, 33.828135998553385 ], [ 130.817797710106447, 33.828290046883424 ], [ 130.817843203391135, 33.828290113868242 ], [ 130.818107344775001, 33.828448710475527 ], [ 130.818250766028683, 33.828558526488187 ], [ 130.818519906380885, 33.828510176807335 ], [ 130.818778217341929, 33.828452654518394 ], [ 130.818980356731316, 33.828456331564063 ], [ 130.819209158254694, 33.828423840869235 ], [ 130.819332643438145, 33.828362455770581 ], [ 130.819523717096757, 33.828330190599068 ], [ 130.819606299733437, 33.828292696943613 ], [ 130.819779259951531, 33.828164183450099 ], [ 130.819823015550412, 33.828006040296202 ], [ 130.819924021221681, 33.827897005930588 ], [ 130.820270669327812, 33.827612229650882 ], [ 130.820383062780166, 33.827545897947616 ], [ 130.820536778285714, 33.827557956058975 ], [ 130.820888799393401, 33.827689905512763 ], [ 130.820969708274419, 33.827695798696936 ], [ 130.821141488723867, 33.827640119326489 ], [ 130.821416999592003, 33.827477801041027 ], [ 130.821640722795195, 33.82727751218561 ], [ 130.822001598412328, 33.827046568613163 ], [ 130.822095547513328, 33.827016414318614 ], [ 130.822275607581332, 33.826980890057271 ], [ 130.822372155260325, 33.826943977114915 ], [ 130.822709275330652, 33.826760615337939 ], [ 130.82275443272809, 33.826708414953465 ], [ 130.82292303880169, 33.826619057917455 ], [ 130.823082061013196, 33.826624359672834 ], [ 130.823257462174212, 33.826642925745624 ], [ 130.823928374472274, 33.82684619199452 ], [ 130.824025472263656, 33.826854360616416 ], [ 130.824113939495135, 33.826810814240304 ], [ 130.824212065091245, 33.826688249076454 ], [ 130.824355809899515, 33.826554056628368 ], [ 130.824617059591418, 33.826540340719731 ], [ 130.824760623746329, 33.826494479734308 ], [ 130.824760675350291, 33.826469120492732 ], [ 130.824939467571426, 33.826309055566036 ], [ 130.825145397102659, 33.826515736424206 ], [ 130.825185350958918, 33.826630185895304 ], [ 130.8251977105744, 33.826715576688514 ], [ 130.825296938165422, 33.827115110793706 ], [ 130.825353383744641, 33.827249448690949 ], [ 130.825411654381384, 33.827336453271045 ], [ 130.825480334534376, 33.827405440651162 ], [ 130.825670325913677, 33.827477275762121 ], [ 130.825812142887003, 33.827711899507719 ], [ 130.825994168828373, 33.8279300983098 ], [ 130.826081940362883, 33.828012355580356 ], [ 130.82634381426098, 33.828177835069162 ], [ 130.826310603651393, 33.828302326614811 ], [ 130.826283228051182, 33.828483318592845 ], [ 130.826313236670018, 33.828658476903897 ], [ 130.826336909801483, 33.82913355915889 ], [ 130.826321874490077, 33.82924892034093 ], [ 130.826228306499758, 33.829517165887033 ], [ 130.8266263497338, 33.829823438669322 ], [ 130.826740688749538, 33.829859100742361 ], [ 130.826969732838137, 33.82985829636138 ], [ 130.827359062957612, 33.829819961886066 ], [ 130.827708461267207, 33.829874972445218 ], [ 130.827864222957231, 33.829941264270239 ], [ 130.828013514654714, 33.830057277701272 ], [ 130.828294120103322, 33.830314495392471 ], [ 130.82860881336282, 33.830541611464803 ], [ 130.828679687097718, 33.830650468974341 ], [ 130.828582965040283, 33.831148628772695 ], [ 130.828579142622687, 33.831277246861653 ], [ 130.828558504505651, 33.831388233081391 ], [ 130.828567878794672, 33.831507431668321 ], [ 130.828618165696412, 33.831643874160171 ], [ 130.828716304089454, 33.83184208731965 ], [ 130.828772302175793, 33.831987413706948 ], [ 130.828810112642003, 33.832153282201908 ], [ 130.828847360023275, 33.832384661544289 ], [ 130.82890850791722, 33.832604236842961 ], [ 130.828922930401149, 33.832795432329853 ], [ 130.829220191424696, 33.833151569796378 ], [ 130.829370462358924, 33.833378030744953 ], [ 130.829448530201432, 33.833457315483528 ], [ 130.829647160537661, 33.833597060708591 ], [ 130.830180164659765, 33.833909145014481 ], [ 130.830313876232736, 33.834043587990223 ], [ 130.830524734887831, 33.834228149631642 ], [ 130.830739166908529, 33.834356083526323 ], [ 130.830884444781248, 33.834431652631039 ], [ 130.831083738080707, 33.834510397283069 ], [ 130.831285125328094, 33.834571112335503 ], [ 130.831685600260045, 33.834703805954035 ], [ 130.83191001899624, 33.834809067983876 ], [ 130.832168492956271, 33.834965374702328 ], [ 130.832345714282496, 33.83511002020451 ], [ 130.832371132405996, 33.835147809643601 ], [ 130.832548393077076, 33.835781589522945 ], [ 130.832651586323351, 33.836051938735388 ], [ 130.832760346667158, 33.83624340245629 ], [ 130.832843829355255, 33.836324803179764 ], [ 130.833048473252774, 33.836482442968389 ], [ 130.833345925679509, 33.836761790177107 ], [ 130.833500638134723, 33.836877662958514 ], [ 130.833566065163268, 33.836900854737337 ], [ 130.833725214303371, 33.836906142609173 ], [ 130.834113970174883, 33.836847496161937 ], [ 130.834196879985598, 33.836827602814168 ], [ 130.83461016601305, 33.836939736227031 ], [ 130.8348036565298, 33.837007337008131 ], [ 130.83493677012595, 33.837119233967876 ], [ 130.834976124352238, 33.837170144667432 ], [ 130.835067946313217, 33.837339324584939 ], [ 130.835188269371457, 33.83747402822992 ], [ 130.835287232451719, 33.837534880759044 ], [ 130.835550034789634, 33.837576088277984 ], [ 130.835846926424068, 33.837591700582237 ], [ 130.835960872878104, 33.837613830980878 ], [ 130.836280196375924, 33.837818393773929 ], [ 130.836385589611979, 33.837910530048724 ], [ 130.836552604451953, 33.838152362529456 ], [ 130.838113227399731, 33.838167957020829 ], [ 130.838274005803754, 33.838222829732352 ], [ 130.838785510295111, 33.838452152997192 ], [ 130.83926262199094, 33.838702420242448 ], [ 130.839419026603451, 33.83878898384117 ], [ 130.8404257026653, 33.839732649632559 ], [ 130.840955391754079, 33.840184717841815 ], [ 130.841093879148872, 33.840382130098973 ], [ 130.84110380728967, 33.840679401432219 ], [ 130.841970104801419, 33.840070930654932 ], [ 130.842074553776314, 33.839969210776843 ], [ 130.842246843700337, 33.839884056713466 ], [ 130.842364869263861, 33.839865611694684 ], [ 130.842909974555567, 33.83980995893603 ], [ 130.843034936401949, 33.839840972874875 ], [ 130.843954398086254, 33.840344668662304 ], [ 130.844136592125551, 33.840394629513163 ], [ 130.844303741082115, 33.840397377131801 ], [ 130.844857371481311, 33.84035511021564 ], [ 130.844970504004095, 33.840352575456109 ], [ 130.845246619403838, 33.84039124368956 ], [ 130.845438352549507, 33.840242436161141 ], [ 130.84546933690379, 33.84019880006327 ], [ 130.845571494570976, 33.83986729832845 ], [ 130.845731063444759, 33.839642653391294 ], [ 130.845770274353526, 33.839524503444913 ], [ 130.845861635033174, 33.839193267431583 ], [ 130.846063247384336, 33.839258465508721 ], [ 130.846148925961614, 33.839324085766251 ], [ 130.846344442573923, 33.839352362843343 ], [ 130.847183216356655, 33.839607700863212 ], [ 130.847439951587631, 33.839668459379432 ], [ 130.847555963624472, 33.839683116005709 ], [ 130.847948797606563, 33.839462842086775 ], [ 130.848106972711008, 33.839407249828064 ], [ 130.848206509009003, 33.839395114719707 ], [ 130.848352136537983, 33.839411637430999 ], [ 130.849535206115547, 33.839641319543908 ], [ 130.849674733831819, 33.840178527844287 ], [ 130.849725265455135, 33.84032440223833 ], [ 130.850393326753192, 33.840897054217962 ], [ 130.850892929796515, 33.840795240724418 ], [ 130.851008562842878, 33.840780590422924 ], [ 130.851151398652945, 33.840790483507995 ], [ 130.851324421777008, 33.840831690732728 ], [ 130.851440830377214, 33.840875502040646 ], [ 130.851525414209874, 33.840949146926896 ], [ 130.851743640500871, 33.841286113000358 ], [ 130.852115765167781, 33.841860652276679 ], [ 130.852623472567416, 33.842382662086237 ], [ 130.853017717374257, 33.842157726292804 ], [ 130.853298034432896, 33.842208075861571 ], [ 130.853416455463702, 33.842212020211988 ], [ 130.853433204273671, 33.841894355744522 ], [ 130.853540664398253, 33.84186461689626 ], [ 130.853721698963227, 33.84196274684605 ], [ 130.854128269092001, 33.842370515560923 ], [ 130.85401025222825, 33.842445466716725 ], [ 130.854210986059371, 33.842658293704183 ], [ 130.854359018411913, 33.842655368137329 ], [ 130.854813469397357, 33.843375810687192 ], [ 130.854870247439777, 33.843416168778973 ], [ 130.855072282683636, 33.843428524252481 ], [ 130.855239043481532, 33.843414210136849 ], [ 130.855695900038512, 33.843285842007248 ], [ 130.855784622317572, 33.843280875866377 ], [ 130.85592473923964, 33.843298229296195 ], [ 130.856113898472898, 33.843393967769678 ], [ 130.856243296151348, 33.843422578731001 ], [ 130.856686025679039, 33.843602721794213 ], [ 130.856772497536554, 33.843649592661379 ], [ 130.85705926494839, 33.843855332107971 ], [ 130.857362841454318, 33.844164497159262 ], [ 130.857468896529639, 33.844321704047665 ], [ 130.857534391953635, 33.844445192564443 ], [ 130.857578970776956, 33.844672344030975 ], [ 130.857620334743871, 33.844813976434253 ], [ 130.857897876526266, 33.84524046129458 ], [ 130.857987900662096, 33.845424697022608 ], [ 130.858126456565117, 33.845608565151686 ], [ 130.858136050642202, 33.845817926137407 ], [ 130.858292877254257, 33.845929823858476 ], [ 130.859684611397483, 33.845506108779453 ], [ 130.859808189662573, 33.845476244021299 ], [ 130.859910250886003, 33.845432827861032 ], [ 130.860124653079026, 33.845294447231865 ], [ 130.860259296435316, 33.845291499520386 ], [ 130.860437116654452, 33.845317621429174 ], [ 130.860588465862094, 33.845404573459177 ], [ 130.860890403309924, 33.845860096626879 ], [ 130.861047582686325, 33.84601707030729 ], [ 130.861500132441108, 33.846341600359352 ], [ 130.861745588937225, 33.846515578923672 ], [ 130.861953379029956, 33.846588786558947 ], [ 130.861822674370188, 33.846758400270687 ], [ 130.861732376112428, 33.846934541526657 ], [ 130.861618816712593, 33.847261537445576 ], [ 130.861670287138651, 33.847709451371138 ], [ 130.862096253356668, 33.847786001292931 ], [ 130.862335640293736, 33.847762318136866 ], [ 130.862543175025962, 33.847792695456143 ], [ 130.862766992369671, 33.847850140487864 ], [ 130.862875255149675, 33.84792168576999 ], [ 130.862970203368008, 33.848024775008923 ], [ 130.863303719215025, 33.847989218583422 ], [ 130.863449599881221, 33.848056014908934 ], [ 130.864019454947055, 33.848706097524108 ], [ 130.864128232006976, 33.848867666280256 ], [ 130.864193986596547, 33.849040737799783 ], [ 130.864211325964959, 33.849214039692882 ], [ 130.864195575315392, 33.849270374428791 ], [ 130.864040252148811, 33.850176344006535 ], [ 130.864231693985545, 33.850204729816234 ], [ 130.864473799033249, 33.850180903169189 ], [ 130.864546254316082, 33.850142381802577 ], [ 130.864631859283861, 33.850063020110916 ], [ 130.864786958489333, 33.849815521822514 ], [ 130.864946675624054, 33.849771319258096 ], [ 130.865195216854488, 33.849774125026734 ], [ 130.865464827879862, 33.849437292527121 ], [ 130.865590659631891, 33.849337543938475 ], [ 130.866368309373598, 33.848804237530111 ], [ 130.866493737762084, 33.848718225519839 ], [ 130.866585881534917, 33.848673594677962 ], [ 130.866775795421205, 33.848637803374132 ], [ 130.867510257802167, 33.848719315426564 ], [ 130.867893027893928, 33.848763607832666 ], [ 130.867940092214752, 33.848751047519684 ], [ 130.868387944484397, 33.848588385864581 ], [ 130.868885050661731, 33.848408866753864 ], [ 130.869319878877832, 33.848251891270856 ], [ 130.869319878877832, 33.848251891270849 ], [ 130.869345728873498, 33.848240578732984 ], [ 130.870601016355664, 33.847784738008791 ], [ 130.871094169480358, 33.84760872699551 ], [ 130.871810485481518, 33.847345459508567 ], [ 130.872431275282679, 33.847102446259967 ], [ 130.872442686703835, 33.84709935806459 ], [ 130.872789619136398, 33.847005535149549 ], [ 130.872442686703835, 33.847099358064597 ], [ 130.872431275282679, 33.847102446259981 ], [ 130.871810485481575, 33.847345459508567 ], [ 130.872105390886247, 33.847509044666992 ], [ 130.872652443349267, 33.847817006651837 ], [ 130.873073716698656, 33.848156397207582 ], [ 130.873271758666789, 33.84832305070428 ], [ 130.873405968702883, 33.848459911821458 ], [ 130.873511569766123, 33.848597097450572 ], [ 130.873842220595606, 33.849561338107947 ], [ 130.873984793572504, 33.849977081093897 ], [ 130.874048061872884, 33.850384711465544 ], [ 130.874073331046674, 33.850691011230431 ], [ 130.874071055081743, 33.850839638323961 ], [ 130.874002251896059, 33.851188951805852 ], [ 130.873969548503482, 33.851332545016547 ], [ 130.873960837797455, 33.851370785735092 ], [ 130.873901070061578, 33.851633114658121 ], [ 130.873755347437054, 33.852272915934364 ], [ 130.873718272307343, 33.852560555321006 ], [ 130.873681768709815, 33.852847351630103 ], [ 130.873691018054416, 33.853174062645088 ], [ 130.873735485761614, 33.853441849734537 ], [ 130.873784655104799, 33.853800088094481 ], [ 130.873822956854923, 33.853991583197846 ], [ 130.873856965930031, 33.85407389183748 ], [ 130.874041420429961, 33.854045479918511 ], [ 130.873856965930031, 33.854073891837494 ], [ 130.873885487772839, 33.854162533380162 ], [ 130.874112530321639, 33.854642180557171 ], [ 130.874134850130361, 33.854686087403749 ], [ 130.874163863813607, 33.854746941328287 ], [ 130.87420826686261, 33.854840072984899 ], [ 130.874338298707755, 33.85504927166923 ], [ 130.874600916949589, 33.855410050711463 ], [ 130.874546248566247, 33.855409995307284 ], [ 130.874618331847842, 33.855488115367976 ], [ 130.874997403001913, 33.855893528497802 ], [ 130.875415030539983, 33.856341102986057 ], [ 130.875454366886032, 33.856383265172184 ], [ 130.875566904792322, 33.856491011856981 ], [ 130.876124302843124, 33.857101229588572 ], [ 130.876253695518983, 33.857239914597791 ], [ 130.876250349794276, 33.857656211275987 ], [ 130.876260730571062, 33.857834717784691 ], [ 130.876312161495719, 33.858215285114291 ], [ 130.876354120252245, 33.858422280383465 ], [ 130.876380916663521, 33.858657294510557 ], [ 130.876394465344134, 33.858775930135515 ], [ 130.876376370695681, 33.858984131637456 ], [ 130.876359627731944, 33.85917712163868 ], [ 130.876276792487317, 33.859919899124293 ], [ 130.876243451798217, 33.860218812580733 ], [ 130.876135796148105, 33.860600206736216 ], [ 130.875953169617134, 33.861009985001388 ], [ 130.875875997959213, 33.861183049611363 ], [ 130.87531866414372, 33.861983814453481 ], [ 130.874916000706179, 33.862428378080651 ], [ 130.874824164161254, 33.862529789253813 ], [ 130.874997292291653, 33.862616605557804 ], [ 130.875099098626833, 33.862539364703125 ], [ 130.875366662421271, 33.862646138782488 ], [ 130.875338933856426, 33.862720073407552 ], [ 130.875711074853939, 33.862738022650639 ], [ 130.875699063227756, 33.86299922248854 ], [ 130.875711074853911, 33.862738022650639 ], [ 130.875338933856426, 33.862720073407559 ], [ 130.875321758067145, 33.862765843207448 ], [ 130.875328044537099, 33.8628919371668 ], [ 130.875364438013662, 33.862985659053614 ], [ 130.875383071268743, 33.863033575931112 ], [ 130.875489115474466, 33.863163716059908 ], [ 130.875733012689466, 33.863346963857417 ], [ 130.875771099157532, 33.863387294336086 ], [ 130.875740845447893, 33.863680434678649 ], [ 130.875757180794778, 33.863763357857444 ], [ 130.875774531770162, 33.863851497363143 ], [ 130.875735125150186, 33.863935702927243 ], [ 130.875723223550949, 33.86417236935057 ], [ 130.876032556935769, 33.86412717594402 ], [ 130.876020156291304, 33.864119414571533 ], [ 130.875981707948227, 33.864095426992193 ], [ 130.876020156291304, 33.864119414571519 ], [ 130.876125431707209, 33.864147414786686 ], [ 130.876301715075584, 33.864194221845359 ], [ 130.876325468155216, 33.864212983172067 ], [ 130.876325468155216, 33.86421298317206 ], [ 130.876558792935555, 33.864397275245437 ], [ 130.876565827651831, 33.864474766785094 ], [ 130.876546283018087, 33.8645678694864 ], [ 130.876548003116824, 33.864574985089298 ], [ 130.876620507983233, 33.864588017797317 ], [ 130.876669459042802, 33.864596801144572 ], [ 130.876832315530777, 33.86438860189552 ], [ 130.877086773853193, 33.864122803120161 ], [ 130.87726057118806, 33.863961033583131 ], [ 130.877358874894611, 33.863874984067962 ], [ 130.877453130861568, 33.86379245191651 ], [ 130.877526040915967, 33.863735255857414 ], [ 130.877814848297987, 33.863508654796519 ], [ 130.877857878313961, 33.863480802503624 ], [ 130.878258726568873, 33.863221697278959 ], [ 130.87849286540893, 33.863070339542837 ], [ 130.878638304982985, 33.862977149345156 ], [ 130.879049742856495, 33.862719179045314 ], [ 130.879305614326285, 33.862558754298277 ], [ 130.879974511180478, 33.862139372768745 ], [ 130.88047808987136, 33.861823584461121 ], [ 130.881319564281029, 33.861295953886369 ], [ 130.881572025562178, 33.861137636438897 ], [ 130.882271851557562, 33.860698829031925 ], [ 130.882370240048346, 33.860637146154012 ], [ 130.882986246990811, 33.860250874120489 ], [ 130.883255993459585, 33.860081719510475 ], [ 130.883502859340155, 33.859926914727254 ], [ 130.884169770449233, 33.859508703102804 ], [ 130.884525253331873, 33.859285740864827 ], [ 130.884576938849506, 33.859253315659828 ], [ 130.885033688389967, 33.858966909931681 ], [ 130.886055110478168, 33.858326363351203 ], [ 130.886239774637289, 33.858510102406058 ], [ 130.886569792007009, 33.858323883354878 ], [ 130.886784441299341, 33.858202784158557 ], [ 130.887189800131296, 33.857986342814279 ], [ 130.887299592716801, 33.857897830350787 ], [ 130.887549287368728, 33.857649476547863 ], [ 130.887869339931797, 33.857331168162546 ], [ 130.888040626300693, 33.85717255192592 ], [ 130.888540645519811, 33.856865535897413 ], [ 130.888585091650839, 33.856838175588415 ], [ 130.888522699118653, 33.856779793841952 ], [ 130.888938754790956, 33.85650953993526 ], [ 130.889542989989422, 33.856117028932545 ], [ 130.889542976222089, 33.856127736389467 ], [ 130.890449112015432, 33.855557137300821 ], [ 130.890658401423281, 33.855425319401185 ], [ 130.890709956123885, 33.855425365326248 ], [ 130.891040572393251, 33.855217156003825 ], [ 130.891968678773196, 33.854632756461591 ], [ 130.892345369877148, 33.854395564138571 ], [ 130.892288700189539, 33.854241742022062 ], [ 130.892345369877148, 33.854395564138557 ], [ 130.892715140255291, 33.85416272963203 ], [ 130.893041691237528, 33.853965500782522 ], [ 130.89319955556283, 33.853859696108259 ], [ 130.893261336766017, 33.853816389060427 ], [ 130.893595000148679, 33.853582502257012 ], [ 130.893731891378906, 33.853478862048433 ], [ 130.893405582637769, 33.852905617410528 ], [ 130.893205399191231, 33.85297905324714 ], [ 130.893405582637769, 33.852905617410514 ], [ 130.893731891378906, 33.853478862048426 ], [ 130.893849630324752, 33.85338971585 ], [ 130.894023304758804, 33.853246660979863 ], [ 130.89423646802183, 33.853071095250868 ], [ 130.894695933393791, 33.85257967587826 ], [ 130.894823855883942, 33.852420730923335 ], [ 130.895045347579497, 33.852187762439932 ], [ 130.895234111712824, 33.851939689721661 ], [ 130.895565539136641, 33.851416881528813 ], [ 130.895592436894901, 33.851366751322708 ], [ 130.895486407223956, 33.85132055783604 ], [ 130.895592436894901, 33.851366751322701 ], [ 130.895845737483938, 33.8508947333479 ], [ 130.896547676656496, 33.84977609737372 ], [ 130.896549928771748, 33.849772507354487 ], [ 130.896685605811712, 33.84955622827551 ], [ 130.896892140904384, 33.849605991859697 ], [ 130.896896804621747, 33.849607122820878 ], [ 130.896944271855773, 33.84958025436471 ], [ 130.89749777024079, 33.849266974163804 ], [ 130.89770100927791, 33.849151902904111 ], [ 130.897734627931413, 33.849092408678388 ], [ 130.898324749281358, 33.848048335835074 ], [ 130.898569568525829, 33.847900613824393 ], [ 130.898563235764698, 33.848723353903949 ], [ 130.898561915188793, 33.848894312499418 ], [ 130.898556776849034, 33.849563985659096 ], [ 130.898632795093704, 33.849550735198811 ], [ 130.898556776849063, 33.849563985659096 ], [ 130.89855409598718, 33.849912100980134 ], [ 130.898550715996635, 33.850352844411837 ], [ 130.89854978019514, 33.850474423940497 ], [ 130.89854956866418, 33.850501613798137 ], [ 130.89854677676044, 33.850864380047121 ], [ 130.898543936051738, 33.851231584535689 ], [ 130.898542464350612, 33.85142374387285 ], [ 130.898541740556311, 33.851517711985508 ], [ 130.899367597952079, 33.851586717881091 ], [ 130.899512400204088, 33.851686016690181 ], [ 130.899557323417014, 33.851903714537364 ], [ 130.899678766709229, 33.851915508056479 ], [ 130.899629055993046, 33.852380092255416 ], [ 130.900016198326966, 33.852340820608809 ], [ 130.900237764547768, 33.852432643358135 ], [ 130.90041160032186, 33.852440885149733 ], [ 130.90105183471141, 33.852601656006719 ], [ 130.901111655905339, 33.852616496705707 ], [ 130.901938900448158, 33.852821788725542 ], [ 130.902157507950051, 33.852836473887869 ], [ 130.902342764955932, 33.852806896627897 ], [ 130.902460488127389, 33.852769092154048 ], [ 130.903102140719739, 33.852529961322702 ], [ 130.903258094815641, 33.852514305665856 ], [ 130.903471390495696, 33.852540395669223 ], [ 130.903566250798406, 33.852563857010793 ], [ 130.904136139043118, 33.852897768512527 ], [ 130.90450180656137, 33.853124308820881 ], [ 130.904708849117839, 33.85323393417962 ], [ 130.904926077214554, 33.853314122897821 ], [ 130.905166566694419, 33.853479562462184 ], [ 130.905294648593468, 33.853551933099418 ], [ 130.905599362923283, 33.853693892025973 ], [ 130.905752382059461, 33.853795303283988 ], [ 130.906202341105285, 33.854320147282678 ], [ 130.906304755541214, 33.854453779116092 ], [ 130.906507833923826, 33.854633133904599 ], [ 130.907588853254794, 33.855439225759937 ], [ 130.9079077637887, 33.856459298517365 ], [ 130.908092661391578, 33.856672870115169 ], [ 130.908270924565443, 33.856823462369078 ], [ 130.908420013858233, 33.856868655206014 ], [ 130.908525063984143, 33.85686267608682 ], [ 130.908881793150528, 33.856776299514252 ], [ 130.908986950911327, 33.856776942012338 ], [ 130.90913022912838, 33.85679972915694 ], [ 130.910158440190344, 33.856994195920315 ], [ 130.910594921705353, 33.857118632819379 ], [ 130.91115590856009, 33.857346425615432 ], [ 130.911307851414279, 33.857354707136757 ], [ 130.911398605675259, 33.857379709162977 ], [ 130.912068072075499, 33.857848480464476 ], [ 130.912460747787094, 33.858012327715031 ], [ 130.912744573686496, 33.85820483238416 ], [ 130.912942522717941, 33.858243858482275 ], [ 130.913320581249565, 33.858227082384552 ], [ 130.913500727698477, 33.858238622129754 ], [ 130.913629095645234, 33.858266889546236 ], [ 130.913876943642094, 33.858338912852126 ], [ 130.914054386968047, 33.858352705606727 ], [ 130.914225429855179, 33.858391145978217 ], [ 130.914449288226479, 33.858460194351494 ], [ 130.915823865074714, 33.858989807789435 ], [ 130.916391413384957, 33.859204408465146 ], [ 130.916557669796106, 33.859278555998166 ], [ 130.916690977405239, 33.859336478365762 ], [ 130.916883570563783, 33.859445369413656 ], [ 130.917098002381096, 33.859547936020356 ], [ 130.917252944962911, 33.859585939104477 ], [ 130.918034652451155, 33.859588864619425 ], [ 130.918284168576122, 33.859618054804898 ], [ 130.91837752132065, 33.859645447860935 ], [ 130.918637778948977, 33.859747056452093 ], [ 130.919140029184092, 33.859724429332921 ], [ 130.919389987890156, 33.859744599589881 ], [ 130.919566775159637, 33.859774160367863 ], [ 130.91997172575617, 33.859899953631896 ], [ 130.920268523227861, 33.859956360879998 ], [ 130.920562675998951, 33.860026289635016 ], [ 130.920793189716193, 33.860039894479421 ], [ 130.920890331663401, 33.860057637261988 ], [ 130.921040584296719, 33.860147336130453 ], [ 130.921146496401832, 33.860269688003292 ], [ 130.921186846687704, 33.86034283108291 ], [ 130.921391232238051, 33.860920855040376 ], [ 130.92144414719823, 33.861089099778141 ], [ 130.921638475071205, 33.861437059906081 ], [ 130.921765274732195, 33.861647898808215 ], [ 130.921762065028531, 33.861731157338177 ], [ 130.921669776037419, 33.861960872806563 ], [ 130.921629374235721, 33.86217174701607 ], [ 130.921658609801, 33.86246550142112 ], [ 130.921698677991657, 33.862617537756861 ], [ 130.921715285007366, 33.862888604352953 ], [ 130.921762532233089, 33.862993591087118 ], [ 130.922072814949985, 33.863482083382536 ], [ 130.922137379295208, 33.863555945324173 ], [ 130.92232484615792, 33.863729914181114 ], [ 130.922704087372864, 33.864459354824596 ], [ 130.923246459794626, 33.864800623884278 ], [ 130.92326391853544, 33.864981526650006 ], [ 130.923305758421094, 33.865086367882846 ], [ 130.923471221838923, 33.865340899369286 ], [ 130.923555768002075, 33.86567004886308 ], [ 130.923650373657722, 33.865875512909362 ], [ 130.923776871982625, 33.865950962066094 ], [ 130.923807307971515, 33.866003669054145 ], [ 130.923902402736672, 33.866265484758323 ], [ 130.923994971178104, 33.866455025955851 ], [ 130.924016840315829, 33.866658610625777 ], [ 130.924128304683478, 33.866988339860129 ], [ 130.924334325855938, 33.867102156890603 ], [ 130.924451341379097, 33.867143505126087 ], [ 130.924708108105818, 33.867197759398707 ], [ 130.924966690674722, 33.867274555051978 ], [ 130.925397265977608, 33.867437108870554 ], [ 130.925558630463485, 33.86744819445962 ], [ 130.926241603279209, 33.867351395656137 ], [ 130.926371197448077, 33.867348232404851 ], [ 130.926705227470535, 33.867424646859789 ], [ 130.926807470092712, 33.867431891547639 ], [ 130.927736995319378, 33.867447792839677 ], [ 130.927870783634631, 33.867471679366723 ], [ 130.927938613802525, 33.867532014223926 ], [ 130.927990056143017, 33.867668696917654 ], [ 130.927961754009061, 33.867773918796459 ], [ 130.927877194961241, 33.867942925466267 ], [ 130.927866263030069, 33.868089293773686 ], [ 130.927932439989718, 33.868190200991613 ], [ 130.928346690431937, 33.868498686371417 ], [ 130.928523660978243, 33.868595994609457 ], [ 130.928788809736147, 33.868713498823034 ], [ 130.929031122098365, 33.868864238596082 ], [ 130.929056931840165, 33.868894118672365 ], [ 130.929167692345118, 33.86919263558206 ], [ 130.929157134213767, 33.869278073016069 ], [ 130.929217276144129, 33.869224572423647 ], [ 130.929350582955493, 33.86918520182148 ], [ 130.929460630341026, 33.869171036448321 ], [ 130.930066799823976, 33.869158134947085 ], [ 130.930272473482148, 33.869177691013391 ], [ 130.930953652720007, 33.869300354563698 ], [ 130.931350274137856, 33.869382706151647 ], [ 130.93213164592035, 33.869516264530731 ], [ 130.932761227227815, 33.869149474531731 ], [ 130.932940289355685, 33.8690637757676 ], [ 130.933068288991564, 33.869030736948112 ], [ 130.933184589067025, 33.869038548241463 ], [ 130.933737206886775, 33.869220577920906 ], [ 130.933897591947101, 33.869249542077199 ], [ 130.934016375096178, 33.869252845193429 ], [ 130.934271698864933, 33.869229453294153 ], [ 130.934378102772001, 33.869244371471964 ], [ 130.93464184127464, 33.869308680694502 ], [ 130.934926732182788, 33.869347572324813 ], [ 130.935468467265025, 33.869209657202397 ], [ 130.935767747386308, 33.86907908180082 ], [ 130.935865426255759, 33.868981787837349 ], [ 130.935972964496614, 33.868846036966779 ], [ 130.936601115846372, 33.868472900226138 ], [ 130.937112818993228, 33.868440906379348 ], [ 130.937314530342206, 33.86841424389808 ], [ 130.937448797887498, 33.868379094487885 ], [ 130.938098325467251, 33.868181353539136 ], [ 130.938476507173846, 33.868047008319593 ], [ 130.938597368776385, 33.868018894140256 ], [ 130.938710432752799, 33.868010922105675 ], [ 130.938897166090527, 33.868063141507072 ], [ 130.939235614720104, 33.868177142727575 ], [ 130.939346799448941, 33.868227915144708 ], [ 130.939695002743719, 33.86845420119468 ], [ 130.939830301504315, 33.868491179692981 ], [ 130.940305720971764, 33.868565517521489 ], [ 130.940525187293417, 33.868649026523308 ], [ 130.940791204507889, 33.868786092675151 ], [ 130.940923693645232, 33.868818560523842 ], [ 130.941066791082221, 33.8688375073854 ], [ 130.941476649936874, 33.868847006547824 ], [ 130.942013288026118, 33.868866566858358 ], [ 130.942242018005885, 33.868841882160837 ], [ 130.942314447284758, 33.868820924808887 ], [ 130.942536747372827, 33.868712835927774 ], [ 130.942918367596008, 33.868441121072571 ], [ 130.943223588975286, 33.868300667325911 ], [ 130.9444386469942, 33.867881272236794 ], [ 130.944467979632464, 33.867897206810639 ], [ 130.945131237421947, 33.868257457849715 ], [ 130.945261132344257, 33.868296682130492 ], [ 130.945344784030198, 33.868302636579713 ], [ 130.945519684413568, 33.868280737643182 ], [ 130.945884857346186, 33.868187077277732 ], [ 130.946215635767004, 33.868134254957788 ], [ 130.946580295801027, 33.867997905094072 ], [ 130.946687749645122, 33.86796977684115 ], [ 130.947147494860104, 33.867886438677658 ], [ 130.947211713783247, 33.867858713019928 ], [ 130.947581876262575, 33.867731237850109 ], [ 130.947660155699879, 33.867160568537599 ], [ 130.947741321239363, 33.866995350353811 ], [ 130.948573225729177, 33.866155921387204 ], [ 130.94866841719417, 33.866024379274741 ], [ 130.949019578320048, 33.865313646360882 ], [ 130.949205907846562, 33.864958003530617 ], [ 130.949319284509954, 33.864778992388203 ], [ 130.949676244683218, 33.864293526728346 ], [ 130.949903620017295, 33.863978049319236 ], [ 130.950031024042744, 33.863839475763378 ], [ 130.950207160287107, 33.86371163002385 ], [ 130.950388907349378, 33.863603930508852 ], [ 130.950657997658254, 33.863476824737525 ], [ 130.95106944472613, 33.863320192002661 ], [ 130.951266778834423, 33.863169669809643 ], [ 130.951289016144614, 33.863025135639994 ], [ 130.951259301258489, 33.862829583114184 ], [ 130.951254310968977, 33.862669541202756 ], [ 130.951300454407885, 33.862304255646791 ], [ 130.951343784636975, 33.862132540543428 ], [ 130.951419330643176, 33.861944776829588 ], [ 130.951551718646726, 33.861776900351551 ], [ 130.951836228635671, 33.861505960093126 ], [ 130.952101829897259, 33.861226275355698 ], [ 130.952398180084117, 33.861029720213359 ], [ 130.952934363786568, 33.860634757553129 ], [ 130.953850531074323, 33.859973669560794 ], [ 130.954075397921628, 33.859813501727338 ], [ 130.954321753943873, 33.859641225657064 ], [ 130.954484554610929, 33.859574577395875 ], [ 130.954857707712648, 33.859437709678936 ], [ 130.955275205442206, 33.859264015905921 ], [ 130.95527563084849, 33.859155043606961 ], [ 130.955281384662896, 33.859127010276552 ], [ 130.955291235698127, 33.859108558942147 ], [ 130.955317490177208, 33.859087435751938 ], [ 130.955357094024549, 33.859075898479425 ], [ 130.955516970981392, 33.859044891258179 ], [ 130.955721681116216, 33.859005097165195 ], [ 130.955786000453401, 33.85897835237845 ], [ 130.955895122655079, 33.85892020711443 ], [ 130.956854414308339, 33.85952725772075 ], [ 130.956974548572703, 33.859534695301889 ], [ 130.957135967258864, 33.859625057290934 ], [ 130.957298694900402, 33.859654841479674 ], [ 130.957084118825605, 33.858730722115467 ], [ 130.957091122247192, 33.858135851201659 ], [ 130.957097563509393, 33.857588739512273 ], [ 130.957246163038661, 33.857381694576908 ], [ 130.957340664256634, 33.857293958089691 ], [ 130.95769124698532, 33.857096139895241 ], [ 130.957739919883494, 33.857017403135607 ], [ 130.957729662030147, 33.856787622882941 ], [ 130.957815450660263, 33.855760622089122 ], [ 130.957818546273216, 33.855623262715319 ], [ 130.95788292791292, 33.855466907448829 ], [ 130.95791080794703, 33.855466916978983 ], [ 130.958171566743687, 33.854857549803178 ], [ 130.95833249449305, 33.854406500625423 ], [ 130.958389913176063, 33.854335655782577 ], [ 130.958485264159208, 33.854270881590395 ], [ 130.958643387105752, 33.854241068197936 ], [ 130.958819094928998, 33.854265076310334 ], [ 130.959890954604333, 33.854679059135549 ], [ 130.960370826598421, 33.854591870597929 ], [ 130.96048365682006, 33.854578664321316 ], [ 130.960756517532246, 33.854610030238312 ], [ 130.96122284300489, 33.854834042390166 ], [ 130.961512271494684, 33.854563079553913 ], [ 130.961641677367965, 33.854463940040588 ], [ 130.961782739220439, 33.854393966708159 ], [ 130.962061049587192, 33.854323753891187 ], [ 130.962267478108942, 33.854284090897892 ], [ 130.962501183497238, 33.854153847893613 ], [ 130.962625971718808, 33.853978206528488 ], [ 130.963020614946117, 33.854032146575499 ], [ 130.963001188564704, 33.854221767115746 ], [ 130.963117839953952, 33.854359587287327 ], [ 130.963227878784068, 33.85455361497597 ], [ 130.963370060668211, 33.854636779411209 ], [ 130.964024413048492, 33.855159366481764 ], [ 130.96406891429578, 33.855212633156931 ], [ 130.964369273748815, 33.855390094087483 ], [ 130.964450283351709, 33.855491553014119 ], [ 130.964477262552577, 33.855581725343548 ], [ 130.964477228890559, 33.855660619125274 ], [ 130.964369037392999, 33.855942350594525 ], [ 130.964345189048231, 33.856114782805157 ], [ 130.964459328384436, 33.856331070138047 ], [ 130.964614194150386, 33.85658554717206 ], [ 130.964698919991179, 33.856849302674647 ], [ 130.964748912699207, 33.857207720417399 ], [ 130.964817336628897, 33.857433151159064 ], [ 130.964926078188483, 33.857642673948874 ], [ 130.964926569855351, 33.857753266211951 ], [ 130.965107668554424, 33.857831649547748 ], [ 130.965420826205644, 33.857927680218374 ], [ 130.965591118299642, 33.858006200575787 ], [ 130.965739697055795, 33.858062030920713 ], [ 130.96586656865901, 33.85807967822111 ], [ 130.965990731042609, 33.858115495594625 ], [ 130.966186458311313, 33.857839565354894 ], [ 130.966545643242057, 33.857969417576371 ], [ 130.966291024324704, 33.857692513231534 ], [ 130.966182272926488, 33.857503419665463 ], [ 130.966054916173903, 33.857352641612607 ], [ 130.965814098483634, 33.857161677740223 ], [ 130.965621209356328, 33.856846329112628 ], [ 130.96544483287272, 33.856598750566853 ], [ 130.965444238673683, 33.856463363671253 ], [ 130.965386725153934, 33.856249206972102 ], [ 130.965259073080034, 33.856039678481025 ], [ 130.965142522379324, 33.855902425355467 ], [ 130.965096204039895, 33.855794355618812 ], [ 130.9651251309906, 33.855620516555462 ], [ 130.965104563772115, 33.855469063278882 ], [ 130.964972258061692, 33.85525333365684 ], [ 130.964836582195545, 33.855106917779516 ], [ 130.964621330220155, 33.854799732687106 ], [ 130.964482253427036, 33.854520463246701 ], [ 130.964409674512694, 33.854420415601432 ], [ 130.964468452257023, 33.854191923891122 ], [ 130.964489111345387, 33.854155440540858 ], [ 130.9646378489592, 33.854073914622155 ], [ 130.964634871782039, 33.85395684097147 ], [ 130.964593009376671, 33.853793124473455 ], [ 130.964460658645947, 33.853462012349652 ], [ 130.964706544900423, 33.853387840047354 ], [ 130.964954071964257, 33.85327084026332 ], [ 130.965068112522687, 33.85319902382868 ], [ 130.96525566774676, 33.853053831846452 ], [ 130.965471342494482, 33.852851728908377 ], [ 130.96559167951159, 33.852710036638022 ], [ 130.965731669846292, 33.852601598899682 ], [ 130.966303668136447, 33.852323661306443 ], [ 130.966948436791313, 33.851938389654023 ], [ 130.967377246606532, 33.851644770389214 ], [ 130.967646509689388, 33.851745996865944 ], [ 130.967942012092323, 33.851610124998992 ], [ 130.968585206204551, 33.851060433379011 ], [ 130.968653209192325, 33.850978176199753 ], [ 130.96869778809787, 33.850828711716446 ], [ 130.968717558868974, 33.850544417989518 ], [ 130.968683840780358, 33.849963695082224 ], [ 130.968685301399319, 33.849808161967388 ], [ 130.968716906040754, 33.849674755641423 ], [ 130.969378841820685, 33.849546017042094 ], [ 130.969431805140772, 33.849508978490753 ], [ 130.969523340409467, 33.849192017195016 ], [ 130.96963868624627, 33.849068351777674 ], [ 130.969925649534531, 33.848912326567323 ], [ 130.970009216533271, 33.848811898904152 ], [ 130.971643880474659, 33.848485866483813 ], [ 130.971758872724678, 33.848450109148473 ], [ 130.972030898783601, 33.848343946729564 ], [ 130.972232900555809, 33.848239036158596 ], [ 130.973319107172898, 33.847636446131673 ], [ 130.9754353997441, 33.846490897212711 ], [ 130.975400610291473, 33.846118360338167 ], [ 130.975435399744129, 33.846490897212711 ], [ 130.975632930651813, 33.846383938215183 ], [ 130.976132115220622, 33.846548027951975 ], [ 130.976275503205756, 33.846568062773791 ], [ 130.976474768590663, 33.846555422315646 ], [ 130.976744510962931, 33.846451505022053 ], [ 130.976936340105908, 33.846360110949838 ], [ 130.97700237819592, 33.846307011376531 ], [ 130.977088530970519, 33.846197139690759 ], [ 130.977158153836996, 33.846074163258088 ], [ 130.977260540990329, 33.845864831931443 ], [ 130.977437283877663, 33.84561113819251 ], [ 130.97751153300419, 33.845562548214829 ], [ 130.977999682133628, 33.845355263002261 ], [ 130.978096131499086, 33.844397851510365 ], [ 130.977875180546107, 33.844412997864829 ], [ 130.978096131499086, 33.844397851510358 ], [ 130.978316100776283, 33.842515578766054 ], [ 130.979898681894923, 33.840389118344845 ], [ 130.979974850284179, 33.840317422301112 ], [ 130.97992917937529, 33.8402291528283 ], [ 130.979384163265593, 33.839800354769991 ], [ 130.978787660510164, 33.839315123757693 ], [ 130.978767105180992, 33.839245172451164 ], [ 130.978728498972004, 33.83924516544382 ], [ 130.978741493768524, 33.838740460420759 ], [ 130.978782866929066, 33.83794793987709 ], [ 130.978789394300122, 33.837545302665632 ], [ 130.978798424419097, 33.837473313916497 ], [ 130.978440700276821, 33.837428166750371 ], [ 130.97765960584502, 33.837366806899233 ], [ 130.97688366112601, 33.837292554697207 ], [ 130.97691466117908, 33.836880201180101 ], [ 130.976926335851516, 33.836496864897498 ], [ 130.976945761365613, 33.83606196610566 ], [ 130.976959941956665, 33.835968563591464 ], [ 130.976818468441223, 33.835639928074613 ], [ 130.976355555553795, 33.834443536826505 ], [ 130.976291240753881, 33.834391960476566 ], [ 130.976242341862871, 33.834385539907665 ], [ 130.975066108699821, 33.834692420445059 ], [ 130.973878301220907, 33.835008936921518 ], [ 130.97218215718533, 33.835448811462058 ], [ 130.972140970675724, 33.835478879384929 ], [ 130.971937553809113, 33.835764472935772 ], [ 130.971904099789867, 33.83574298073038 ], [ 130.971772787234812, 33.835951315438699 ], [ 130.971790797803749, 33.83595343116685 ], [ 130.971656904350993, 33.836155286198995 ], [ 130.971402164002797, 33.836024205450514 ], [ 130.971134527033144, 33.835942572474359 ], [ 130.970881030404996, 33.835900600633032 ], [ 130.970654553254718, 33.835874764657078 ], [ 130.970425491649934, 33.835885486023436 ], [ 130.970317454703121, 33.835767331866677 ], [ 130.970199085239983, 33.835720037198385 ], [ 130.969746073259955, 33.835857427307765 ], [ 130.969459085556906, 33.835929274872505 ], [ 130.969394656517665, 33.836148331623122 ], [ 130.968452611769891, 33.836395059172332 ], [ 130.967442356158585, 33.836666485778082 ], [ 130.966143806331672, 33.83700868729926 ], [ 130.964925027104471, 33.837325116918819 ], [ 130.963760329081083, 33.837611541826242 ], [ 130.963311155558358, 33.837726297342442 ], [ 130.963290563918775, 33.837771373284383 ], [ 130.963650619001726, 33.838347052397815 ], [ 130.963644609460829, 33.838354094696008 ], [ 130.96363775668388, 33.838362122364686 ], [ 130.9620071467142, 33.8386998874347 ], [ 130.960706014960437, 33.838971168742617 ], [ 130.960700880809242, 33.838953977891748 ], [ 130.960507769585348, 33.839006114336385 ], [ 130.960302027925763, 33.838498662813905 ], [ 130.960111194304091, 33.838028055701756 ], [ 130.959564476535292, 33.83628312887484 ], [ 130.959260732321781, 33.835350463614887 ], [ 130.958969808749657, 33.834423224510019 ], [ 130.958723639094558, 33.83361349593519 ], [ 130.958432703512585, 33.832739719263259 ], [ 130.958186534314848, 33.831972746921195 ], [ 130.957882848637951, 33.831008096104682 ], [ 130.957726223016067, 33.830481638301791 ], [ 130.957732646471584, 33.830428176410706 ], [ 130.957630287857256, 33.830257180693927 ], [ 130.957521447192505, 33.830241083298759 ], [ 130.956506632074763, 33.829981577665144 ], [ 130.956683380324222, 33.829647607932678 ], [ 130.956795071294721, 33.82943660611496 ], [ 130.95726612079315, 33.828611133289058 ], [ 130.957673926659908, 33.827850230380946 ], [ 130.957737187272471, 33.827732194550698 ], [ 130.958285133369714, 33.826783826034806 ], [ 130.958619498855029, 33.826188361456666 ], [ 130.959368168380877, 33.824855027693012 ], [ 130.959443170332491, 33.824719313717253 ], [ 130.959800742381361, 33.824072292718 ], [ 130.959897474337652, 33.823910169752779 ], [ 130.96012433248157, 33.823530003402325 ], [ 130.960276678249301, 33.823250897280154 ], [ 130.960595343771558, 33.822667116890308 ], [ 130.96067813176191, 33.822539362903896 ], [ 130.960683566095895, 33.822530982751672 ], [ 130.960745913776009, 33.82243470972216 ], [ 130.960720329211483, 33.822375883533411 ], [ 130.960904878727263, 33.822034094319086 ], [ 130.961015097439741, 33.821830908552442 ], [ 130.961123963082514, 33.821820235620848 ], [ 130.961328872145941, 33.821745493028871 ], [ 130.961527491854156, 33.821435616564855 ], [ 130.962068936819009, 33.820513928500525 ], [ 130.962475815794051, 33.819784641483274 ], [ 130.962634579148613, 33.819838153997701 ], [ 130.962680714563305, 33.819773996837711 ], [ 130.96263473693574, 33.819474752114168 ], [ 130.962619389270031, 33.819440512231154 ], [ 130.962475993825393, 33.819376367341555 ], [ 130.962476008753072, 33.819342133815788 ], [ 130.962655423368858, 33.81903013750803 ], [ 130.962991175271384, 33.818429593277827 ], [ 130.963255190849225, 33.817888831085398 ], [ 130.963419230928395, 33.817564009464604 ], [ 130.963534560264065, 33.817356667249648 ], [ 130.963601158769023, 33.817322524098472 ], [ 130.963939492978568, 33.816608638884496 ], [ 130.963947239312233, 33.816482552687091 ], [ 130.963998517411852, 33.816350070402912 ], [ 130.96404667457432, 33.8162987324311 ], [ 130.96435424412303, 33.815672959747602 ], [ 130.964491646136594, 33.8153600322972 ], [ 130.964635164401898, 33.815062533503635 ], [ 130.964732819088198, 33.814838349795572 ], [ 130.965086293851186, 33.81406402913543 ], [ 130.965205233348598, 33.813769903774784 ], [ 130.965367227585631, 33.813395488989002 ], [ 130.965457472651281, 33.813166372329476 ], [ 130.965972233048973, 33.811765948884755 ], [ 130.966058383657781, 33.811495833230552 ], [ 130.966212251228342, 33.810949469524395 ], [ 130.966594182485409, 33.80966452989481 ], [ 130.966637897675383, 33.809517463326763 ], [ 130.968773396771383, 33.809889960608963 ], [ 130.970266215832481, 33.810157518797133 ], [ 130.971074897538017, 33.810305780460652 ], [ 130.971748787898804, 33.810429353266024 ], [ 130.97318528919817, 33.810671224027345 ], [ 130.974348396482185, 33.810875478110184 ], [ 130.97656280234375, 33.809091823584332 ], [ 130.97656280234375, 33.809091823584339 ], [ 130.974348396482213, 33.810875478110169 ], [ 130.974708861214339, 33.810938741107421 ], [ 130.976263182457814, 33.811206245709634 ], [ 130.977720186417599, 33.811452368346451 ], [ 130.979177216747729, 33.811711295618906 ], [ 130.979978690445591, 33.811858938420258 ], [ 130.980721476266865, 33.811157897757809 ], [ 130.980867490429517, 33.811014716884372 ], [ 130.980836757355377, 33.810984775146025 ], [ 130.981215833759904, 33.810638552047685 ], [ 130.981272146114577, 33.810672794697872 ], [ 130.981413627287651, 33.810548490472961 ], [ 130.981457728013652, 33.810509754140497 ], [ 130.981413643725375, 33.810472554482295 ], [ 130.981394636632075, 33.810456491543732 ], [ 130.976381877033418, 33.806196822897974 ], [ 130.974254368618716, 33.804388733389317 ], [ 130.973796478522814, 33.803999590612769 ], [ 130.973762074811248, 33.803970350191001 ], [ 130.973677752690378, 33.80398061527216 ], [ 130.972235592122104, 33.802805621732148 ], [ 130.971384707689424, 33.802073755692184 ], [ 130.971305321764049, 33.801847551402375 ], [ 130.971160452774797, 33.801640914882036 ], [ 130.970994039765316, 33.801448430417096 ], [ 130.970826894593159, 33.801199382270291 ], [ 130.970798490445873, 33.801102731929667 ], [ 130.97070062473037, 33.801018742264489 ], [ 130.970362193103682, 33.800755350858687 ], [ 130.969679535766261, 33.800970774769709 ], [ 130.970362193103682, 33.800755350858672 ], [ 130.969794581754769, 33.800313618414044 ], [ 130.969699426319323, 33.800239560723291 ], [ 130.969699426319352, 33.800239560723284 ], [ 130.969670733352388, 33.800199895933105 ], [ 130.969431496681835, 33.799969281803506 ], [ 130.968920131941701, 33.799444579797829 ], [ 130.968612908664625, 33.799129347078576 ], [ 130.968474311842613, 33.798976596419813 ], [ 130.968455796106184, 33.798842329975052 ], [ 130.968380494050876, 33.798805470752306 ], [ 130.968237310448217, 33.798735415396493 ], [ 130.968116978418266, 33.798644935953945 ], [ 130.968096689981536, 33.79862865985703 ], [ 130.967885550523846, 33.798459475373505 ], [ 130.967716410110881, 33.798277797233354 ], [ 130.967522343023774, 33.797990314292377 ], [ 130.967272347853708, 33.797724198075869 ], [ 130.967157461318436, 33.797589885195634 ], [ 130.967128354919282, 33.797451024271929 ], [ 130.967012861553627, 33.797283287506644 ], [ 130.966922154694032, 33.79725531266903 ], [ 130.966861708717943, 33.797169639782219 ], [ 130.966966505322858, 33.797068684254683 ], [ 130.966964376839172, 33.796986633992383 ], [ 130.966944457628415, 33.796964287783844 ], [ 130.966931441492278, 33.796949684802392 ], [ 130.966901632411378, 33.796920011947293 ], [ 130.966810592877493, 33.796848303145502 ], [ 130.966759251176398, 33.796808052399648 ], [ 130.96674609666195, 33.796803677571752 ], [ 130.966744676676058, 33.796795566038583 ], [ 130.96656680562117, 33.796659143288259 ], [ 130.96645614531883, 33.796621425465489 ], [ 130.966423277766097, 33.79657161521407 ], [ 130.966145007046265, 33.796315977377191 ], [ 130.96605269438308, 33.796199937013689 ], [ 130.965823944058087, 33.79599411402598 ], [ 130.965701484389569, 33.795917720715089 ], [ 130.965627550944703, 33.795894665955053 ], [ 130.965539740468103, 33.795808984783029 ], [ 130.96553521154965, 33.795800459599363 ], [ 130.96550424751706, 33.795742125197116 ], [ 130.965501865987363, 33.795740505474825 ], [ 130.965282129284304, 33.795590544087041 ], [ 130.965043585896638, 33.795409583421232 ], [ 130.964873381853266, 33.795314718735703 ], [ 130.964491688006575, 33.795119696656485 ], [ 130.964301750008758, 33.795033351394558 ], [ 130.964181891085019, 33.795050926389415 ], [ 130.964177009152024, 33.795051765548351 ], [ 130.964162865381439, 33.795054197300864 ], [ 130.964156134334587, 33.795055354809996 ], [ 130.964099256951357, 33.795065129611615 ], [ 130.964015706768748, 33.795137984688232 ], [ 130.964015354242974, 33.795138292432426 ], [ 130.963973687361346, 33.795174627364808 ], [ 130.963973687361346, 33.795174627364801 ], [ 130.963846794784928, 33.795045823427522 ], [ 130.963766482749861, 33.794988319508832 ], [ 130.963542685997027, 33.795012201558045 ], [ 130.963766482749861, 33.794988319508818 ], [ 130.963644762970205, 33.794833533910861 ], [ 130.963452708223826, 33.794586017617277 ], [ 130.963355475368502, 33.794472993541532 ], [ 130.963274707495316, 33.794301537618033 ], [ 130.963223385329314, 33.794189431660087 ], [ 130.963187445765726, 33.794101641879664 ], [ 130.963164670508718, 33.794020262951264 ], [ 130.963118844977402, 33.793928604124993 ], [ 130.963091815189614, 33.793899009528793 ], [ 130.963075949614733, 33.793881637311856 ], [ 130.962924506562842, 33.793715814336885 ], [ 130.96290525829852, 33.793694736652036 ], [ 130.962687480808171, 33.793355961178541 ], [ 130.962582988889665, 33.793202479844297 ], [ 130.962409241686913, 33.792947273133763 ], [ 130.962131173479349, 33.792528969399534 ], [ 130.962121335839186, 33.792523294711266 ], [ 130.962120495666312, 33.792522802461221 ], [ 130.961983752659478, 33.792443935993482 ], [ 130.961764661574051, 33.792341656349166 ], [ 130.961587672324242, 33.792249181593256 ], [ 130.96145399848541, 33.792130586872219 ], [ 130.961434047430487, 33.792074721949824 ], [ 130.961400966012093, 33.791982079914931 ], [ 130.961369120417942, 33.791834004020963 ], [ 130.961329602913679, 33.791752843428284 ], [ 130.961119150964237, 33.791556949521095 ], [ 130.961005199695819, 33.791497883831774 ], [ 130.960994191655914, 33.791492174561931 ], [ 130.960983377636097, 33.791484493008468 ], [ 130.960890749504586, 33.791418812113847 ], [ 130.960696698960447, 33.791209750404967 ], [ 130.960476332388112, 33.791143252185556 ], [ 130.960383178324918, 33.79107905002094 ], [ 130.960314088219377, 33.790934764402543 ], [ 130.960271042855993, 33.790858534315895 ], [ 130.960270801155843, 33.790858110490454 ], [ 130.960199355411163, 33.790731575696846 ], [ 130.960072433290037, 33.79057282994404 ], [ 130.959906031480529, 33.790480498863509 ], [ 130.959793097024459, 33.790478910495956 ], [ 130.959701987671593, 33.790477612727628 ], [ 130.959329117967656, 33.790513412539248 ], [ 130.959093657589364, 33.790561444675959 ], [ 130.958885635724585, 33.790587788812857 ], [ 130.958825776819225, 33.790587979191322 ], [ 130.958790976163442, 33.790588108203195 ], [ 130.958556741610778, 33.790588873345094 ], [ 130.958446099680344, 33.790624971509445 ], [ 130.958428561172042, 33.790630671186882 ], [ 130.958352317880525, 33.790655510558238 ], [ 130.958108997379384, 33.790761509859138 ], [ 130.958092837760205, 33.790763688472687 ], [ 130.958091641066915, 33.790763828389061 ], [ 130.957767547017568, 33.790807037787722 ], [ 130.957721969318499, 33.790822730167918 ], [ 130.95767064178338, 33.790840463853399 ], [ 130.957565780475306, 33.790849443510098 ], [ 130.957508507581281, 33.790811314313189 ], [ 130.957325370654956, 33.790462285047205 ], [ 130.957279460122749, 33.789903673601103 ], [ 130.957156181461755, 33.789560019231907 ], [ 130.956899728117236, 33.789305213731225 ], [ 130.956623160214463, 33.789199874982423 ], [ 130.956357434038154, 33.7889241451564 ], [ 130.956130957129858, 33.788087294410644 ], [ 130.95596840282596, 33.787843158615509 ], [ 130.955959660727018, 33.787830052318554 ], [ 130.955445250063633, 33.787511894075514 ], [ 130.95514239807116, 33.787152181162142 ], [ 130.954975242772434, 33.786774274411314 ], [ 130.954833404799842, 33.786388625655057 ], [ 130.95482309061606, 33.786105374942274 ], [ 130.954913950288528, 33.785790887064358 ], [ 130.955020754348027, 33.78544752349697 ], [ 130.954941324047411, 33.785137974447309 ], [ 130.954740630361755, 33.785009132456366 ], [ 130.954518780632327, 33.78476757379029 ], [ 130.954448627897762, 33.784479018201893 ], [ 130.954223211883658, 33.783904340898431 ], [ 130.953921941179658, 33.783353230631342 ], [ 130.953338975215303, 33.782555111493956 ], [ 130.953082575610523, 33.782300293828214 ], [ 130.952674511127441, 33.782092469083473 ], [ 130.952309411363501, 33.781808021413369 ], [ 130.952148246950799, 33.781682500645623 ], [ 130.95112371308312, 33.780925610998025 ], [ 130.950694474342498, 33.780604992403525 ], [ 130.950346247634343, 33.78040246931571 ], [ 130.949950036289096, 33.780286426698723 ], [ 130.949856506796266, 33.78030216645903 ], [ 130.949712304029759, 33.780266814878068 ], [ 130.949396317953045, 33.780165736753816 ], [ 130.949013882709323, 33.780230098440065 ], [ 130.948657976117204, 33.780241287139219 ], [ 130.948417746582692, 33.780196665303151 ], [ 130.948245648692534, 33.780023443483962 ], [ 130.947946196016204, 33.77959291103631 ], [ 130.947784152382013, 33.779304098207071 ], [ 130.947757358574734, 33.779030490049877 ], [ 130.947411718334763, 33.778843245557972 ], [ 130.947146329949817, 33.778823335980526 ], [ 130.946877956454671, 33.778794761256464 ], [ 130.946661394794603, 33.778688367857853 ], [ 130.946421068703899, 33.778512933145983 ], [ 130.946232695435953, 33.77825975141797 ], [ 130.945993951225034, 33.778252039485544 ], [ 130.945798291268034, 33.778271253713797 ], [ 130.945332663798553, 33.778290276715872 ], [ 130.94508520238395, 33.777978039606971 ], [ 130.944624631144052, 33.777810533092037 ], [ 130.944445565697521, 33.777850533458192 ], [ 130.944250126620716, 33.777876577613668 ], [ 130.94417670819476, 33.777824769758567 ], [ 130.943874932796092, 33.777727282261161 ], [ 130.943647399949327, 33.77779768871698 ], [ 130.943541668433596, 33.777902596835226 ], [ 130.943458985761282, 33.77798462321195 ], [ 130.942948169376052, 33.7784913532969 ], [ 130.942713506126012, 33.778579085007728 ], [ 130.94250539422768, 33.778569124774073 ], [ 130.942349960672232, 33.778543269217217 ], [ 130.942153303848244, 33.778488725224648 ], [ 130.942024113745703, 33.778422448644733 ], [ 130.94187558722507, 33.778389622612764 ], [ 130.941725451043709, 33.778414486936356 ], [ 130.941473594305535, 33.778415564042326 ], [ 130.941062457461669, 33.778282444427511 ], [ 130.940868468394456, 33.778253258514404 ], [ 130.940677382219519, 33.778179131725878 ], [ 130.940443547100188, 33.778134005581343 ], [ 130.940259378064098, 33.778052978863556 ], [ 130.940037983050871, 33.777981232963377 ], [ 130.939770079123576, 33.777830215887406 ], [ 130.939481415863298, 33.777699967574243 ], [ 130.939250471614002, 33.777609901472303 ], [ 130.938985241463115, 33.777484171927455 ], [ 130.938809275133337, 33.77740885243302 ], [ 130.938581014384653, 33.77734407427802 ], [ 130.93816700146499, 33.777255955366229 ], [ 130.937747390397533, 33.777240385424243 ], [ 130.937510217191573, 33.777047468031206 ], [ 130.937364277463672, 33.776782323880006 ], [ 130.937126520379564, 33.776569540067726 ], [ 130.936808734881652, 33.77650076866572 ], [ 130.935981140048767, 33.776709055093022 ], [ 130.935574092090349, 33.776763432890569 ], [ 130.935199008357301, 33.776760135101256 ], [ 130.934632581316833, 33.776648960788947 ], [ 130.934118319062208, 33.776330715633406 ], [ 130.933972401743461, 33.776065638346239 ], [ 130.933813034993392, 33.775900156559295 ], [ 130.933498769863888, 33.776164422840836 ], [ 130.932976464471352, 33.776803318698235 ], [ 130.932399410184388, 33.77757841517743 ], [ 130.931979837997176, 33.77799455850473 ], [ 130.931640279770932, 33.778266624055178 ], [ 130.931243423077433, 33.778604169327892 ], [ 130.930766169936817, 33.778894894484651 ], [ 130.930066934079946, 33.779063557265957 ], [ 130.929429778894843, 33.779117431675502 ], [ 130.928912280711529, 33.779182008367748 ], [ 130.928425160375696, 33.779380442393091 ], [ 130.92789932853529, 33.779686202072064 ], [ 130.927401303194728, 33.780055022988833 ], [ 130.926927650691255, 33.780153783412949 ], [ 130.92669821206286, 33.779699720241759 ], [ 130.926177237313937, 33.779431307047254 ], [ 130.925620101525226, 33.779341086463418 ], [ 130.925185153110135, 33.779332440013981 ], [ 130.924759508956441, 33.779344718368506 ], [ 130.924416462870653, 33.779283786232419 ], [ 130.924008448170241, 33.779075802111336 ], [ 130.923758882183023, 33.778771198620348 ], [ 130.923585141118849, 33.778443113711155 ], [ 130.92334487272629, 33.778159436316628 ], [ 130.923097844342095, 33.777925560363023 ], [ 130.922731112049036, 33.777681040812247 ], [ 130.921154818694561, 33.77697528236029 ], [ 130.920569841193725, 33.776822049283794 ], [ 130.920189676982631, 33.776677118491556 ], [ 130.919958667755083, 33.776414505280123 ], [ 130.919754587774861, 33.775952561943157 ], [ 130.919626369373987, 33.775467209794286 ], [ 130.919487228387027, 33.775152318897661 ], [ 130.919258764073334, 33.774960429414726 ], [ 130.918724871903521, 33.774824619594888 ], [ 130.91810992750203, 33.774766801987063 ], [ 130.917652302010794, 33.7748367253296 ], [ 130.917332913039473, 33.774959360052605 ], [ 130.916900577528907, 33.775021409958569 ], [ 130.916639738421537, 33.77494980504089 ], [ 130.916573541291996, 33.774931656782748 ], [ 130.916273416368796, 33.774642574470995 ], [ 130.915824931058353, 33.774017667498327 ], [ 130.915817591865959, 33.773801408303918 ], [ 130.915601832979206, 33.773620930964071 ], [ 130.915453653265075, 33.773339064542803 ], [ 130.915577780681332, 33.773067950586935 ], [ 130.915772428973469, 33.772793012366854 ], [ 130.916270430037997, 33.772424242521588 ], [ 130.916382491927095, 33.772222575710096 ], [ 130.916454007215151, 33.771615351835038 ], [ 130.916319203981971, 33.771457471784608 ], [ 130.914808890477332, 33.77025047799507 ], [ 130.913244652667828, 33.769032151263879 ], [ 130.913210191214205, 33.769003315159608 ], [ 130.911383916114744, 33.767475470372524 ], [ 130.911451725321513, 33.767148670871983 ], [ 130.911559937770164, 33.766900794973672 ], [ 130.911519649334792, 33.766709164985052 ], [ 130.911668587065321, 33.766224634895579 ], [ 130.912196220069092, 33.764906348857828 ], [ 130.912250506936488, 33.764602080310162 ], [ 130.912210183713654, 33.764444262382952 ], [ 130.91200792756743, 33.764286328279994 ], [ 130.911900259226258, 33.764004484772101 ], [ 130.911927534930754, 33.76372273820553 ], [ 130.911900729957381, 33.763542388587297 ], [ 130.911765970845181, 33.763361961301761 ], [ 130.911698660536047, 33.763204123769853 ], [ 130.911820522528728, 33.762798468155033 ], [ 130.912036922571474, 33.762313985689417 ], [ 130.912050600075702, 33.762133665100883 ], [ 130.911969979665145, 33.761795487736883 ], [ 130.911902865315284, 33.761446049473655 ], [ 130.911795315636084, 33.761051499617579 ], [ 130.911918929009801, 33.760620979390403 ], [ 130.912152276321535, 33.760238648142462 ], [ 130.912500208486989, 33.759725379185454 ], [ 130.912721747656548, 33.7592511831594 ], [ 130.91296186239552, 33.758818983055995 ], [ 130.913034254044646, 33.758462530267046 ], [ 130.912986115466538, 33.757833099675153 ], [ 130.912899526220912, 33.757198360223278 ], [ 130.912870540449205, 33.756985888397317 ], [ 130.912892374153415, 33.756645036578263 ], [ 130.912785313649323, 33.756272465947447 ], [ 130.912586390527593, 33.755952167287887 ], [ 130.912148939509819, 33.755156779846814 ], [ 130.911164532788661, 33.753838460381324 ], [ 130.910909210033594, 33.753400057300972 ], [ 130.909949360251062, 33.751751876816655 ], [ 130.909857346653865, 33.751593880751173 ], [ 130.909724011032438, 33.751137605275026 ], [ 130.909663340451829, 33.750549023968667 ], [ 130.909671288290156, 33.750374051629088 ], [ 130.909694712282061, 33.749858227826337 ], [ 130.909812719916346, 33.7492423020799 ], [ 130.909862255841546, 33.749206838226534 ], [ 130.909949800837495, 33.749043477491874 ], [ 130.909929972567397, 33.748878626937795 ], [ 130.909826446508532, 33.748696673351724 ], [ 130.909707838070801, 33.748621849575457 ], [ 130.909329007880302, 33.748331707683192 ], [ 130.908663648048531, 33.747859966101785 ], [ 130.908229209357216, 33.747582531266737 ], [ 130.907856656077541, 33.747247799079851 ], [ 130.907771884957896, 33.74708572079372 ], [ 130.907593627961035, 33.746670336319092 ], [ 130.907472808403753, 33.746305710512608 ], [ 130.90740742351619, 33.7460822218681 ], [ 130.907337735019524, 33.745813082749756 ], [ 130.907227940014991, 33.745675780169783 ], [ 130.907113116047611, 33.745574119885447 ], [ 130.907018822097342, 33.745555945873555 ], [ 130.906867682286247, 33.745559353088488 ], [ 130.906728971232468, 33.745627296659329 ], [ 130.906445816299396, 33.745880249596688 ], [ 130.906401879618926, 33.745991092611497 ], [ 130.906397178935492, 33.746002923801662 ], [ 130.906345661217699, 33.746132919539392 ], [ 130.906325407627833, 33.746429533094251 ], [ 130.906322596503088, 33.746754971475127 ], [ 130.906144345621385, 33.747027235042104 ], [ 130.905956733417327, 33.747289486949377 ], [ 130.9058896682549, 33.747536333293901 ], [ 130.905993177313263, 33.747718291101577 ], [ 130.905965098419131, 33.74768840541153 ], [ 130.905961169534351, 33.747869014010838 ], [ 130.905917317946091, 33.748027615756719 ], [ 130.905785997187053, 33.748195800667993 ], [ 130.905520443971852, 33.748323801796914 ], [ 130.905147809549476, 33.748537449269129 ], [ 130.904968905593677, 33.748737014585807 ], [ 130.904885538359224, 33.748945949908645 ], [ 130.904784462879519, 33.749279907611552 ], [ 130.904572229479925, 33.749638997611953 ], [ 130.90446330992097, 33.749800156467792 ], [ 130.904286929629478, 33.749981898924716 ], [ 130.904130074117433, 33.75010223333598 ], [ 130.903903248244177, 33.750260763909608 ], [ 130.903715805847099, 33.750368957717754 ], [ 130.903567863351554, 33.750426817767128 ], [ 130.903496867771906, 33.750570251730736 ], [ 130.90353317908631, 33.750818021257182 ], [ 130.903499358885171, 33.750905202838325 ], [ 130.903357426564526, 33.751072392663133 ], [ 130.903223019011165, 33.751185979387209 ], [ 130.903185438021666, 33.751299926325174 ], [ 130.903185849913285, 33.751526185565339 ], [ 130.903209451277803, 33.751664196208459 ], [ 130.903310520315728, 33.751746904293761 ], [ 130.903562767638732, 33.751906580015557 ], [ 130.903718070503174, 33.75210266686409 ], [ 130.903927599086188, 33.752448767552735 ], [ 130.903987378647884, 33.752635485908698 ], [ 130.903831189145848, 33.752674598179745 ], [ 130.903397704651439, 33.752695819845684 ], [ 130.903239004943515, 33.752752825446279 ], [ 130.902504324335837, 33.752925750739614 ], [ 130.902365038474358, 33.752921272718993 ], [ 130.902262631125041, 33.752884139655826 ], [ 130.902155921591088, 33.752801428514324 ], [ 130.901986193139919, 33.752631108275779 ], [ 130.901847216889792, 33.752319013028355 ], [ 130.901784526616154, 33.751923857160214 ], [ 130.901809628691211, 33.751745730635577 ], [ 130.901807333266618, 33.751587234076155 ], [ 130.901595735565792, 33.751593829523074 ], [ 130.901500915983689, 33.751679482058996 ], [ 130.901390753876598, 33.75173194275974 ], [ 130.901500915983661, 33.751679482058982 ], [ 130.901595735565735, 33.751593829523067 ], [ 130.901807333266618, 33.75158723407614 ], [ 130.901731892898027, 33.75145735122927 ], [ 130.901626966907401, 33.75143810829541 ], [ 130.901540233599093, 33.751366331293269 ], [ 130.901329858334776, 33.751255429475741 ], [ 130.901175079310491, 33.751131821465236 ], [ 130.901058455386732, 33.75096661639634 ], [ 130.901009296898962, 33.750780892580138 ], [ 130.901004571491768, 33.750508984576655 ], [ 130.900885976173811, 33.750434152171891 ], [ 130.900428353847531, 33.750244930129512 ], [ 130.900268550703402, 33.750157033517553 ], [ 130.900186839194532, 33.750049543349348 ], [ 130.900148851370886, 33.749937298718628 ], [ 130.900206174336347, 33.749454256673133 ], [ 130.899675267041943, 33.748868881759527 ], [ 130.899466312753361, 33.748595187287179 ], [ 130.899256801602377, 33.748249148288025 ], [ 130.899130964658156, 33.747920223673027 ], [ 130.898990913765488, 33.747463225874242 ], [ 130.898906145942647, 33.747301210809596 ], [ 130.898740914060596, 33.747022760338261 ], [ 130.898587174442071, 33.746510172720583 ], [ 130.898219307711514, 33.745913441238343 ], [ 130.898122826323856, 33.745605529822157 ], [ 130.898036404101134, 33.745226130871416 ], [ 130.897958795545492, 33.744784255376906 ], [ 130.897886063479802, 33.744460516282508 ], [ 130.897686485333224, 33.744196825795875 ], [ 130.897403252057103, 33.743836423034089 ], [ 130.897133635425178, 33.743538370241559 ], [ 130.897087681211843, 33.743407099226744 ], [ 130.897122307487365, 33.743238559398058 ], [ 130.897500341492048, 33.742696679784189 ], [ 130.897603680013674, 33.742498820135552 ], [ 130.897682728150102, 33.742244097696556 ], [ 130.897741910615025, 33.741978508624392 ], [ 130.897767293597155, 33.741800029705608 ], [ 130.897761545520154, 33.741679779687317 ], [ 130.897624970923317, 33.74150363110342 ], [ 130.897362937703832, 33.741224817410682 ], [ 130.897145217603367, 33.74101359434011 ], [ 130.896895651662049, 33.740799385609698 ], [ 130.896677914499548, 33.74058816137314 ], [ 130.89661924899778, 33.740546272494043 ], [ 130.89632382989484, 33.740580895049362 ], [ 130.896220163765094, 33.7405527731147 ], [ 130.895951897121222, 33.740318540698411 ], [ 130.895625488797378, 33.740114905469575 ], [ 130.895377183318288, 33.739891747040254 ], [ 130.895193806367786, 33.739665827692768 ], [ 130.895087821305708, 33.739501680726185 ], [ 130.894847599270037, 33.73929733686213 ], [ 130.894681695544421, 33.739100241321893 ], [ 130.894628793141123, 33.738941350329327 ], [ 130.894614009478204, 33.738740791428157 ], [ 130.894683778215949, 33.738322353521191 ], [ 130.894792930754761, 33.737853442728017 ], [ 130.894838799038524, 33.737604539342456 ], [ 130.894891491454331, 33.737383466733554 ], [ 130.89498090377154, 33.737283583836152 ], [ 130.895044751859757, 33.737135990835618 ], [ 130.895084648171633, 33.736624122330596 ], [ 130.895187181244125, 33.736507414610777 ], [ 130.895269755210848, 33.736379698778222 ], [ 130.895328190444786, 33.736246962434002 ], [ 130.895349424925541, 33.736043611807048 ], [ 130.895279787483503, 33.735774461208706 ], [ 130.895101562748437, 33.735038957716746 ], [ 130.894999143333933, 33.734775487863196 ], [ 130.894881521083079, 33.734619076378358 ], [ 130.89474017744925, 33.734478424236521 ], [ 130.894497738410223, 33.734291548977232 ], [ 130.894321604958776, 33.734203629095177 ], [ 130.894226612303584, 33.734156211837501 ], [ 130.894100511413541, 33.734293540105092 ], [ 130.893892374676767, 33.734472361032878 ], [ 130.893607243052855, 33.734815598945538 ], [ 130.8933640148027, 33.735090542462608 ], [ 130.89314650814643, 33.735259420860437 ], [ 130.89287466543675, 33.735432057575103 ], [ 130.892538591569746, 33.735526022440752 ], [ 130.892310643235589, 33.735540057596971 ], [ 130.891912327523016, 33.735465117866966 ], [ 130.891758692623483, 33.735486400411986 ], [ 130.891651105278925, 33.735638815696156 ], [ 130.891577707844078, 33.735930244816508 ], [ 130.891528438979577, 33.736432176236107 ], [ 130.891501694590431, 33.736611078064975 ], [ 130.891326733395999, 33.737010048809267 ], [ 130.891271405646393, 33.737249009402383 ], [ 130.891117667396543, 33.73765004120061 ], [ 130.891085542279683, 33.737800758926852 ], [ 130.891030938402366, 33.737958289936834 ], [ 130.890770458505358, 33.738430233274592 ], [ 130.890506905138437, 33.738847720615141 ], [ 130.890385285709925, 33.7390981038034 ], [ 130.890279569987456, 33.739540103879619 ], [ 130.890237826521428, 33.739834652600244 ], [ 130.890261704446601, 33.740045153359603 ], [ 130.890264368747921, 33.740253592143915 ], [ 130.890101648719764, 33.74049097847243 ], [ 130.88994272560177, 33.74070145697987 ], [ 130.889714632399063, 33.740868977476367 ], [ 130.889563249010877, 33.741025999662433 ], [ 130.889449261813667, 33.741222851383277 ], [ 130.889404009634774, 33.741390322111393 ], [ 130.889428728877306, 33.741519534146455 ], [ 130.889495085538186, 33.741734156987356 ], [ 130.889559345766685, 33.74203915542352 ], [ 130.889542599619944, 33.742309001156443 ], [ 130.889491240588342, 33.742422507201589 ], [ 130.889391742470423, 33.742538436480842 ], [ 130.889229299071246, 33.74262197598928 ], [ 130.888985838039105, 33.742670293370203 ], [ 130.888618899988472, 33.742679333944288 ], [ 130.888385511653865, 33.742656232143304 ], [ 130.888177230560984, 33.742608497449453 ], [ 130.887894663234107, 33.742553439595468 ], [ 130.887657500171144, 33.74255710130771 ], [ 130.887324803475622, 33.742551446731561 ], [ 130.886742318233701, 33.742412431111944 ], [ 130.886303173588374, 33.742323768906516 ], [ 130.886132215491244, 33.742315934149794 ], [ 130.885648722397093, 33.742336905426342 ], [ 130.88506372600807, 33.742297765786169 ], [ 130.884692485152527, 33.742221273832534 ], [ 130.88433227709055, 33.742108727437767 ], [ 130.883883140725345, 33.741904239042626 ], [ 130.883511181148549, 33.741714404936445 ], [ 130.883237563920346, 33.741568265207938 ], [ 130.883135315326797, 33.741531046627919 ], [ 130.883027915904535, 33.741529537264483 ], [ 130.882949934661752, 33.741566302808614 ], [ 130.882811696448272, 33.741689092045583 ], [ 130.882686981529133, 33.741935377548131 ], [ 130.88265237524999, 33.742217743986636 ], [ 130.882653041184483, 33.742464780695414 ], [ 130.88264045413635, 33.742808591364529 ], [ 130.882585973757301, 33.743102420284998 ], [ 130.882546191265874, 33.743392739365234 ], [ 130.882493954030849, 33.743625920081712 ], [ 130.882434363548754, 33.743794148305717 ], [ 130.882346834889773, 33.743929029230628 ], [ 130.882244145272949, 33.744019449645059 ], [ 130.882063748960434, 33.744098313193412 ], [ 130.881857154018974, 33.744035071531108 ], [ 130.881685151525886, 33.743956787578604 ], [ 130.881480801034769, 33.743832899950363 ], [ 130.881348483382283, 33.743731549324394 ], [ 130.881236782540924, 33.743598449951349 ], [ 130.881010394379217, 33.743413185283636 ], [ 130.880892786161951, 33.743308256336931 ], [ 130.880637737545271, 33.743109860380208 ], [ 130.880376046750342, 33.74295992090132 ], [ 130.880063500495879, 33.742833953787972 ], [ 130.880054129370677, 33.742644246087053 ], [ 130.879819391674459, 33.742577663160191 ], [ 130.879599883144806, 33.74248179331623 ], [ 130.879256093476329, 33.742306693785984 ], [ 130.878861985280253, 33.742148381828621 ], [ 130.878593234695529, 33.741948630537799 ], [ 130.878349466627299, 33.74174052122617 ], [ 130.878001736062089, 33.741374097843952 ], [ 130.877669046775111, 33.740978668295007 ], [ 130.877431437598744, 33.740600165479655 ], [ 130.877123776322634, 33.740196305174877 ], [ 130.876865537956064, 33.739896745209073 ], [ 130.876526557065148, 33.739760529176564 ], [ 130.876052572918354, 33.739588390823386 ], [ 130.875677400237691, 33.739592102556216 ], [ 130.875192303850582, 33.739608381012729 ], [ 130.874742816184323, 33.739516566623621 ], [ 130.874318405898094, 33.739416462857385 ], [ 130.873969179904066, 33.739291429625197 ], [ 130.873622306753418, 33.738804541055195 ], [ 130.873463511815487, 33.738592282270652 ], [ 130.873195435921872, 33.738271644053803 ], [ 130.872880284349918, 33.737985190303213 ], [ 130.872499343842776, 33.737659713471238 ], [ 130.872151478363094, 33.737293553856489 ], [ 130.871903186912789, 33.737014489438558 ], [ 130.871584303225831, 33.736831222667092 ], [ 130.87128442194259, 33.736810341472911 ], [ 130.871116175215946, 33.736810095131183 ], [ 130.870908202083115, 33.736770922883949 ], [ 130.870810117583915, 33.736726583573706 ], [ 130.870534613148521, 33.736566743184952 ], [ 130.870459546198816, 33.736398872470566 ], [ 130.870400046118277, 33.736299838519855 ], [ 130.870356899393499, 33.736259147937275 ], [ 130.870315550219544, 33.736220219188489 ], [ 130.87025089533347, 33.736129069275322 ], [ 130.870170795420449, 33.736061784075474 ], [ 130.869951041990305, 33.735961664068533 ], [ 130.869785699126027, 33.735834975691333 ], [ 130.86963579143216, 33.735684421867205 ], [ 130.869418318440012, 33.735390095215188 ], [ 130.869269170365442, 33.735219326506886 ], [ 130.869066348867761, 33.735054980192999 ], [ 130.868763590894559, 33.734834878359649 ], [ 130.868401245036495, 33.734649299883444 ], [ 130.867911754044115, 33.734488028175058 ], [ 130.867859378582068, 33.734357442605102 ], [ 130.867836297819196, 33.734418983251992 ], [ 130.867816139200613, 33.734472709592552 ], [ 130.867673500365981, 33.734774471830875 ], [ 130.867607113890017, 33.734802506968052 ], [ 130.86746146952018, 33.734922877018128 ], [ 130.867377782322535, 33.735083394641002 ], [ 130.866951708741311, 33.735169368447018 ], [ 130.866327951477672, 33.735229907065438 ], [ 130.865960709911406, 33.735331298154776 ], [ 130.865646435539531, 33.735460710329342 ], [ 130.865417514457022, 33.73560986719658 ], [ 130.865134307930845, 33.735785029445964 ], [ 130.864984211963417, 33.735897853687092 ], [ 130.863793547177352, 33.736234032324433 ], [ 130.86319297031315, 33.736312613635839 ], [ 130.86264272094985, 33.736374482357476 ], [ 130.862137846304051, 33.736349052880144 ], [ 130.86160866166324, 33.736211169064759 ], [ 130.86105457141781, 33.736081916558021 ], [ 130.860599796957871, 33.736039843678263 ], [ 130.860302304324222, 33.73609607167046 ], [ 130.860116402825298, 33.736561552364705 ], [ 130.860302304324222, 33.736096071670453 ], [ 130.860270176555645, 33.736099416454479 ], [ 130.859806783419174, 33.7360613413083 ], [ 130.859055516606816, 33.736080910589187 ], [ 130.858647991287683, 33.736100375877605 ], [ 130.858400552200919, 33.736088960772335 ], [ 130.857969469503388, 33.736046549555439 ], [ 130.857232495216749, 33.735851345566054 ], [ 130.85691976843745, 33.735814774041586 ], [ 130.856491074703058, 33.73584378817219 ], [ 130.856104717713748, 33.73585383107973 ], [ 130.855756031285324, 33.7358365155836 ], [ 130.855574570910051, 33.735786289255998 ], [ 130.855426408642046, 33.735702357286655 ], [ 130.855350254166126, 33.735645773388995 ], [ 130.855289404888822, 33.73560054814503 ], [ 130.855181720865176, 33.735517792855575 ], [ 130.855000752877629, 33.735283993042621 ], [ 130.854795051787335, 33.735235777439172 ], [ 130.854536586456618, 33.735215678052157 ], [ 130.853956743007814, 33.7352217516152 ], [ 130.853653857705041, 33.735158202233528 ], [ 130.853328019878859, 33.735050529914382 ], [ 130.853045400770782, 33.734950657131108 ], [ 130.852825464267397, 33.734816200671865 ], [ 130.852671246057071, 33.73468344236101 ], [ 130.85256900205863, 33.734516441408452 ], [ 130.85248732510891, 33.734321993089139 ], [ 130.852375535311296, 33.734190977068636 ], [ 130.85210185570287, 33.734037294055589 ], [ 130.851928714506641, 33.733963611941583 ], [ 130.851567924173992, 33.73380996328536 ], [ 130.851185754315281, 33.733623321001446 ], [ 130.850863875057541, 33.733481411907448 ], [ 130.850590218278512, 33.733323639037017 ], [ 130.850073322095312, 33.732840968848805 ], [ 130.849428333402869, 33.731487962871412 ] ] ], [ [ [ 130.974656099440523, 33.829505048190946 ], [ 130.974712836893389, 33.829560991910299 ], [ 130.974862420661196, 33.829612728139665 ], [ 130.975022338065685, 33.82964932100667 ], [ 130.975246723266906, 33.829793632431269 ], [ 130.975545904673169, 33.829861459584414 ], [ 130.975747073994711, 33.829973504215943 ], [ 130.975943083566307, 33.830096183477032 ], [ 130.976064295414119, 33.830160802451076 ], [ 130.976368643532481, 33.830225458728748 ], [ 130.976487286764325, 33.830321282679776 ], [ 130.976608511768831, 33.830340677925484 ], [ 130.976817502242454, 33.830140527524378 ], [ 130.977160572465664, 33.830121224946502 ], [ 130.977294700772092, 33.83009110202287 ], [ 130.977477846373915, 33.830136360962143 ], [ 130.977508802390076, 33.830084662722903 ], [ 130.977457249306667, 33.82998779627242 ], [ 130.977539822292414, 33.829870528034824 ], [ 130.977519216667616, 33.829754226441345 ], [ 130.977462502834328, 33.829569096910873 ], [ 130.977459942221572, 33.829487313270484 ], [ 130.977506429834818, 33.829290368657112 ], [ 130.977620019112379, 33.828965306487099 ], [ 130.977609709889691, 33.828887818796161 ], [ 130.977532353312967, 33.828814615499873 ], [ 130.977452455378085, 33.82858749852025 ], [ 130.977447334334613, 33.828426047190973 ], [ 130.977480886080997, 33.828318419290881 ], [ 130.977571225871344, 33.828116060475544 ], [ 130.977591900563112, 33.827958913352482 ], [ 130.977550673385764, 33.827795272558596 ], [ 130.977506708710308, 33.827689251362692 ], [ 130.97738245902795, 33.827517140890698 ], [ 130.977209063591772, 33.827391371950846 ], [ 130.977024324949383, 33.827350549284958 ], [ 130.976882690140457, 33.827394193965958 ], [ 130.976627554366445, 33.827550096785352 ], [ 130.97638509004156, 33.827712906433753 ], [ 130.976240343982852, 33.827830794282839 ], [ 130.97607926394835, 33.82810463271035 ], [ 130.976011256635189, 33.828290510570007 ], [ 130.975927279092843, 33.82837086585851 ], [ 130.975746973248022, 33.828389212755653 ], [ 130.975601016124131, 33.82861262073655 ], [ 130.975377988631777, 33.828787197624663 ], [ 130.975102694580158, 33.828843985366468 ], [ 130.975011833962554, 33.8288910210563 ], [ 130.974735116060828, 33.829110948841901 ], [ 130.974619478252322, 33.829169530670526 ], [ 130.97449559952733, 33.829213175414424 ], [ 130.973822545774595, 33.829230215204561 ], [ 130.973591284873322, 33.829249674646647 ], [ 130.973236158016817, 33.829313343459667 ], [ 130.972933355154595, 33.829329966492168 ], [ 130.972696606680216, 33.829314978348087 ], [ 130.972411717109679, 33.829263774409156 ], [ 130.972181875015593, 33.829232728363166 ], [ 130.971734566218771, 33.829129783576107 ], [ 130.971625827424248, 33.829125180060814 ], [ 130.971401491170752, 33.82907518625948 ], [ 130.970815196847298, 33.828962484077969 ], [ 130.970801419941012, 33.8289716381883 ], [ 130.970867088145269, 33.828998280951858 ], [ 130.971081171788853, 33.829039256846436 ], [ 130.971622814017508, 33.829154553352275 ], [ 130.971736307962914, 33.829158876190689 ], [ 130.972190251210691, 33.829257949298189 ], [ 130.972773166442664, 33.82937113843694 ], [ 130.97306723499392, 33.829366909224262 ], [ 130.973559902064011, 33.829312147762082 ], [ 130.973761105316129, 33.829294935719574 ], [ 130.974163518204591, 33.829279951874099 ], [ 130.974387899763286, 33.82932304104331 ], [ 130.974656099440523, 33.829505048190946 ] ] ] ] } }
]
}
