{
"type": "FeatureCollection",
"name": "西区C",
"crs": { "type": "name", "properties": { "name": "urn:ogc:def:crs:EPSG::4612" } },
"features": [
{ "type": "Feature", "properties": { "KEY_CODE": "401351441101", "PREF": "40", "CITY": "135", "K_AREA": "070000010", "S_AREA": "1441101", "PREF_NAME": "福岡県", "CITY_NAME": "福岡市西区", "S_NAME": "徳永北", "KIGO_E": null, "HCODE": 8101, "AREA": 26767.307, "PERIMETER": 709.629, "KIHON1": "0700", "DUMMY1": "-", "KIHON2": "00", "KIHON3": "010", "C1": 41, "C2": 1441, "DUMMY2": "-", "C3": 1, "DUMMY3": "-", "C4": 1, "KIGO_A": null, "KIGO_D": null, "N_KEN": null, "N_CITY": null, "N_C1": 0, "KIGO_I": null, "KEYCODE1": "1351441-1-01", "JINKO": 0, "SETAI": 0, "KEN_OLD": "40", "CITY_OLD": "135", "X_CODE": 130.259779, "Y_CODE": 33.575975, "KCODE1": "0700-00010", "CCODE1": "1441-1- 1" }, "geometry": { "type": "MultiPolygon", "coordinates": [ [ [ [ 130.239957713400798, 33.575411316463594 ], [ 130.239773216119517, 33.575827798048586 ], [ 130.239584077283354, 33.576264713949918 ], [ 130.239387094964201, 33.576693904455745 ], [ 130.239421462955079, 33.576718561434809 ], [ 130.239332184336718, 33.576909473959908 ], [ 130.239314445362822, 33.576984033542807 ], [ 130.23923617672645, 33.57717645877333 ], [ 130.239096639576104, 33.577493928010647 ], [ 130.238987874121307, 33.577785736545408 ], [ 130.238833779870419, 33.578102867825784 ], [ 130.238798781493216, 33.578178413497611 ], [ 130.238647127781064, 33.578506337113545 ], [ 130.238570301114891, 33.578659815854607 ], [ 130.238274130237272, 33.579318311075198 ], [ 130.238157731911173, 33.579618029849037 ], [ 130.238125227753159, 33.579610784778325 ], [ 130.237916700427263, 33.580061982429825 ], [ 130.237762585906523, 33.580420778498571 ], [ 130.237873247911637, 33.580455981061888 ], [ 130.237762585906523, 33.580420778498578 ], [ 130.237551725079726, 33.580369669146656 ], [ 130.237443436936957, 33.580329409003056 ], [ 130.237333425037548, 33.580332037771349 ], [ 130.237215018759855, 33.580600992982468 ], [ 130.23707531742923, 33.580918352292613 ], [ 130.236944286636117, 33.581215936164554 ], [ 130.236935557809886, 33.581232470769123 ], [ 130.23555178260662, 33.580776356379651 ], [ 130.23546157819618, 33.580746631857856 ], [ 130.235348131530884, 33.580709227599002 ], [ 130.2352607478675, 33.580703400898493 ], [ 130.235112383048971, 33.580684304545876 ], [ 130.235063285579258, 33.580707421820172 ], [ 130.235034638327988, 33.580720910925194 ], [ 130.234946688181566, 33.580788766131704 ], [ 130.234930242713915, 33.580802329239809 ], [ 130.234883788147499, 33.580840679062632 ], [ 130.234817729798522, 33.581069700930627 ], [ 130.234806474145216, 33.581124648436152 ], [ 130.234790436973526, 33.581168293750487 ], [ 130.23474059574221, 33.58118982074933 ], [ 130.23472520488292, 33.581303420748384 ], [ 130.234718541911377, 33.581343392109929 ], [ 130.234717766352475, 33.581383608576751 ], [ 130.234699763932014, 33.581468840173059 ], [ 130.23469374661866, 33.581497307469604 ], [ 130.233763251593672, 33.581332699514512 ], [ 130.233098831008903, 33.581187268590838 ], [ 130.232360452107145, 33.581006180829867 ], [ 130.231928059142319, 33.58088278469171 ], [ 130.23172263979049, 33.580853786133034 ], [ 130.231036775640661, 33.58064466396803 ], [ 130.230432709217638, 33.580445419016115 ], [ 130.230034339132686, 33.580348398230953 ], [ 130.229979565911179, 33.580461011934133 ], [ 130.229928386356221, 33.580500526199216 ], [ 130.229045788882928, 33.58211128849112 ], [ 130.228873660828128, 33.582057520710194 ], [ 130.228557630196974, 33.581936989852679 ], [ 130.228028629241322, 33.581756516555672 ], [ 130.227504149375534, 33.581616785838818 ], [ 130.226928802902677, 33.581471978181817 ], [ 130.226246661520264, 33.581318046024791 ], [ 130.225810020338656, 33.581199955790183 ], [ 130.224780302438404, 33.580953983008577 ], [ 130.224635313905708, 33.581103608181309 ], [ 130.224635313905708, 33.581103608181301 ], [ 130.224183389174044, 33.580756090856504 ], [ 130.223860594412571, 33.580527339599172 ], [ 130.223573630059406, 33.580263277540887 ], [ 130.22340447735013, 33.580056378371737 ], [ 130.223323672894878, 33.579982891114888 ], [ 130.223122851266965, 33.579882760396735 ], [ 130.222910477532679, 33.579813340013722 ], [ 130.222505032901751, 33.579652114984221 ], [ 130.222301182869415, 33.579589088820086 ], [ 130.221990689833063, 33.579669196712679 ], [ 130.221312398778849, 33.579903861984221 ], [ 130.21960267750336, 33.580570725874473 ], [ 130.219416583577697, 33.580657813345809 ], [ 130.219242637981779, 33.580844407438796 ], [ 130.219120775798331, 33.58106951049924 ], [ 130.218975465515484, 33.581291013392857 ], [ 130.218794181424499, 33.581488654461587 ], [ 130.218539138364292, 33.581680968386827 ], [ 130.218402129873425, 33.581802601003552 ], [ 130.218252216970939, 33.581974094866005 ], [ 130.218199138759132, 33.582102279843902 ], [ 130.218072226274046, 33.582289557867981 ], [ 130.217571699384365, 33.58311609286072 ], [ 130.217207587616286, 33.583242024270461 ], [ 130.216786329, 33.583396226815871 ], [ 130.216621607419199, 33.58352934015295 ], [ 130.217039881294937, 33.583874518790978 ], [ 130.216621607419199, 33.583529340152964 ], [ 130.216451951178243, 33.583696233702589 ], [ 130.21635023452734, 33.583851265584649 ], [ 130.216291028281802, 33.584033229148766 ], [ 130.216299382621003, 33.584282507185442 ], [ 130.216275770765691, 33.584567543613119 ], [ 130.216232758444903, 33.584764191488681 ], [ 130.21618717134956, 33.584873017725322 ], [ 130.21612011746592, 33.584935849104795 ], [ 130.216023416590048, 33.585057099600284 ], [ 130.215907035594768, 33.585297942802264 ], [ 130.215882481329686, 33.585388868723797 ], [ 130.21583398112702, 33.585568575916966 ], [ 130.215470152223844, 33.58549402414463 ], [ 130.215216566242049, 33.585867517742997 ], [ 130.215148878940141, 33.585944467629844 ], [ 130.215029822593692, 33.585968753258648 ], [ 130.214987228110544, 33.585941854614624 ], [ 130.214951717808674, 33.585838783573415 ], [ 130.21487791359462, 33.585689152035151 ], [ 130.2148097194912, 33.585635886512691 ], [ 130.2147058046518, 33.585623884184578 ], [ 130.214588352399346, 33.585685021464961 ], [ 130.214504468864362, 33.585747286369617 ], [ 130.214480641272189, 33.585822895928203 ], [ 130.214516487404893, 33.585991058422401 ], [ 130.214567222029984, 33.586057843026381 ], [ 130.214658232892674, 33.58612882922025 ], [ 130.214711918998802, 33.586204227058403 ], [ 130.214663377538017, 33.586304474523516 ], [ 130.214532301544835, 33.586438712872123 ], [ 130.214465962027447, 33.586487424121707 ], [ 130.214366684953433, 33.586520851574257 ], [ 130.214214605984637, 33.586529850419133 ], [ 130.213915002986766, 33.586593348672224 ], [ 130.213620293337073, 33.586767328108003 ], [ 130.213385269765837, 33.586970888524817 ], [ 130.213321532408258, 33.587026092673831 ], [ 130.213230731137173, 33.587164530559953 ], [ 130.213213524524406, 33.587243174388817 ], [ 130.213303717856718, 33.587441760848748 ], [ 130.213153981614425, 33.587681389922821 ], [ 130.213151279875092, 33.587685713248788 ], [ 130.212853041921022, 33.587867698983196 ], [ 130.212053904563419, 33.588304828743752 ], [ 130.211420068185987, 33.588582932511031 ], [ 130.21148558818615, 33.588624911632216 ], [ 130.21156830716177, 33.588728635672211 ], [ 130.211579493094149, 33.588748078513298 ], [ 130.211639694480681, 33.588875434764553 ], [ 130.211670056483541, 33.588989214832104 ], [ 130.21164473058397, 33.58931339997249 ], [ 130.211696260718043, 33.589840243318527 ], [ 130.211764010055134, 33.590342181996846 ], [ 130.211751643039349, 33.590759362519456 ], [ 130.211738743215705, 33.591049744179855 ], [ 130.211665124568299, 33.591371683360265 ], [ 130.211481405263299, 33.591638855343561 ], [ 130.211372743174195, 33.591769074451157 ], [ 130.211221296037962, 33.591865069281752 ], [ 130.210940163816417, 33.592005631826559 ], [ 130.210657929400327, 33.592100541246161 ], [ 130.210570606369345, 33.592151405395121 ], [ 130.210502720776503, 33.592258393016749 ], [ 130.210379017440999, 33.592283593148501 ], [ 130.210329186588041, 33.59276586646326 ], [ 130.210311126269687, 33.593002927281276 ], [ 130.210240810778174, 33.593136385514683 ], [ 130.210094872869178, 33.593227656474454 ], [ 130.209978755035763, 33.593260512289262 ], [ 130.209873093760706, 33.593355986254373 ], [ 130.209761197852913, 33.593563352223264 ], [ 130.209701267492051, 33.594063311781525 ], [ 130.209690926528253, 33.594210114674048 ], [ 130.209736727481271, 33.594310716674165 ], [ 130.209772769552671, 33.594327431650676 ], [ 130.209798360806161, 33.594466012642357 ], [ 130.209801779716969, 33.594571484404675 ], [ 130.209789030513463, 33.594751661493554 ], [ 130.209807409042128, 33.595091235543642 ], [ 130.209924337880153, 33.595219627312105 ], [ 130.210129117812187, 33.595323149568415 ], [ 130.21028668285939, 33.59549054359556 ], [ 130.210311461740133, 33.595709634291445 ], [ 130.210347290127118, 33.595786928065863 ], [ 130.21044106701035, 33.595887978062962 ], [ 130.210420408057161, 33.595938423320277 ], [ 130.210417566632344, 33.595945449550051 ], [ 130.210294022150805, 33.596063844839058 ], [ 130.210108195269441, 33.596218540388733 ], [ 130.209947848808724, 33.596458914853891 ], [ 130.209785049138986, 33.596607911180541 ], [ 130.209669723719884, 33.596636405409761 ], [ 130.209578379191072, 33.596638143076639 ], [ 130.209511229999208, 33.596607915963219 ], [ 130.209400135028659, 33.596513516282201 ], [ 130.209314463628715, 33.596483803062924 ], [ 130.209277173967052, 33.596483775034365 ], [ 130.209169769231977, 33.596483649649606 ], [ 130.20907877025445, 33.596539841594819 ], [ 130.209045750196054, 33.596542445320523 ], [ 130.208878879668276, 33.596555815661723 ], [ 130.208659689688886, 33.596620481697443 ], [ 130.208439729706441, 33.596603289587783 ], [ 130.208238594421573, 33.596626440754136 ], [ 130.207958737765694, 33.59648516690779 ], [ 130.20786029115834, 33.596453398189823 ], [ 130.207747453426919, 33.59645816754233 ], [ 130.20760702038109, 33.596516998720929 ], [ 130.207423224124227, 33.596678818579171 ], [ 130.207371682892386, 33.596764777550263 ], [ 130.207335711231622, 33.596869573027703 ], [ 130.207355307833524, 33.597203875634833 ], [ 130.207290965931662, 33.597530661903534 ], [ 130.207313547681309, 33.597639005388572 ], [ 130.207401999166706, 33.597807225080778 ], [ 130.207462153917987, 33.597893691107075 ], [ 130.207680408231454, 33.598070846733847 ], [ 130.207814990729446, 33.598155679163661 ], [ 130.20791257171652, 33.598291976497897 ], [ 130.207917724906622, 33.598299195770331 ], [ 130.207921307814786, 33.598349442511577 ], [ 130.207929740330513, 33.598467980193206 ], [ 130.207889785638571, 33.598621919468577 ], [ 130.207888042057505, 33.598721019466332 ], [ 130.207904758666388, 33.598752473437969 ], [ 130.207948787009457, 33.598835243569503 ], [ 130.208030738077554, 33.598894799944759 ], [ 130.208057443221406, 33.598975768611453 ], [ 130.20816119987802, 33.599155075889648 ], [ 130.208291314063473, 33.599277916425031 ], [ 130.20830433469402, 33.599290187873088 ], [ 130.208422086933012, 33.599504169755811 ], [ 130.208580012066534, 33.599716156910141 ], [ 130.208624011031105, 33.599756027191653 ], [ 130.208861869939113, 33.599842296351781 ], [ 130.20897885179545, 33.599909968226044 ], [ 130.209183747807657, 33.600057378548065 ], [ 130.209550647035513, 33.600246263409304 ], [ 130.209655965442721, 33.600439597382994 ], [ 130.209661271285313, 33.600448577503229 ], [ 130.20993843294363, 33.60091625538994 ], [ 130.209955716620158, 33.600987511647119 ], [ 130.210016466206042, 33.601101734816325 ], [ 130.210117447448567, 33.601244533473455 ], [ 130.210336391135598, 33.601708668243425 ], [ 130.21041949883471, 33.601919257920279 ], [ 130.210485328804566, 33.602085922176634 ], [ 130.21052175972406, 33.602273529604027 ], [ 130.210465987312745, 33.602603190644523 ], [ 130.210462266242416, 33.60262523425228 ], [ 130.210457446975539, 33.602653783901694 ], [ 130.210382022869055, 33.602941265020441 ], [ 130.210369293573592, 33.602989716787164 ], [ 130.210284541775025, 33.603080536024656 ], [ 130.210246177215311, 33.603161651063971 ], [ 130.21023587803424, 33.603183422162907 ], [ 130.210265942629377, 33.603469678291063 ], [ 130.210192252747305, 33.603899957353221 ], [ 130.210191018771496, 33.604026672776307 ], [ 130.210218768224962, 33.604141389566543 ], [ 130.210515734193933, 33.604440909960829 ], [ 130.210612724568591, 33.604402154176078 ], [ 130.21057586574554, 33.60448440520797 ], [ 130.210636861147549, 33.604590459333153 ], [ 130.210651470794289, 33.604678182501196 ], [ 130.210768696819315, 33.60469168317988 ], [ 130.210966049463678, 33.604669561055246 ], [ 130.211197081568088, 33.604618704975231 ], [ 130.211280708351296, 33.604670661934598 ], [ 130.211343329753362, 33.604773837459689 ], [ 130.211404247618418, 33.604832835070923 ], [ 130.211598302018331, 33.604933259450327 ], [ 130.211758386577344, 33.60510376586781 ], [ 130.211852837974988, 33.605150371004598 ], [ 130.212037677519277, 33.605199381490181 ], [ 130.212080985854385, 33.605204379267533 ], [ 130.212299291571185, 33.605229867899041 ], [ 130.212492066817674, 33.605239199320472 ], [ 130.212596605499471, 33.605352574513603 ], [ 130.212697937464497, 33.605466847060754 ], [ 130.212788198764628, 33.605595273587859 ], [ 130.213038367966021, 33.605951407845971 ], [ 130.213251209387664, 33.605892396940952 ], [ 130.213448687294601, 33.605856677506019 ], [ 130.213594039890211, 33.605841475125715 ], [ 130.213790621922442, 33.605820964287716 ], [ 130.213861671213266, 33.60583043437714 ], [ 130.214036110041235, 33.605959609712109 ], [ 130.21417850440622, 33.606066886484733 ], [ 130.214461697524541, 33.606206686280068 ], [ 130.214677417432426, 33.606304498971234 ], [ 130.21488683524683, 33.606382474782826 ], [ 130.215159541913891, 33.606368924928304 ], [ 130.215394365738348, 33.606140499389149 ], [ 130.215494196842371, 33.606244334694097 ], [ 130.215560918411455, 33.606313719947096 ], [ 130.21569581776069, 33.606402984587035 ], [ 130.215904177992599, 33.606486374851933 ], [ 130.216027472447848, 33.606555629133098 ], [ 130.216160236663853, 33.60664847219924 ], [ 130.216297269593952, 33.606744017970705 ], [ 130.216489206324667, 33.606847096855795 ], [ 130.216725612902025, 33.606919887677229 ], [ 130.216948201941079, 33.607218848988204 ], [ 130.217092472388771, 33.607586699314446 ], [ 130.217126321607793, 33.607660877191577 ], [ 130.217764421465517, 33.607878580477966 ], [ 130.217981391362002, 33.607997667615955 ], [ 130.217981391362002, 33.607997667615948 ], [ 130.218429239601306, 33.608243462972538 ], [ 130.218428433077889, 33.609657294262867 ], [ 130.218749633827315, 33.610123683899161 ], [ 130.218766051608725, 33.610217545929594 ], [ 130.218735178753207, 33.610299414640444 ], [ 130.218655861190712, 33.610366535449174 ], [ 130.218563680591672, 33.610431744204618 ], [ 130.21852047729223, 33.61056495484344 ], [ 130.218505234098473, 33.610706377648725 ], [ 130.218331745883461, 33.610947805107998 ], [ 130.218199191879194, 33.611065096588135 ], [ 130.217964214869568, 33.611206670069144 ], [ 130.217967983027535, 33.611218316322855 ], [ 130.217990804484288, 33.611226985781691 ], [ 130.218219338964985, 33.611343819096646 ], [ 130.218395474052869, 33.611408052821027 ], [ 130.218535297024204, 33.611437822330444 ], [ 130.218749730456238, 33.611437350245403 ], [ 130.218928482947291, 33.61145384146284 ], [ 130.219047753629724, 33.611494257617359 ], [ 130.219157693798195, 33.611485938203387 ], [ 130.21921528662844, 33.6115602660063 ], [ 130.219322825821195, 33.611697955723862 ], [ 130.219476358880712, 33.61188919410823 ], [ 130.219597724363069, 33.612053175563531 ], [ 130.219645015041948, 33.612065167459413 ], [ 130.219952063888627, 33.612073453607465 ], [ 130.220109943329192, 33.612136654676206 ], [ 130.220539820188918, 33.612381059651611 ], [ 130.220787250546266, 33.612551194775435 ], [ 130.220803187426384, 33.612755715284862 ], [ 130.220841419964273, 33.612999686643086 ], [ 130.220924820441667, 33.613182447596515 ], [ 130.221047226502833, 33.613522748853818 ], [ 130.221126729095005, 33.613708444132556 ], [ 130.221227106423186, 33.614036210350967 ], [ 130.221233493952695, 33.614141208355115 ], [ 130.221248933070996, 33.614316848954118 ], [ 130.221326768269677, 33.614529229883694 ], [ 130.2213723152841, 33.614614257098438 ], [ 130.221505358332621, 33.614800855363185 ], [ 130.221620792376825, 33.614913373973458 ], [ 130.221687859434837, 33.615002203400458 ], [ 130.221787964363727, 33.615134490631633 ], [ 130.221889678767553, 33.615331666986528 ], [ 130.221915634866292, 33.615423335917129 ], [ 130.221914808996331, 33.615515959356799 ], [ 130.221925355139462, 33.615683537510158 ], [ 130.221852490044256, 33.615885949138097 ], [ 130.221806555748344, 33.616070849513314 ], [ 130.221676391340878, 33.616287902340545 ], [ 130.221659109131707, 33.616413109970139 ], [ 130.221674815537057, 33.616464560166804 ], [ 130.221714557527122, 33.616596469151744 ], [ 130.221791935390797, 33.616879428413348 ], [ 130.221837652295363, 33.617058921077501 ], [ 130.221827471589904, 33.617114715891368 ], [ 130.221738347700267, 33.617195301334547 ], [ 130.221500180612708, 33.617334397615672 ], [ 130.221106910523986, 33.617578809750604 ], [ 130.220860286692954, 33.61771228466997 ], [ 130.220679908598697, 33.617809901009444 ], [ 130.220497263789326, 33.617869115318769 ], [ 130.220184350264361, 33.617911298228634 ], [ 130.220016146119207, 33.617918403828554 ], [ 130.219777908230668, 33.617980079711828 ], [ 130.219737484647453, 33.617990533381025 ], [ 130.219543690173538, 33.618091231729338 ], [ 130.219374202883529, 33.618241607657389 ], [ 130.219306875811185, 33.618369878624669 ], [ 130.21917180863278, 33.618578443764669 ], [ 130.219108102714046, 33.618715963215813 ], [ 130.219084098507096, 33.618867331925685 ], [ 130.219107987445739, 33.618963916925118 ], [ 130.21933623634115, 33.619209586273399 ], [ 130.219432053146591, 33.619360023756812 ], [ 130.219692260510016, 33.619553696273606 ], [ 130.220024678615999, 33.619741559872324 ], [ 130.220181600655053, 33.619791227096556 ], [ 130.220381135787449, 33.619868356158037 ], [ 130.22049944609094, 33.619914118212264 ], [ 130.220680994775279, 33.619987400120046 ], [ 130.220829113308781, 33.620051453684027 ], [ 130.220930917718675, 33.620116059243664 ], [ 130.220934465726003, 33.620199063230828 ], [ 130.220891698066708, 33.620282617150117 ], [ 130.220693371231562, 33.620408511204921 ], [ 130.22065309803213, 33.620448830666945 ], [ 130.220654094051071, 33.62058140729463 ], [ 130.22062849474213, 33.620665986649527 ], [ 130.220548129249153, 33.620735777510923 ], [ 130.220376829973247, 33.620833522899588 ], [ 130.220289255497079, 33.620881150847616 ], [ 130.220260722750794, 33.620935983995551 ], [ 130.220260170994749, 33.620997265927443 ], [ 130.220344110177535, 33.621185172214702 ], [ 130.220387691605055, 33.621301255088802 ], [ 130.22048101587319, 33.621550293206482 ], [ 130.220487057270674, 33.621889508525193 ], [ 130.220480964943164, 33.621920746624276 ], [ 130.220429530308479, 33.622181336507218 ], [ 130.220296826332032, 33.622668234399214 ], [ 130.220461517395108, 33.622930757534782 ], [ 130.220627438509155, 33.622822764691769 ], [ 130.221041084854022, 33.622723456797161 ], [ 130.221553918725732, 33.62310180342616 ], [ 130.221842609325421, 33.623246061599005 ], [ 130.222469677507149, 33.623599983222967 ], [ 130.222735004717492, 33.623720562451709 ], [ 130.222909895195528, 33.623812750063536 ], [ 130.223023631808474, 33.623861295776749 ], [ 130.22329547282618, 33.623958530346783 ], [ 130.2234318652404, 33.624006306179709 ], [ 130.223608895718172, 33.624094840003799 ], [ 130.223757372130819, 33.624128250012909 ], [ 130.223906608322807, 33.624189631127322 ], [ 130.2239657101224, 33.624208952563642 ], [ 130.224075665767572, 33.624209645675478 ], [ 130.224235336866002, 33.624187194879205 ], [ 130.224408543776377, 33.624223437833621 ], [ 130.224621161559185, 33.624305926175204 ], [ 130.224729642612772, 33.624349014272049 ], [ 130.224916915103137, 33.624375412795196 ], [ 130.225066670380215, 33.624379100634116 ], [ 130.225188375884841, 33.62439339154114 ], [ 130.22527482381841, 33.624367731278305 ], [ 130.225315324936219, 33.624292263446151 ], [ 130.225357745457785, 33.624133822855455 ], [ 130.225397774561941, 33.623997981214941 ], [ 130.22540658369067, 33.623982681437148 ], [ 130.22544258618089, 33.623920707877211 ], [ 130.225508799492303, 33.623869703078157 ], [ 130.225577934207223, 33.623859358230888 ], [ 130.225693353321844, 33.623842051184383 ], [ 130.225872069333036, 33.623864801922288 ], [ 130.226064558737988, 33.623910179264065 ], [ 130.226216301425069, 33.623936350243881 ], [ 130.226217428711294, 33.62381012566545 ], [ 130.226231735567239, 33.623650666067988 ], [ 130.226288845346744, 33.623657293251135 ], [ 130.226442860227564, 33.623664602045885 ], [ 130.226520670188393, 33.623644380000748 ], [ 130.226616073955142, 33.623577355322503 ], [ 130.226627760154884, 33.623475501693775 ], [ 130.226734793928898, 33.623435599634142 ], [ 130.226812827861266, 33.623390089117258 ], [ 130.226813704530144, 33.62329183054748 ], [ 130.226856110835143, 33.623247928804801 ], [ 130.226953469604865, 33.623207051150466 ], [ 130.227212411258364, 33.623174441230823 ], [ 130.22723192986092, 33.623176114585007 ], [ 130.227415926757743, 33.623191921423604 ], [ 130.22759652373469, 33.623248984429111 ], [ 130.227703662681847, 33.623319958640749 ], [ 130.227781067107259, 33.623335799449322 ], [ 130.227758461725927, 33.623453787375517 ], [ 130.227799689179051, 33.623551397623693 ], [ 130.22789254416395, 33.623647569546392 ], [ 130.228120393780756, 33.623844614141319 ], [ 130.228390012774042, 33.624060025853964 ], [ 130.228284549764936, 33.624169393654839 ], [ 130.228336641464551, 33.624248124078065 ], [ 130.228492969924446, 33.624364555765851 ], [ 130.228742502118934, 33.624538279036422 ], [ 130.228935000038973, 33.624706290978594 ], [ 130.229045755139254, 33.624853997667699 ], [ 130.229118808205811, 33.624999634470967 ], [ 130.229223601231354, 33.625221195919764 ], [ 130.229144207368762, 33.625296424742899 ], [ 130.22919293175957, 33.625394081408054 ], [ 130.229263050490943, 33.625509972222382 ], [ 130.229364181478786, 33.625651207031389 ], [ 130.229480270420311, 33.625805214883677 ], [ 130.229492173258137, 33.625820859205305 ], [ 130.229583808560022, 33.625941041101306 ], [ 130.229729138401979, 33.626054727160458 ], [ 130.229780693907088, 33.626099287130842 ], [ 130.229926228730335, 33.626142392739574 ], [ 130.23007845373354, 33.626105306362504 ], [ 130.230158776667452, 33.626039381615804 ], [ 130.230109105132783, 33.625962782059759 ], [ 130.229913487833926, 33.625709237949401 ], [ 130.229846275436756, 33.625711495360271 ], [ 130.229840145952977, 33.625643196790108 ], [ 130.229836080742643, 33.625209744019401 ], [ 130.229799570267801, 33.624902672000545 ], [ 130.229748599327962, 33.624697719317247 ], [ 130.229572012182985, 33.62428319119001 ], [ 130.229411937210301, 33.6239817579782 ], [ 130.229339986298811, 33.623475254069028 ], [ 130.229285526059755, 33.623189409946804 ], [ 130.229676018873363, 33.622716514452023 ], [ 130.230103164499155, 33.6221922115528 ], [ 130.230491219824557, 33.62174606505571 ], [ 130.230593348806366, 33.621622514679686 ], [ 130.230656077822658, 33.621460608976513 ], [ 130.230746318013644, 33.621053948097902 ], [ 130.230776100258481, 33.620724186683688 ], [ 130.230729895521733, 33.620465799306238 ], [ 130.231616262452235, 33.619667596791984 ], [ 130.23176346318985, 33.619596943996704 ], [ 130.232195537946382, 33.619415294883531 ], [ 130.232573915574534, 33.619097848117732 ], [ 130.23273635757235, 33.618825969648604 ], [ 130.232790781129779, 33.61855419255987 ], [ 130.232737146444862, 33.618373103340687 ], [ 130.232575516788017, 33.618237410350609 ], [ 130.232251567960247, 33.618283080429556 ], [ 130.232089520473608, 33.618328562296554 ], [ 130.231765780457437, 33.618283641433464 ], [ 130.231604005484883, 33.618193313592585 ], [ 130.231442375712419, 33.618057616953472 ], [ 130.231388597438581, 33.617921823700883 ], [ 130.231389142110629, 33.617650131263886 ], [ 130.231501842073499, 33.617386254803847 ], [ 130.231680279324593, 33.617047628741311 ], [ 130.232472279798884, 33.616452124244198 ], [ 130.233019062388991, 33.616024991531773 ], [ 130.23328555844131, 33.615858011606264 ], [ 130.235043137779513, 33.61481696869123 ], [ 130.235095042164687, 33.614859907484117 ], [ 130.235543999730993, 33.614727659074063 ], [ 130.237550818748161, 33.614060754374229 ], [ 130.239453049740206, 33.613432128363797 ], [ 130.24083266152968, 33.612963324182509 ], [ 130.241818150536034, 33.612653392712666 ], [ 130.243303673805286, 33.612374985137478 ], [ 130.245562118054181, 33.611948014540673 ], [ 130.248599401285134, 33.611426574627927 ], [ 130.248846550624307, 33.611419135506992 ], [ 130.248913313896708, 33.611408905363731 ], [ 130.2491401744266, 33.611352596556209 ], [ 130.249350350486964, 33.611337182935053 ], [ 130.249463271889283, 33.611304552557229 ], [ 130.249593050422533, 33.611289070667631 ], [ 130.249764053419625, 33.611286519889482 ], [ 130.249889922934443, 33.611314477194846 ], [ 130.25006336391462, 33.611253614801079 ], [ 130.250210065896425, 33.611218441630122 ], [ 130.250373279878858, 33.611211193961907 ], [ 130.250683815008728, 33.611165111469766 ], [ 130.250800959419792, 33.611169980750631 ], [ 130.25102170175947, 33.611159421369891 ], [ 130.251266920298519, 33.611111881903163 ], [ 130.252136553002543, 33.611024040535568 ], [ 130.252388940160927, 33.61098485783328 ], [ 130.252928298999137, 33.610977000244716 ], [ 130.253208508203272, 33.610952566142807 ], [ 130.253764789599757, 33.610925014376271 ], [ 130.253952093207175, 33.610906285532849 ], [ 130.254445530872147, 33.610932590446247 ], [ 130.254693156610927, 33.610918378959738 ], [ 130.254947249162825, 33.610915970484065 ], [ 130.255412649828713, 33.610883494071835 ], [ 130.255595433367802, 33.610842193923261 ], [ 130.255706815447724, 33.610831596347651 ], [ 130.255955998150114, 33.610832256129271 ], [ 130.256160585514607, 33.610859836744581 ], [ 130.256573751794065, 33.610871629245509 ], [ 130.25678232911315, 33.610855772865371 ], [ 130.256948124094748, 33.610812182832014 ], [ 130.256948124094748, 33.610812182831999 ], [ 130.257247430588507, 33.610779259735608 ], [ 130.257386702892262, 33.610805387770505 ], [ 130.258095185051332, 33.610827690887348 ], [ 130.258403217833035, 33.61081792368671 ], [ 130.25838149337838, 33.610452269030773 ], [ 130.258315172021639, 33.609886361017821 ], [ 130.258338812999256, 33.609808944350767 ], [ 130.258420770281077, 33.609655099058628 ], [ 130.258338812999256, 33.609808944350775 ], [ 130.258315172021668, 33.609886361017836 ], [ 130.25838149337838, 33.610452269030759 ], [ 130.258403217833035, 33.610817923686703 ], [ 130.259078817477956, 33.610806493793916 ], [ 130.259303206510225, 33.610822071742298 ], [ 130.259511784034004, 33.610806279544803 ], [ 130.259885900741835, 33.610816417895435 ], [ 130.260269368278131, 33.610846123321892 ], [ 130.260605700539116, 33.610825531483762 ], [ 130.261143811677783, 33.610846865274169 ], [ 130.261232113098515, 33.610888039715661 ], [ 130.261523230422085, 33.610898027236544 ], [ 130.261962523314025, 33.610887630417693 ], [ 130.262185595726038, 33.610910381759432 ], [ 130.26241302155691, 33.610955700313674 ], [ 130.262634133084021, 33.611011196432081 ], [ 130.262902471280341, 33.611116985084159 ], [ 130.263192938362437, 33.611244113706164 ], [ 130.26349205068982, 33.611394392987457 ], [ 130.263897241259428, 33.6115845472034 ], [ 130.264377484206221, 33.61183988230195 ], [ 130.264659062961471, 33.612013370606142 ], [ 130.264840578253171, 33.612092858931838 ], [ 130.265019514103926, 33.61220860600357 ], [ 130.265261438185945, 33.612292466795942 ], [ 130.265584649752242, 33.612431334289468 ], [ 130.265701083772711, 33.612531281808408 ], [ 130.265939327898991, 33.612702679510342 ], [ 130.266081174536055, 33.612784112133859 ], [ 130.266226068912061, 33.612803643552596 ], [ 130.266481026780838, 33.612819672345253 ], [ 130.266780247189644, 33.612878374831965 ], [ 130.267207071988054, 33.612910220132264 ], [ 130.267287283037888, 33.612902735934867 ], [ 130.267348121451903, 33.613086811221528 ], [ 130.267454955388473, 33.61282638934275 ], [ 130.267767094502034, 33.612850575358976 ], [ 130.26794768141059, 33.612729925216854 ], [ 130.268015700816193, 33.612700531515337 ], [ 130.268211813307715, 33.612655981515687 ], [ 130.268413773028755, 33.612647108051981 ], [ 130.268802044081554, 33.612658291032801 ], [ 130.269356994273181, 33.612610798679256 ], [ 130.269502316455146, 33.612589328683399 ], [ 130.26973221917234, 33.612520884405541 ], [ 130.270096144496961, 33.612352502526193 ], [ 130.270203373951318, 33.612315450532599 ], [ 130.2704756826557, 33.612250006216691 ], [ 130.270572172881401, 33.612248884594081 ], [ 130.270778351989605, 33.612158037465356 ], [ 130.270894239431811, 33.612122448291025 ], [ 130.271280888896314, 33.612085429137657 ], [ 130.271538314154014, 33.612128724342611 ], [ 130.271721532611679, 33.612216663654252 ], [ 130.27171515429734, 33.612093143382225 ], [ 130.271843547806327, 33.61200148260005 ], [ 130.272052431368877, 33.61191924215575 ], [ 130.272166570780826, 33.61186095737007 ], [ 130.272352434179368, 33.611793232300549 ], [ 130.272806965445852, 33.611682931815466 ], [ 130.273064177746448, 33.611682267641918 ], [ 130.273404396160572, 33.611560934625132 ], [ 130.273467002195105, 33.611514318766552 ], [ 130.273585757712141, 33.611366950414563 ], [ 130.27371085300291, 33.61136860748482 ], [ 130.273671639236426, 33.611254891973047 ], [ 130.273885863294737, 33.610956280979273 ], [ 130.274072016023212, 33.610742740136111 ], [ 130.274165396256706, 33.610619666099879 ], [ 130.274253023326878, 33.610530368354269 ], [ 130.274431815666901, 33.610371658965327 ], [ 130.274549611271681, 33.610238441878998 ], [ 130.274689946278528, 33.610097753141005 ], [ 130.274846408657368, 33.609921017271176 ], [ 130.274925896657834, 33.609797930582708 ], [ 130.274959850069365, 33.609673235234261 ], [ 130.274953308516757, 33.609548371493339 ], [ 130.274923637464326, 33.609461410987883 ], [ 130.274856048880991, 33.609378453939506 ], [ 130.274823483445147, 33.609335925182769 ], [ 130.274816871372821, 33.609229799344369 ], [ 130.274788654971786, 33.609119674458675 ], [ 130.274688419009436, 33.608841605673284 ], [ 130.274548558406252, 33.608621213558237 ], [ 130.274538776068908, 33.608521617414937 ], [ 130.274558939132902, 33.608334219880163 ], [ 130.274528618547095, 33.608213863347032 ], [ 130.274440574482611, 33.608120502351468 ], [ 130.274265189143108, 33.607970619849233 ], [ 130.274224677683122, 33.607921988141875 ], [ 130.274193248938531, 33.607651441478332 ], [ 130.274142167267399, 33.607466367869925 ], [ 130.274124638924434, 33.607144060637481 ], [ 130.274247952354699, 33.606579201133542 ], [ 130.274430518139354, 33.606320136726474 ], [ 130.274546464602281, 33.606094767761469 ], [ 130.274562717978142, 33.606033225651338 ], [ 130.274584880905252, 33.605817661055895 ], [ 130.274569167928121, 33.605783686992382 ], [ 130.274683060092826, 33.605734554804357 ], [ 130.27488337231344, 33.605538213100388 ], [ 130.275000993899198, 33.605394923301318 ], [ 130.275239887274694, 33.605094133768397 ], [ 130.275287678473973, 33.604945004045376 ], [ 130.275415712166108, 33.604774230408793 ], [ 130.27546531522151, 33.604680904216451 ], [ 130.27550242549782, 33.604469582515776 ], [ 130.275444589710332, 33.604266577613132 ], [ 130.275190207959241, 33.603988942193119 ], [ 130.275098052689486, 33.603934653710247 ], [ 130.274724675578, 33.603865106033552 ], [ 130.274424307129209, 33.60367137748964 ], [ 130.274185788580041, 33.603541905586667 ], [ 130.273847042678568, 33.603246088116705 ], [ 130.273804278250026, 33.603195820610871 ], [ 130.27366736580845, 33.602897888635681 ], [ 130.273478230377691, 33.602583232839457 ], [ 130.273413680933402, 33.602460564701992 ], [ 130.273277673549046, 33.602366001597517 ], [ 130.27301775400403, 33.601749224612796 ], [ 130.272790847603744, 33.601301916199247 ], [ 130.272565841133513, 33.600840108932971 ], [ 130.272536198663431, 33.600751387852959 ], [ 130.272486526639369, 33.60048179501036 ], [ 130.272517903534606, 33.600314046653736 ], [ 130.272471591672229, 33.600195500622554 ], [ 130.272257181043614, 33.599936557206291 ], [ 130.272189598480594, 33.599865293410524 ], [ 130.272101088736918, 33.59948945577144 ], [ 130.271933661147159, 33.599059052290642 ], [ 130.2718056411438, 33.59891762256337 ], [ 130.271361004593956, 33.598539823176878 ], [ 130.271197721364388, 33.598357538104395 ], [ 130.27115502552769, 33.598229715093325 ], [ 130.271043849563654, 33.597977437462291 ], [ 130.271007167300127, 33.597504977247667 ], [ 130.270948132596914, 33.597288161297989 ], [ 130.270799636318287, 33.596279467486525 ], [ 130.27081113774733, 33.596152951798686 ], [ 130.2706958403285, 33.596160440055726 ], [ 130.270568385702575, 33.596252316214695 ], [ 130.270366939877306, 33.596364535569244 ], [ 130.270336556759872, 33.596424020574311 ], [ 130.270281523736429, 33.596542177564707 ], [ 130.270243582622811, 33.596559562241865 ], [ 130.270000506855354, 33.596577426625615 ], [ 130.269863032332893, 33.596629512298705 ], [ 130.269255428823783, 33.596603861057872 ], [ 130.269080349026865, 33.59656351528902 ], [ 130.268743249089539, 33.596541649730085 ], [ 130.268662849697336, 33.596513279104506 ], [ 130.268457229429316, 33.596401605232408 ], [ 130.268453281371166, 33.596390662721774 ], [ 130.268389787431715, 33.596343793940669 ], [ 130.268250233330377, 33.596103744483621 ], [ 130.26819738266002, 33.596042568631276 ], [ 130.267848952782089, 33.594820019265171 ], [ 130.267830553513249, 33.594666344596696 ], [ 130.26768844322487, 33.594260951239292 ], [ 130.267662176263087, 33.594132098016303 ], [ 130.267607817808596, 33.59408021239512 ], [ 130.267546737989647, 33.593917338347943 ], [ 130.267436796825109, 33.59372945133174 ], [ 130.26738260665789, 33.593657840634165 ], [ 130.267194729898478, 33.593538872608768 ], [ 130.267095205404956, 33.593522925324073 ], [ 130.26697226795136, 33.593608203129428 ], [ 130.266961253074868, 33.593706404261795 ], [ 130.267039172944493, 33.593828732064011 ], [ 130.267257172005344, 33.594078408610677 ], [ 130.267391909557489, 33.594280180532415 ], [ 130.267485915311795, 33.59451122865201 ], [ 130.267602496427571, 33.594829825085853 ], [ 130.267653877669659, 33.595104643802294 ], [ 130.267666096066279, 33.595332454008194 ], [ 130.267714613024424, 33.595517937355297 ], [ 130.267665498329961, 33.595602666791329 ], [ 130.267512832288929, 33.595669596025935 ], [ 130.267553390760838, 33.59578099364478 ], [ 130.267684168138999, 33.596003734015838 ], [ 130.267803221595415, 33.595969854012672 ], [ 130.267915060363265, 33.596112811593173 ], [ 130.268046428500611, 33.596255673213463 ], [ 130.268076181943229, 33.596310936215573 ], [ 130.268063949031671, 33.596383982396034 ], [ 130.268058899381458, 33.596413820928795 ], [ 130.268013556280266, 33.596520410487841 ], [ 130.267971212795089, 33.59661074848988 ], [ 130.267934671150186, 33.59666167340113 ], [ 130.267884776585419, 33.596656425067003 ], [ 130.267875045376854, 33.596655400864009 ], [ 130.267778655957841, 33.596636583552431 ], [ 130.267745221931449, 33.596768252374332 ], [ 130.267671552390738, 33.596870024828078 ], [ 130.267622852324877, 33.596895587581258 ], [ 130.266994369152911, 33.597069787255933 ], [ 130.266034457264141, 33.597327244759363 ], [ 130.265731666709485, 33.597070298322478 ], [ 130.265767647909115, 33.596826643371173 ], [ 130.265915632968074, 33.596128880048461 ], [ 130.265838724492653, 33.595867012836237 ], [ 130.265795036773909, 33.595877247815608 ], [ 130.265465389059131, 33.595243135495082 ], [ 130.265326013177969, 33.595310987144259 ], [ 130.265109795744053, 33.59456272770565 ], [ 130.265070630039531, 33.594406678496625 ], [ 130.265071881281756, 33.594249035032092 ], [ 130.265119725269216, 33.593837585050856 ], [ 130.265172334083076, 33.593559090333031 ], [ 130.265227421839768, 33.593395571234858 ], [ 130.265480415840329, 33.592951250966649 ], [ 130.265508531654092, 33.592791796336833 ], [ 130.265562176619255, 33.592688990063458 ], [ 130.265595048820103, 33.592554359363859 ], [ 130.265635311631115, 33.592232892663134 ], [ 130.265614884965998, 33.592189799597875 ], [ 130.265186714259897, 33.592219086478529 ], [ 130.264815398489105, 33.592233566107225 ], [ 130.264827593624176, 33.592175171968307 ], [ 130.264766430697165, 33.591714714119767 ], [ 130.264749320184251, 33.59132027677807 ], [ 130.265136687786281, 33.591308325506255 ], [ 130.265481029227544, 33.59129794526222 ], [ 130.265397001532534, 33.590893457887617 ], [ 130.26533291097607, 33.590550057490731 ], [ 130.265246473592128, 33.590131996609045 ], [ 130.265226538788738, 33.590070875431955 ], [ 130.26501243087165, 33.589929736731861 ], [ 130.264933424564447, 33.589856778851434 ], [ 130.26491173240899, 33.589853398092465 ], [ 130.265048512296602, 33.589366415255313 ], [ 130.265284345176156, 33.588929779247593 ], [ 130.265376125655223, 33.588915425798412 ], [ 130.265473066392218, 33.588907939229507 ], [ 130.266042646667046, 33.588160031520907 ], [ 130.266359316057049, 33.587748319324412 ], [ 130.266255821140362, 33.587694869808729 ], [ 130.266233871575679, 33.587712562602775 ], [ 130.266162468380713, 33.587666381901229 ], [ 130.266421418690641, 33.587411408903101 ], [ 130.266511660552823, 33.587349747948295 ], [ 130.266569794739922, 33.587283102993524 ], [ 130.266574822099443, 33.587186309115445 ], [ 130.266845395683816, 33.586899986632538 ], [ 130.266819971508994, 33.586841018371565 ], [ 130.266913697301874, 33.586745632757022 ], [ 130.267038448192096, 33.586594396609982 ], [ 130.267195589573362, 33.586434688261775 ], [ 130.267366826932573, 33.586250408257051 ], [ 130.267872365356794, 33.585807833685905 ], [ 130.268140904894068, 33.585602575940349 ], [ 130.268579922266326, 33.585242297763109 ], [ 130.268637550970681, 33.585195339093339 ], [ 130.26863781036954, 33.585184632340656 ], [ 130.268459807563858, 33.585044419069526 ], [ 130.26842901345367, 33.585033247285608 ], [ 130.268340034631194, 33.58495551339044 ], [ 130.26818341224606, 33.584834938578702 ], [ 130.268178312151832, 33.58483099875513 ], [ 130.268125271423173, 33.58479317278853 ], [ 130.268015186939039, 33.584713095481703 ], [ 130.267969497732196, 33.584681864781267 ], [ 130.267910732521131, 33.584604380514435 ], [ 130.267900187660189, 33.584587341331037 ], [ 130.267865235686315, 33.584510492717413 ], [ 130.267850479836142, 33.584523578256928 ], [ 130.267865235686287, 33.584510492717406 ], [ 130.26786242294591, 33.584474763537528 ], [ 130.267766603432591, 33.584469685889125 ], [ 130.267725708841738, 33.584458559575531 ], [ 130.266839373584759, 33.584428915689116 ], [ 130.266820200450638, 33.584563666492528 ], [ 130.266839373584702, 33.584428915689109 ], [ 130.266369352025634, 33.584414777071977 ], [ 130.266147993522964, 33.584346011291508 ], [ 130.265615592937309, 33.584134929841888 ], [ 130.265772696419305, 33.583761220097337 ], [ 130.265754201968008, 33.583669218269186 ], [ 130.265748063739437, 33.583638750736533 ], [ 130.265781659113003, 33.583617218993595 ], [ 130.265743870478218, 33.582832551309394 ], [ 130.265738043978558, 33.582665991054284 ], [ 130.265722846522522, 33.581976483637334 ], [ 130.265476468283367, 33.581941098614678 ], [ 130.265189231424273, 33.581925736978434 ], [ 130.265189231424273, 33.581925736978427 ], [ 130.265178501040225, 33.581925162840875 ], [ 130.264816065207555, 33.581900313323658 ], [ 130.264816065207555, 33.581900313323665 ], [ 130.26479477802971, 33.581898855633412 ], [ 130.264302859058375, 33.581897891175743 ], [ 130.264302859058375, 33.581897891175736 ], [ 130.264260029845815, 33.581886893071669 ], [ 130.264209391758015, 33.581873909522109 ], [ 130.263888111431697, 33.581877873309082 ], [ 130.263287877009844, 33.581857171288782 ], [ 130.26307531846237, 33.581862871967715 ], [ 130.262683357703168, 33.581845454000607 ], [ 130.262441249152289, 33.581832452741452 ], [ 130.261997835380896, 33.58181852742063 ], [ 130.261800359547863, 33.58181234274204 ], [ 130.261373408330599, 33.581752869583632 ], [ 130.260968706354817, 33.581699827992566 ], [ 130.260715925793534, 33.581665379673616 ], [ 130.260021759309041, 33.581448515013903 ], [ 130.258990121111225, 33.581122255076359 ], [ 130.258261318531993, 33.580882130154478 ], [ 130.256995071738743, 33.5804941413721 ], [ 130.256879910424374, 33.580458259803699 ], [ 130.2563430525081, 33.580290852765536 ], [ 130.256180546785316, 33.580239985751852 ], [ 130.25577430597852, 33.580112825108131 ], [ 130.255725584556671, 33.580092384074774 ], [ 130.255323565174081, 33.579923708062168 ], [ 130.255143229142902, 33.579852705855316 ], [ 130.254486096460056, 33.579382751726889 ], [ 130.254303697152636, 33.579189303470962 ], [ 130.253732983206049, 33.578584270078004 ], [ 130.253764284225866, 33.578418252017471 ], [ 130.253863822400405, 33.578118100305097 ], [ 130.253932185623938, 33.577998271303045 ], [ 130.254220335716383, 33.577493007462429 ], [ 130.25427622961692, 33.577316290501741 ], [ 130.254339134869525, 33.577214352574778 ], [ 130.254448191207757, 33.577186485341272 ], [ 130.25469398774581, 33.577043708527981 ], [ 130.25481155847271, 33.576926466647357 ], [ 130.254904542758453, 33.576800797182592 ], [ 130.25483952232878, 33.576787264838494 ], [ 130.255174726722544, 33.576757489211211 ], [ 130.255217446295035, 33.57660510164029 ], [ 130.255385930538694, 33.576224498906207 ], [ 130.25553771257114, 33.575545543652588 ], [ 130.256231728091535, 33.575762689150956 ], [ 130.256256992389552, 33.575770592190224 ], [ 130.257400260660802, 33.576102727343518 ], [ 130.257475299791395, 33.57612579383435 ], [ 130.258186670078771, 33.576344640178441 ], [ 130.258909720249733, 33.576567078362864 ], [ 130.259260352712346, 33.576674943040352 ], [ 130.259774422047258, 33.576759325227613 ], [ 130.259825409744366, 33.576760619811402 ], [ 130.260045760871236, 33.576766244375783 ], [ 130.260192003186376, 33.576769973274224 ], [ 130.26069898477374, 33.576709760218705 ], [ 130.260697831978831, 33.576248587037504 ], [ 130.260696161852167, 33.575580546100781 ], [ 130.260700460108751, 33.575520926890526 ], [ 130.260739108429505, 33.575410255153109 ], [ 130.260859380644945, 33.575459083314044 ], [ 130.261166629251534, 33.575550771876031 ], [ 130.261275386298081, 33.575557143867563 ], [ 130.261291540006511, 33.57552640090848 ], [ 130.261479975529539, 33.575259110325945 ], [ 130.261300765594029, 33.574840739322198 ], [ 130.261579991212784, 33.574860552383761 ], [ 130.262066061088944, 33.574910940786417 ], [ 130.262081692280987, 33.574910398193758 ], [ 130.262731085491396, 33.574887800487069 ], [ 130.263280085025116, 33.574825493626307 ], [ 130.263299177105608, 33.574823326638779 ], [ 130.263648159892654, 33.5747846983298 ], [ 130.263852289341457, 33.574719030941068 ], [ 130.264290420836574, 33.574578121667187 ], [ 130.264914142614742, 33.574285250385131 ], [ 130.264953658232173, 33.5742684880966 ], [ 130.265486856994045, 33.574042327297455 ], [ 130.266222532048346, 33.573701392708081 ], [ 130.266585684899752, 33.573533094162599 ], [ 130.266850045762169, 33.573409950135698 ], [ 130.266963850605663, 33.573362136045596 ], [ 130.266959379717491, 33.573401495285601 ], [ 130.267495980199186, 33.573204655319145 ], [ 130.268482119911113, 33.57284290501984 ], [ 130.268482119911113, 33.572842905019833 ], [ 130.26883885501357, 33.572730435362494 ], [ 130.269042219075772, 33.572666318290565 ], [ 130.270129340002342, 33.572492817521812 ], [ 130.270538568490309, 33.572443465428385 ], [ 130.270581079302787, 33.572438248969455 ], [ 130.27141188298566, 33.57233624101417 ], [ 130.271700045145849, 33.572333403398133 ], [ 130.272613474654179, 33.572278673799161 ], [ 130.272674236684793, 33.572418402866198 ], [ 130.272567544770595, 33.573044828586092 ], [ 130.272470018194468, 33.573617420176539 ], [ 130.272306985582929, 33.574574565177606 ], [ 130.272181233369622, 33.575312812722146 ], [ 130.272100070546998, 33.57578928614921 ], [ 130.272064433234306, 33.575960507579488 ], [ 130.271969221763186, 33.576417946817671 ], [ 130.271964246674401, 33.576449123736523 ], [ 130.271830449125503, 33.577247601040902 ], [ 130.271729902110138, 33.577754998532001 ], [ 130.271709098343734, 33.577860012294977 ], [ 130.271660027953004, 33.578107710168354 ], [ 130.271609755903569, 33.578361110297273 ], [ 130.271541026385194, 33.578708018039791 ], [ 130.273074241632713, 33.57882808476505 ], [ 130.273055526809259, 33.57892212055831 ], [ 130.273009962496303, 33.579006416975886 ], [ 130.273093412243725, 33.57903071954226 ], [ 130.273426010932951, 33.579071140836341 ], [ 130.273849680540479, 33.579100258355901 ], [ 130.274338250321591, 33.579158184988287 ], [ 130.274841994538008, 33.579213059821051 ], [ 130.275109115276393, 33.579203393851934 ], [ 130.275983389543654, 33.579332152239971 ], [ 130.27642314365238, 33.579400732858289 ], [ 130.277261146595379, 33.579448611054275 ], [ 130.277552460204959, 33.579465253136895 ], [ 130.277594772005443, 33.579467685066795 ], [ 130.277708678068905, 33.579478322088214 ], [ 130.278183737845978, 33.579522678947171 ], [ 130.278294190927852, 33.579532990915766 ], [ 130.279251973994661, 33.579589412787826 ], [ 130.279388668068577, 33.579597465478336 ], [ 130.28062286702044, 33.579700961898801 ], [ 130.281435115828202, 33.579800754750948 ], [ 130.281430832371512, 33.579891003469001 ], [ 130.281449441626705, 33.579889915943134 ], [ 130.282090884766319, 33.580035838652535 ], [ 130.282392626259252, 33.580134626066837 ], [ 130.282777422478205, 33.58026542320551 ], [ 130.282847078304655, 33.580279105989582 ], [ 130.282853141230447, 33.580268541204376 ], [ 130.282847078304655, 33.58027910598959 ], [ 130.282824446817756, 33.580318808876157 ], [ 130.282796402157572, 33.580382079797737 ], [ 130.282754015377748, 33.580510673108897 ], [ 130.282712897937671, 33.580627934650032 ], [ 130.282711606203264, 33.580631553303661 ], [ 130.282683648971101, 33.580734978285022 ], [ 130.282684192572503, 33.580734997955297 ], [ 130.282665999180068, 33.580807243729623 ], [ 130.282663004823007, 33.5808539316658 ], [ 130.282687185202406, 33.580850645301261 ], [ 130.282800435253023, 33.580834172229764 ], [ 130.282960028013036, 33.58081526291906 ], [ 130.283027923293588, 33.580812050558457 ], [ 130.283184643826672, 33.580814766225885 ], [ 130.28327780065564, 33.580818010635674 ], [ 130.283426894962957, 33.580810520290619 ], [ 130.283497593388716, 33.580806968432242 ], [ 130.283503044470166, 33.58080669575034 ], [ 130.283590239425649, 33.580814415311416 ], [ 130.283679752712374, 33.580823655643208 ], [ 130.283735410748648, 33.580845914614045 ], [ 130.283774138920279, 33.580852451237064 ], [ 130.283904325906633, 33.580872142304543 ], [ 130.284065842082697, 33.58088119431212 ], [ 130.284189648078069, 33.580890929345763 ], [ 130.284278908370396, 33.580909480590059 ], [ 130.284434054692554, 33.580907224828543 ], [ 130.284556951367705, 33.580896666606805 ], [ 130.28463344875027, 33.580895308350229 ], [ 130.284758264812069, 33.580913162299645 ], [ 130.284828157721165, 33.580928895432265 ], [ 130.284982371161618, 33.580974422112732 ], [ 130.285080575786907, 33.581018722638674 ], [ 130.285158804427368, 33.581068767902984 ], [ 130.285284117653333, 33.581156956885813 ], [ 130.285392084876122, 33.581258570926209 ], [ 130.285459293756588, 33.58132609986874 ], [ 130.285509531377215, 33.581386388573634 ], [ 130.28558388899296, 33.581513957215812 ], [ 130.285656894146967, 33.581674876632668 ], [ 130.285629888960557, 33.581683736705301 ], [ 130.285601322832804, 33.58170750350412 ], [ 130.28556565590273, 33.581765416596085 ], [ 130.285556859693912, 33.581787005372483 ], [ 130.285537253285412, 33.581813040345679 ], [ 130.285554244036803, 33.58184289564467 ], [ 130.285551658149245, 33.581895175877719 ], [ 130.285543085006594, 33.581889716328007 ], [ 130.285519147707618, 33.581918431081753 ], [ 130.285484504956514, 33.581938968449755 ], [ 130.285457313730745, 33.581970369222155 ], [ 130.28542593293264, 33.581987318592091 ], [ 130.285419134415889, 33.582027854404117 ], [ 130.285418881517501, 33.582058511669992 ], [ 130.285408576874204, 33.582132387476541 ], [ 130.285395449042198, 33.58215665656995 ], [ 130.285389743006249, 33.582195395265245 ], [ 130.285355612530907, 33.582251372890475 ], [ 130.285350559592416, 33.582274386738227 ], [ 130.285326281277861, 33.582314047894336 ], [ 130.285333501578293, 33.582352861596739 ], [ 130.285348352638835, 33.582380899396988 ], [ 130.285383894076318, 33.582382007625576 ], [ 130.285392682478431, 33.582363530967406 ], [ 130.285416339819875, 33.582315610589355 ], [ 130.285456954510693, 33.582275133941771 ], [ 130.285486359963784, 33.58223653109043 ], [ 130.285506122007689, 33.582191562123235 ], [ 130.285517400102492, 33.582130313943836 ], [ 130.28554251855337, 33.582088982406717 ], [ 130.285548622911477, 33.58203358841628 ], [ 130.28556064868971, 33.582004054446365 ], [ 130.285567843079463, 33.581986385783537 ], [ 130.285576003876741, 33.581966343619371 ], [ 130.285598573488954, 33.581954056738731 ], [ 130.285607496111595, 33.581917140153784 ], [ 130.28562165620238, 33.581898286845309 ], [ 130.285650362521778, 33.581944438975434 ], [ 130.285664076509789, 33.581979683409607 ], [ 130.285698033859347, 33.582066186975496 ], [ 130.285709483144018, 33.582090852895682 ], [ 130.285687685586993, 33.582121382995446 ], [ 130.285691771766125, 33.582148456861262 ], [ 130.285668993201114, 33.582167260190836 ], [ 130.285657960573332, 33.582198754727152 ], [ 130.285641657806309, 33.582226747168463 ], [ 130.28562502621881, 33.582273402382178 ], [ 130.285607679084933, 33.582286826844161 ], [ 130.285626647164833, 33.582319231196138 ], [ 130.285619543263152, 33.58236300012198 ], [ 130.28561374242895, 33.58239873398032 ], [ 130.285602180133054, 33.582431062504433 ], [ 130.285646325190783, 33.582434025115731 ], [ 130.285684192295321, 33.582414406194282 ], [ 130.285747786423912, 33.582410266651252 ], [ 130.285762845790799, 33.582413058890346 ], [ 130.285800356029085, 33.582436720217288 ], [ 130.285858896672067, 33.582468679280346 ], [ 130.285922626941414, 33.582502349680276 ], [ 130.285926816598135, 33.582516802153428 ], [ 130.285945812990548, 33.582564699140839 ], [ 130.286004102838405, 33.582681352961167 ], [ 130.286027490294146, 33.582719358864551 ], [ 130.28602428839622, 33.582715735047209 ], [ 130.28600049965857, 33.582726415667786 ], [ 130.285982052537662, 33.582742540363604 ], [ 130.285968316284993, 33.582748175980242 ], [ 130.285950731012377, 33.582752275304642 ], [ 130.285946428573567, 33.582770089531174 ], [ 130.285947194684496, 33.582789223681928 ], [ 130.285914706276998, 33.582809775325735 ], [ 130.285906050599777, 33.58281423350283 ], [ 130.285903747977869, 33.582832253591747 ], [ 130.285892819418592, 33.582851123470618 ], [ 130.285903472986547, 33.582865612318194 ], [ 130.285920641824475, 33.582873826573234 ], [ 130.285938873440273, 33.58288385099118 ], [ 130.28594255808423, 33.582894241249029 ], [ 130.285946243368443, 33.582904633711706 ], [ 130.285957988818552, 33.582917323778446 ], [ 130.285985818699999, 33.582939124904676 ], [ 130.286008405841585, 33.58295321733361 ], [ 130.286038522485626, 33.582949349134175 ], [ 130.286063336269308, 33.58294498460581 ], [ 130.286076330269992, 33.582936946307036 ], [ 130.286107521656675, 33.582928967251434 ], [ 130.286108803827432, 33.582918197988093 ], [ 130.286126217875676, 33.582896660226538 ], [ 130.286139219304061, 33.582887718862452 ], [ 130.286156418544977, 33.582892326902268 ], [ 130.286159538717413, 33.582905870061559 ], [ 130.286165897951093, 33.582918528890104 ], [ 130.286184166746096, 33.582924046226672 ], [ 130.286211112873559, 33.582922397281372 ], [ 130.286245377006878, 33.582947842538353 ], [ 130.286283957197298, 33.582972411342269 ], [ 130.286313837827237, 33.583006847893039 ], [ 130.286322411793748, 33.583012307932087 ], [ 130.286366504564285, 33.583021580120175 ], [ 130.286366445132273, 33.583028794689319 ], [ 130.286378190667108, 33.583041484710769 ], [ 130.286367269600959, 33.583059454868383 ], [ 130.286373629527617, 33.583072114787626 ], [ 130.28638758910904, 33.583077606023792 ], [ 130.286400568258188, 33.583071369407946 ], [ 130.286412298940718, 33.583085863893039 ], [ 130.286440122232705, 33.583108566867949 ], [ 130.286450783362454, 33.583122153701083 ], [ 130.28647547835655, 33.583132215473697 ], [ 130.286489333993217, 33.583150329165257 ], [ 130.286495789812136, 33.583151269663958 ], [ 130.286523754253807, 33.583156839806051 ], [ 130.286535596349665, 33.583157810401346 ], [ 130.286560410172768, 33.583153445771174 ], [ 130.286570172544145, 33.583145387052824 ], [ 130.286581078712743, 33.583129221897373 ], [ 130.286582237389808, 33.583119308792213 ], [ 130.286576947654993, 33.58310755598572 ], [ 130.286592125979183, 33.583095922279924 ], [ 130.286591962616711, 33.583115759865322 ], [ 130.28659607885993, 33.583139225290829 ], [ 130.286605630604726, 33.583163770037814 ], [ 130.286607683361467, 33.583169048097048 ], [ 130.286629065097088, 33.583189008261563 ], [ 130.286676523920136, 33.583182069851091 ], [ 130.28669388592246, 33.583166841873641 ], [ 130.286711732957116, 33.583148206818095 ], [ 130.286729791479729, 33.58312376968702 ], [ 130.286777146334686, 33.583129454256536 ], [ 130.286849263047401, 33.583137085078057 ], [ 130.286896753332002, 33.583142614639641 ], [ 130.286979291366521, 33.58313458260676 ], [ 130.287047544026194, 33.583130117664709 ], [ 130.287156213050622, 33.583115939266143 ], [ 130.287281597366388, 33.583096307355078 ], [ 130.287337748142932, 33.583080401733859 ], [ 130.28739720467766, 33.583055499056293 ], [ 130.287552884668031, 33.582988774332335 ], [ 130.287600491557839, 33.582963804674861 ], [ 130.287663275927656, 33.582927197869019 ], [ 130.287918937599869, 33.582754653359743 ], [ 130.288130123276858, 33.582619271420441 ], [ 130.28842138677939, 33.582440169794651 ], [ 130.288572800585854, 33.582368008917896 ], [ 130.288676328853882, 33.58232990895236 ], [ 130.288830986988131, 33.582272987157324 ], [ 130.288908844682567, 33.582245520949499 ], [ 130.288909840290728, 33.582255443194441 ], [ 130.288921593503289, 33.582267233202472 ], [ 130.288946341006096, 33.582270982434792 ], [ 130.288941876406142, 33.582289892053026 ], [ 130.288942908983586, 33.582295309464044 ], [ 130.288962026154451, 33.582328780075713 ], [ 130.28898342305385, 33.582346937000388 ], [ 130.288979069432287, 33.582352321664153 ], [ 130.288957384000241, 33.582369328412469 ], [ 130.288950765440234, 33.582388225044959 ], [ 130.288935557977226, 33.582403467391622 ], [ 130.288913879937212, 33.582419570525389 ], [ 130.288904162281852, 33.582422219317465 ], [ 130.288886763859324, 33.582441955706805 ], [ 130.288880211852302, 33.582452739674395 ], [ 130.288889534213496, 33.582481915606905 ], [ 130.288922983506723, 33.582491756665284 ], [ 130.288949936813793, 33.582489209030697 ], [ 130.288967253862722, 33.582479389209141 ], [ 130.28897826304916, 33.58245059922664 ], [ 130.289004228146553, 33.582437224078973 ], [ 130.289019088079471, 33.582417536309435 ], [ 130.289034722178997, 33.582411440790722 ], [ 130.289069129102245, 33.58240513829454 ], [ 130.289100346588498, 33.582408023940971 ], [ 130.289133778527827, 33.582403708564051 ], [ 130.289169379218094, 33.582397602246445 ], [ 130.289211583616947, 33.582374402089883 ], [ 130.289216107315923, 33.582348280111276 ], [ 130.289215193020283, 33.582328439645728 ], [ 130.289182353342881, 33.582312018519723 ], [ 130.289145460693106, 33.582292870192617 ], [ 130.289123871463403, 33.582298155927248 ], [ 130.289094867150084, 33.582288069812101 ], [ 130.289067869502844, 33.582296030867695 ], [ 130.289044214432096, 33.582290482866519 ], [ 130.289023716976516, 33.582293970886823 ], [ 130.28902483899634, 33.582288567566167 ], [ 130.289049778164298, 33.582268876343242 ], [ 130.289062705201076, 33.582268950966672 ], [ 130.289084375802929, 33.582253745915686 ], [ 130.289100697157352, 33.582234003286743 ], [ 130.28909551805404, 33.582208726751212 ], [ 130.289105456901922, 33.582179030784744 ], [ 130.289174955721677, 33.582156560545336 ], [ 130.289294497369298, 33.582117914134848 ], [ 130.289624045745825, 33.582011373564235 ], [ 130.289658162449513, 33.582000342414915 ], [ 130.290011438347335, 33.581886129581193 ], [ 130.290004343496918, 33.58187628453409 ], [ 130.29001143834742, 33.581886129581179 ], [ 130.290483729662242, 33.581733438090886 ], [ 130.29050659507638, 33.581723312137626 ], [ 130.290557271965696, 33.581700868112705 ], [ 130.290611872686384, 33.581676685600947 ], [ 130.290628600213779, 33.581669276493692 ], [ 130.290654559928782, 33.581657780395531 ], [ 130.290684847783297, 33.581642628033137 ], [ 130.290684796145143, 33.581648937874519 ], [ 130.290685851625199, 33.581651650500632 ], [ 130.290690086381431, 33.581660691578072 ], [ 130.290696528060835, 33.581663431926223 ], [ 130.290707263512701, 33.581668002103477 ], [ 130.290707182347177, 33.581677920319862 ], [ 130.290707160212747, 33.581680625087863 ], [ 130.290723326113323, 33.581679816200484 ], [ 130.290724321921459, 33.58168974061973 ], [ 130.290721031309744, 33.581696936555858 ], [ 130.290736053192717, 33.581704234663 ], [ 130.290738119242434, 33.58171506834541 ], [ 130.290734850777937, 33.581719557863025 ], [ 130.290741240145223, 33.581728611347543 ], [ 130.290744457633565, 33.581730431674607 ], [ 130.290737080038355, 33.58174716723952 ], [ 130.290744228916054, 33.581758381860013 ], [ 130.29075055926441, 33.581774648241499 ], [ 130.290762401215829, 33.581775618441824 ], [ 130.290769949379211, 33.581774759914907 ], [ 130.290773158818666, 33.581777483844334 ], [ 130.290781688704215, 33.581788352550326 ], [ 130.29079461501135, 33.581788426993668 ], [ 130.290807541976022, 33.581788501439448 ], [ 130.290836649612572, 33.581785964168873 ], [ 130.290847828740681, 33.581777536880608 ], [ 130.290858612947773, 33.581779686951798 ], [ 130.290872718231299, 33.581781364146835 ], [ 130.29088302963018, 33.581779019661383 ], [ 130.290894813244989, 33.581787201098763 ], [ 130.290900147794929, 33.581793543054253 ], [ 130.29091519918731, 33.581797238265992 ], [ 130.290924916717159, 33.581794587673421 ], [ 130.290944343716603, 33.58179019118991 ], [ 130.290964863083161, 33.581783999197263 ], [ 130.290988635504164, 33.581775119384929 ], [ 130.290990878625536, 33.581764310518999 ], [ 130.290992022630604, 33.581756202421126 ], [ 130.290996375433025, 33.581750817142087 ], [ 130.291008247530442, 33.581748182250237 ], [ 130.291024494577982, 33.581737454008149 ], [ 130.291027785137402, 33.581730261367412 ], [ 130.291028935858321, 33.581721251309617 ], [ 130.291031245343333, 33.581702328141162 ], [ 130.291037774851389, 33.581694252148942 ], [ 130.291043183162543, 33.581691576739367 ], [ 130.291049676466457, 33.581688007228486 ], [ 130.2910529965352, 33.581677206213001 ], [ 130.291048738952156, 33.581670870464436 ], [ 130.291042320058523, 33.581665423170577 ], [ 130.291039154856236, 33.581657290263905 ], [ 130.291042430678772, 33.581651898783413 ], [ 130.291048960190523, 33.581643821690207 ], [ 130.291047949579109, 33.581635702288516 ], [ 130.291038305846541, 33.581629333329381 ], [ 130.291039435098952, 33.581623028042678 ], [ 130.291049196178619, 33.581614969554174 ], [ 130.291050347552783, 33.58160595950006 ], [ 130.291047145483361, 33.581602334172189 ], [ 130.291028943001777, 33.581588704352747 ], [ 130.291023586331249, 33.581585067169812 ], [ 130.29101929188522, 33.581583238998554 ], [ 130.291017211036348, 33.581574210335354 ], [ 130.29102695801015, 33.581567956314949 ], [ 130.291026994884305, 33.581563448185769 ], [ 130.29100877030416, 33.581552521479054 ], [ 130.290975434031367, 33.581540775815796 ], [ 130.290943236370737, 33.581530504441645 ], [ 130.290915382826682, 33.581511408691071 ], [ 130.290989121921655, 33.581452323388014 ], [ 130.29100483945885, 33.581438558658334 ], [ 130.291417716643963, 33.581076991239179 ], [ 130.291430561764201, 33.581086983835363 ], [ 130.291442345326487, 33.581095166324907 ], [ 130.29144878631638, 33.581097908282466 ], [ 130.291458452127813, 33.581101572445256 ], [ 130.291463830908583, 33.581102503192646 ], [ 130.29147029400815, 33.581102540382204 ], [ 130.291488629107874, 33.581099940989063 ], [ 130.291496191922732, 33.581097281262061 ], [ 130.291512409294739, 33.581090159689303 ], [ 130.291522199740712, 33.581078494447162 ], [ 130.291525527749002, 33.581066791471379 ], [ 130.291527755367099, 33.581057787608472 ], [ 130.291530035221939, 33.581042472810445 ], [ 130.29152481121173, 33.581022605947062 ], [ 130.291504499070271, 33.581003553716172 ], [ 130.291729156544108, 33.580800168007691 ], [ 130.291980845195354, 33.580585357819629 ], [ 130.292015531870078, 33.580558364709958 ], [ 130.292063231694016, 33.580521670277591 ], [ 130.292108776243111, 33.580484963988248 ], [ 130.292157597092569, 33.580442867835629 ], [ 130.292202087357765, 33.580403448362091 ], [ 130.292277618821373, 33.58033598892451 ], [ 130.292321457167532, 33.580296836432254 ], [ 130.292351825167543, 33.580271764401132 ], [ 130.292384340354431, 33.580247606151843 ], [ 130.292419002727343, 33.580224361682824 ], [ 130.292459058508797, 33.580200247303686 ], [ 130.292498014574932, 33.580178832586292 ], [ 130.29252397102033, 33.580166356529681 ], [ 130.292561805968802, 33.580150344035239 ], [ 130.292614750937986, 33.58013081145878 ], [ 130.292655160463198, 33.580131746958607 ], [ 130.292718149201107, 33.580133208951672 ], [ 130.292801064766394, 33.580137292148123 ], [ 130.292862429355182, 33.580142152955986 ], [ 130.292908720039918, 33.580146025163039 ], [ 130.292972209777901, 33.580154506660179 ], [ 130.293038923706348, 33.580163906433711 ], [ 130.293093787891081, 33.580173238132438 ], [ 130.293173399174179, 33.580186317120805 ], [ 130.293232572515223, 33.580195673495126 ], [ 130.293294977385614, 33.580205048389551 ], [ 130.293317591288087, 33.580206081291223 ], [ 130.293386452532985, 33.580216392992746 ], [ 130.293402839119665, 33.580218317449884 ], [ 130.293451026692907, 33.580223977363381 ], [ 130.293486810873304, 33.580227472061502 ], [ 130.29349204648409, 33.580081116106889 ], [ 130.293493606438915, 33.580022249813752 ], [ 130.293537785161959, 33.579756511668464 ], [ 130.293538483050838, 33.579670857338641 ], [ 130.293530168665768, 33.579620367141466 ], [ 130.293528700726455, 33.579611457070143 ], [ 130.293507858773523, 33.579517326158907 ], [ 130.293503275600017, 33.579496632074047 ], [ 130.293466842010446, 33.579472979309976 ], [ 130.293457410858935, 33.5794417405206 ], [ 130.293446225796231, 33.579427166775417 ], [ 130.293370701772005, 33.579373244139795 ], [ 130.293309222792118, 33.579250266395533 ], [ 130.29329641447714, 33.579235764763446 ], [ 130.293159252359118, 33.579146613443996 ], [ 130.293083116827688, 33.579103798330721 ], [ 130.292994348932723, 33.579024843374135 ], [ 130.292946132290069, 33.578993008078996 ], [ 130.292827970969626, 33.578953891230185 ], [ 130.292807541037746, 33.578947128576381 ], [ 130.292722766371668, 33.578906967923601 ], [ 130.292653327292044, 33.578837153073579 ], [ 130.292653298524982, 33.578837133096236 ], [ 130.292361341774779, 33.57844594218561 ], [ 130.292806912989505, 33.576910257046954 ], [ 130.292816978290887, 33.576073601465893 ], [ 130.293028078686632, 33.575501907792173 ], [ 130.293105075153051, 33.575353011767227 ], [ 130.293060895471172, 33.574960535878546 ], [ 130.293123168854862, 33.574666796494149 ], [ 130.292869993877048, 33.57411885405606 ], [ 130.292636841567258, 33.573644423222717 ], [ 130.292821392239318, 33.573551656052899 ], [ 130.29288328163446, 33.573227413568496 ], [ 130.292944648379972, 33.572967198890353 ], [ 130.293281341386091, 33.572627415481548 ], [ 130.293094553383753, 33.572282796983536 ], [ 130.293236988774339, 33.571987861751225 ], [ 130.293380885230761, 33.571513519257451 ], [ 130.2936581098038, 33.571200442968056 ], [ 130.293866349086613, 33.571029404973288 ], [ 130.293965162481811, 33.570830652948331 ], [ 130.293997758898087, 33.570765083434317 ], [ 130.293952393706718, 33.569985766028346 ], [ 130.294656463116127, 33.568705835572786 ], [ 130.294712235832861, 33.568340978167932 ], [ 130.295213250304101, 33.567576364565717 ], [ 130.295339967223867, 33.567308525677113 ], [ 130.295338721173437, 33.56730661604395 ], [ 130.295102738370474, 33.566942907806997 ], [ 130.295099457631636, 33.566932429363796 ], [ 130.29498827609936, 33.566577992578573 ], [ 130.294992460856747, 33.566461679264506 ], [ 130.295146025039003, 33.566120731988349 ], [ 130.295293032899821, 33.565794364409605 ], [ 130.295294013913747, 33.565792644158428 ], [ 130.295478728925076, 33.565475331668566 ], [ 130.295612773579393, 33.565278645060395 ], [ 130.295854134894796, 33.565067812929648 ], [ 130.295364518730509, 33.564572021069644 ], [ 130.295205966943684, 33.564626377042963 ], [ 130.294605994619729, 33.56482466330759 ], [ 130.294527649474901, 33.564799279103589 ], [ 130.294400832117816, 33.564748714965852 ], [ 130.29431745322151, 33.564680224858662 ], [ 130.294258379530959, 33.564618672576167 ], [ 130.294256517125092, 33.564516659909238 ], [ 130.294280336634017, 33.564247070427918 ], [ 130.294296115615936, 33.564107439160615 ], [ 130.294281564916304, 33.563806562648914 ], [ 130.294273246819131, 33.563608850891988 ], [ 130.294320472367502, 33.563502716200716 ], [ 130.294250046819542, 33.563321418604012 ], [ 130.294104077704162, 33.56326197528346 ], [ 130.294005566649417, 33.563191988623927 ], [ 130.293793829765349, 33.563014704568033 ], [ 130.293518804719923, 33.562833891401972 ], [ 130.293206326668638, 33.562520109197315 ], [ 130.292750791994308, 33.56202253209625 ], [ 130.292664276656183, 33.561879991118801 ], [ 130.292508908100189, 33.56172514468706 ], [ 130.292371600786339, 33.561661628996255 ], [ 130.292241188500469, 33.56165517564132 ], [ 130.292157036728383, 33.561630566560225 ], [ 130.292025559075029, 33.561692859088879 ], [ 130.2918203077285, 33.561624235188894 ], [ 130.2915785931649, 33.561780218366899 ], [ 130.291271362542375, 33.561876015672929 ], [ 130.291128538078851, 33.561972760055831 ], [ 130.290879354066874, 33.562007855304444 ], [ 130.290709889582047, 33.562079857753815 ], [ 130.290630093292577, 33.562196476732147 ], [ 130.290599121106993, 33.562289951247919 ], [ 130.290688567240551, 33.562392712798413 ], [ 130.290739840797869, 33.562481624879844 ], [ 130.290630946384852, 33.562585922510884 ], [ 130.290418727080521, 33.562844038152136 ], [ 130.290265473132081, 33.562991333258687 ], [ 130.290209131770382, 33.563018023506928 ], [ 130.290079863315128, 33.562958989360432 ], [ 130.289998435469897, 33.562956089648864 ], [ 130.289932050472629, 33.563006884921457 ], [ 130.289930383243302, 33.563015328998247 ], [ 130.289801578719448, 33.563197774041306 ], [ 130.289730414586415, 33.56335952402565 ], [ 130.289745144899939, 33.563410116152319 ], [ 130.289784471587694, 33.563468034962909 ], [ 130.289845325806738, 33.563537805781728 ], [ 130.289881202725297, 33.563626383040692 ], [ 130.289877355521128, 33.563705716180536 ], [ 130.289836328134186, 33.563845238281459 ], [ 130.289832724631339, 33.563894809154036 ], [ 130.289862551800752, 33.56393104741332 ], [ 130.289933105528121, 33.563998160346223 ], [ 130.289992799101611, 33.56407606333714 ], [ 130.290024430260445, 33.564159189874459 ], [ 130.290007832151019, 33.564213194326683 ], [ 130.289964537716656, 33.564239080547189 ], [ 130.289846051508135, 33.564240229156582 ], [ 130.289703904314649, 33.564233072323475 ], [ 130.289538084057938, 33.564229439855254 ], [ 130.289428941250236, 33.564271184317612 ], [ 130.289390458567567, 33.564295159750614 ], [ 130.289300159015539, 33.56434796420929 ], [ 130.289240509352055, 33.564398126878046 ], [ 130.289165095393855, 33.564533857956043 ], [ 130.289134881065536, 33.564668017856341 ], [ 130.289131025894392, 33.564748230817905 ], [ 130.289164965902273, 33.564826862482242 ], [ 130.289172842521879, 33.564902669379329 ], [ 130.289125771111259, 33.564988972090205 ], [ 130.289028995283218, 33.565061746821193 ], [ 130.288887503133054, 33.565148982928086 ], [ 130.288863533202459, 33.565188505016692 ], [ 130.288874767059951, 33.565255314611129 ], [ 130.288855967606764, 33.565321033141963 ], [ 130.288723847279812, 33.565486408539144 ], [ 130.288629699720133, 33.565587517547023 ], [ 130.288571245748642, 33.565625041667424 ], [ 130.288511875953446, 33.565640937930013 ], [ 130.288441192106916, 33.56563066776301 ], [ 130.288229677892588, 33.565647408795741 ], [ 130.28817661543772, 33.565674152546215 ], [ 130.288123383246699, 33.565731573531195 ], [ 130.288091291187101, 33.565796970265453 ], [ 130.288073369736367, 33.565919718477588 ], [ 130.288029072189886, 33.56602667567671 ], [ 130.287938086318832, 33.566131744274074 ], [ 130.287817749214042, 33.566224808444453 ], [ 130.287729930115233, 33.566292841858655 ], [ 130.287676986316313, 33.566315077704502 ], [ 130.287518519308406, 33.566337584038443 ], [ 130.287420337036679, 33.566355968094456 ], [ 130.287259511638041, 33.566399204085627 ], [ 130.287125677818096, 33.566424600576113 ], [ 130.287067219613078, 33.566441944293231 ], [ 130.286988847676099, 33.566435504240516 ], [ 130.286850959023184, 33.566432029191652 ], [ 130.286674378084314, 33.566426499838734 ], [ 130.286458800096682, 33.566445964100353 ], [ 130.286247335408433, 33.566487145800565 ], [ 130.286043264343135, 33.566549961019341 ], [ 130.285898770021305, 33.56661280381315 ], [ 130.2858508867333, 33.56663362513828 ], [ 130.285760023001501, 33.566682690350376 ], [ 130.285605198585699, 33.566773757690527 ], [ 130.285329206737998, 33.566680194872433 ], [ 130.284562718911616, 33.566658672143838 ], [ 130.284409858096609, 33.566654404656539 ], [ 130.28408882700802, 33.566645391222629 ], [ 130.284192182712445, 33.566856683337299 ], [ 130.284417567959821, 33.567239293417131 ], [ 130.284154275927733, 33.567309935029193 ], [ 130.283992968769951, 33.567268671656997 ], [ 130.283984137481696, 33.567064336985659 ], [ 130.283786256933922, 33.567070338625065 ], [ 130.283731916100862, 33.56709872843593 ], [ 130.283547202822234, 33.567099770048443 ], [ 130.283444033186612, 33.56710033390705 ], [ 130.282789924391153, 33.567103967547595 ], [ 130.282765600385176, 33.567551942459588 ], [ 130.282338701866564, 33.567594436919194 ], [ 130.282328768687563, 33.567523831866062 ], [ 130.282199582467001, 33.56732284865349 ], [ 130.281657992173649, 33.567487137353858 ], [ 130.281648211818805, 33.567489372547215 ], [ 130.281605547057211, 33.567479508840265 ], [ 130.281159394590958, 33.567296894841327 ], [ 130.281072336484726, 33.567302834280206 ], [ 130.280809854102245, 33.567359830268025 ], [ 130.280805695754907, 33.56736073278983 ], [ 130.280610086076507, 33.567387029928717 ], [ 130.280608217247106, 33.567419632110905 ], [ 130.280475562041431, 33.567383604109921 ], [ 130.280215455226084, 33.567272865652868 ], [ 130.280024749727204, 33.567205187037786 ], [ 130.279821163407718, 33.567148420841704 ], [ 130.27949893022722, 33.567071305571233 ], [ 130.279507902801384, 33.567378697712847 ], [ 130.27942403325801, 33.567840979536037 ], [ 130.279282374728666, 33.567845328191758 ], [ 130.27922005112643, 33.568155297171863 ], [ 130.279148365939164, 33.568356414056453 ], [ 130.279106723767569, 33.568415622350003 ], [ 130.278925712170746, 33.568608564223503 ], [ 130.278761925854269, 33.568764095494323 ], [ 130.278720383355363, 33.568750714144279 ], [ 130.278557808048902, 33.568811117886462 ], [ 130.278244062814963, 33.568926571236318 ], [ 130.277654227167716, 33.569344082014027 ], [ 130.277592729011957, 33.569372497660581 ], [ 130.277591214638619, 33.568878092217837 ], [ 130.27730098191293, 33.568878327927528 ], [ 130.276898659824781, 33.568878683868526 ], [ 130.276804916655379, 33.568878767451608 ], [ 130.276689227014487, 33.569118684623135 ], [ 130.276525158704459, 33.569337468303956 ], [ 130.276191018561889, 33.569768094243308 ], [ 130.275882303693521, 33.570186892534018 ], [ 130.275549951986051, 33.570523521663972 ], [ 130.275333007047095, 33.570453530273205 ], [ 130.275203730540937, 33.570385605308374 ], [ 130.274987217524171, 33.570234046012338 ], [ 130.274934512765071, 33.570166850398394 ], [ 130.274853739058557, 33.570135312034601 ], [ 130.274934512765071, 33.57016685039838 ], [ 130.274946758624878, 33.570171645253552 ], [ 130.274674742874453, 33.569905185064833 ], [ 130.274418875924937, 33.569539636054408 ], [ 130.274391156505544, 33.569389474799387 ], [ 130.274324461837665, 33.569396680497043 ], [ 130.274293366565047, 33.569251330157137 ], [ 130.274288141883432, 33.569236133461416 ], [ 130.274360795782258, 33.569224945418163 ], [ 130.274298016298729, 33.568878319566238 ], [ 130.274337468089954, 33.568871081925764 ], [ 130.27432232467072, 33.568750186801864 ], [ 130.274262513595204, 33.568687598909158 ], [ 130.274242219464952, 33.568538705748551 ], [ 130.274266326195971, 33.568493764533322 ], [ 130.274247053985562, 33.568383584240301 ], [ 130.27426795917313, 33.568198549424451 ], [ 130.274242895933952, 33.568086403415883 ], [ 130.273757443444111, 33.568151215086239 ], [ 130.2736732794381, 33.568184626129032 ], [ 130.273671277711742, 33.568185712255357 ], [ 130.273469248342622, 33.568054831936337 ], [ 130.273368501108592, 33.568037332690515 ], [ 130.272727227609892, 33.567764220924325 ], [ 130.272677719634089, 33.567477194352705 ], [ 130.272637405754438, 33.567337939989514 ], [ 130.27249340424396, 33.567180673981937 ], [ 130.272392286716439, 33.566867278803393 ], [ 130.272259366987953, 33.56662321948167 ], [ 130.272198052224667, 33.566509904620844 ], [ 130.272199367277636, 33.566353494474967 ], [ 130.272200332015672, 33.56623874934435 ], [ 130.272201923901605, 33.566049410216195 ], [ 130.272098981431299, 33.565953215757624 ], [ 130.272084858174935, 33.565951650333695 ], [ 130.272016006617889, 33.565944022923844 ], [ 130.27193288542918, 33.565952234986661 ], [ 130.271724651950649, 33.566029193668243 ], [ 130.271516489618705, 33.566097490773913 ], [ 130.271351419476815, 33.565974861705577 ], [ 130.270733534324279, 33.565406437514611 ], [ 130.270309856106394, 33.56517802398583 ], [ 130.270123726001486, 33.565098695758394 ], [ 130.26955232687925, 33.563939709786617 ], [ 130.269408120108324, 33.563808501223313 ], [ 130.269273307797448, 33.563790337857149 ], [ 130.269186494581874, 33.563767952743007 ], [ 130.269039193370901, 33.563525110486928 ], [ 130.268697067709269, 33.563007762284634 ], [ 130.268466065776096, 33.562623645600155 ], [ 130.26837385214148, 33.562523704757815 ], [ 130.268283932720408, 33.562520282572521 ], [ 130.268045722076778, 33.562541022390114 ], [ 130.267750466605179, 33.562670608788672 ], [ 130.267655397792993, 33.562679237480118 ], [ 130.267486444557818, 33.562599445658591 ], [ 130.267336607987801, 33.562577315602987 ], [ 130.267235024707333, 33.562629861661158 ], [ 130.267124670205845, 33.562764137071504 ], [ 130.266810686624183, 33.562829790456455 ], [ 130.266719472846518, 33.562790611747573 ], [ 130.266616703086754, 33.562685392533794 ], [ 130.266526701499771, 33.562622306930436 ], [ 130.266380078020177, 33.56257860600445 ], [ 130.2663639033143, 33.562640390900476 ], [ 130.266297699955118, 33.562688073162938 ], [ 130.266230551225107, 33.562985855807163 ], [ 130.266230551225107, 33.56298585580717 ], [ 130.266171778546436, 33.563010584534801 ], [ 130.265957316023247, 33.562473770508369 ], [ 130.26591092008772, 33.562319368304436 ], [ 130.265887681095364, 33.562182502563509 ], [ 130.265887100254531, 33.561943806873288 ], [ 130.265972266352634, 33.561634825122347 ], [ 130.266138824514513, 33.561271346388658 ], [ 130.266336547237415, 33.560774390481662 ], [ 130.266375973131119, 33.560639236370804 ], [ 130.26639044941723, 33.560509319380202 ], [ 130.266333490110156, 33.560319843815421 ], [ 130.266312375296849, 33.560189961653734 ], [ 130.266326598377475, 33.560000415861154 ], [ 130.266342358994876, 33.559579193572588 ], [ 130.266310686908326, 33.559414240373037 ], [ 130.266262326850352, 33.559312479846213 ], [ 130.266255856874977, 33.55923175122448 ], [ 130.26630371115894, 33.559064945391967 ], [ 130.266282428047674, 33.558935097977589 ], [ 130.266160589213172, 33.558677258870127 ], [ 130.266093158082072, 33.558482507585438 ], [ 130.266074088471328, 33.558329814738919 ], [ 130.266029647519872, 33.558092935860685 ], [ 130.265974986475982, 33.557999977703581 ], [ 130.265801122524209, 33.557865032991828 ], [ 130.265142970083502, 33.557302364520183 ], [ 130.265041830896422, 33.557223607189151 ], [ 130.264856476573868, 33.557134447996106 ], [ 130.264659859598652, 33.557063748847106 ], [ 130.264681964511794, 33.55690749847156 ], [ 130.264728853050542, 33.556675988864036 ], [ 130.264639617042462, 33.556662318316334 ], [ 130.264369460270416, 33.556532748882937 ], [ 130.264122293635097, 33.556390848544538 ], [ 130.263802154644679, 33.556361360147903 ], [ 130.263668307144769, 33.556389583258181 ], [ 130.263571958081684, 33.556430954894161 ], [ 130.263309659962516, 33.556515752183451 ], [ 130.263113411620651, 33.556649794725672 ], [ 130.262898913419519, 33.556743292313698 ], [ 130.262738177237196, 33.556757405855812 ], [ 130.262399135377194, 33.556754288264969 ], [ 130.262089552436493, 33.556730035506313 ], [ 130.261675161284984, 33.556683107902899 ], [ 130.261484696612342, 33.556641181640501 ], [ 130.261380057537139, 33.556588637472558 ], [ 130.261067933539465, 33.556408197926615 ], [ 130.260797616837465, 33.556218955204123 ], [ 130.260602817369431, 33.556103317846087 ], [ 130.26022164659949, 33.55590013241023 ], [ 130.260010159226226, 33.555758185778402 ], [ 130.259899136116076, 33.555714443680628 ], [ 130.259606157763017, 33.55568665019058 ], [ 130.259430339582053, 33.555634204212623 ], [ 130.259229322609542, 33.555557197953256 ], [ 130.259089092415309, 33.555534514268466 ], [ 130.25890083942619, 33.555529436891142 ], [ 130.258658963189532, 33.555498216110244 ], [ 130.258202106641562, 33.555369862916336 ], [ 130.258065688515359, 33.555295109171951 ], [ 130.258009999439736, 33.555274381241865 ], [ 130.257835299586418, 33.555209364936445 ], [ 130.257766332630666, 33.555216450746244 ], [ 130.257665914941242, 33.555260893395584 ], [ 130.257492494152956, 33.555371179497456 ], [ 130.257262676559947, 33.55549426154019 ], [ 130.257101203597358, 33.555643715033497 ], [ 130.257032933819772, 33.555706877012469 ], [ 130.25697304036521, 33.555774386526409 ], [ 130.256780446267811, 33.55599145237597 ], [ 130.25652976029005, 33.556163716514703 ], [ 130.256377410678567, 33.556367465067567 ], [ 130.256239710038585, 33.556530832796078 ], [ 130.25618639012194, 33.556577352979986 ], [ 130.255943787141888, 33.556728778180997 ], [ 130.255779736826696, 33.55668749424327 ], [ 130.25572328326939, 33.556706840961482 ], [ 130.25555817328069, 33.556808826651292 ], [ 130.255207250910104, 33.55709174248851 ], [ 130.25522630609467, 33.55721460397298 ], [ 130.255218199473006, 33.557335679608457 ], [ 130.255151591956263, 33.557498982259958 ], [ 130.2550326232072, 33.557636010750628 ], [ 130.254905151788535, 33.55768528774918 ], [ 130.254773345992533, 33.557690652249626 ], [ 130.254398788848533, 33.557687533812278 ], [ 130.254145571072144, 33.557643908417958 ], [ 130.253957153819272, 33.557579156504872 ], [ 130.253850304922452, 33.557519583380582 ], [ 130.253758107339905, 33.557419631203686 ], [ 130.253655513919739, 33.557374100582805 ], [ 130.253328988944105, 33.557323548977152 ], [ 130.253079867792962, 33.557234264244627 ], [ 130.252922947934678, 33.557215137471779 ], [ 130.252791221010284, 33.557250365729871 ], [ 130.252743440927418, 33.55726881383076 ], [ 130.252663749849262, 33.557299603744532 ], [ 130.252516005929692, 33.557328609452739 ], [ 130.25219877664253, 33.557273460699975 ], [ 130.252037103688309, 33.557200486562827 ], [ 130.251957230912723, 33.557164462748844 ], [ 130.251746303497924, 33.557027155811809 ], [ 130.2515977881298, 33.556843208605777 ], [ 130.251581551821033, 33.556745442610442 ], [ 130.251494228568134, 33.556656331310748 ], [ 130.250709313975449, 33.556461287680683 ], [ 130.250629846928405, 33.556417481572666 ], [ 130.250325169590582, 33.556176018238084 ], [ 130.250148677631103, 33.556075477078835 ], [ 130.249970379293075, 33.556028393813769 ], [ 130.24981737848185, 33.556023303797254 ], [ 130.24973991847142, 33.556039418716615 ], [ 130.249637469970253, 33.556094300741904 ], [ 130.249529039301393, 33.556237869463011 ], [ 130.249448894943185, 33.556340434486764 ], [ 130.249373879621743, 33.556472618020642 ], [ 130.249335517136103, 33.55654025452337 ], [ 130.249168692884268, 33.557004816271821 ], [ 130.249009368628236, 33.557108060855306 ], [ 130.248925673956649, 33.557299925090803 ], [ 130.248744204113478, 33.557521692699837 ], [ 130.248593789350195, 33.557567510998901 ], [ 130.248324013788533, 33.557532013374207 ], [ 130.248164191027001, 33.557546885960768 ], [ 130.248133313413916, 33.557546766699609 ], [ 130.247828072406918, 33.55754549789151 ], [ 130.247614382414326, 33.557572472929195 ], [ 130.2473161482107, 33.557695887806489 ], [ 130.246993183584664, 33.557809006794884 ], [ 130.246788289510789, 33.557860440696416 ], [ 130.246589999085046, 33.557829568503386 ], [ 130.24618691243802, 33.557790321896228 ], [ 130.245913715820961, 33.55783030824783 ], [ 130.245909845381675, 33.557714165622087 ], [ 130.245754968163993, 33.557654255623682 ], [ 130.245719158437055, 33.55758288713178 ], [ 130.245641299259546, 33.557790243965037 ], [ 130.245101195783434, 33.557620756505962 ], [ 130.244926415508615, 33.557566497718817 ], [ 130.244594751231602, 33.557547763756162 ], [ 130.244574720863653, 33.5573936206886 ], [ 130.244086641911707, 33.557114841464546 ], [ 130.243353936003217, 33.55684195124401 ], [ 130.242915459133343, 33.556732215253248 ], [ 130.242903286105786, 33.556729182815843 ], [ 130.242751445518053, 33.556697751490049 ], [ 130.242818277131363, 33.55657744567835 ], [ 130.242900682283221, 33.556429101543756 ], [ 130.24296371267954, 33.556315636730503 ], [ 130.243030134532347, 33.556196065546594 ], [ 130.243049505003455, 33.556161196502309 ], [ 130.243150431922516, 33.555979509222048 ], [ 130.243164028869927, 33.555955032468574 ], [ 130.243238136064747, 33.555811754054368 ], [ 130.242803945651389, 33.555702889561907 ], [ 130.242567528465173, 33.555616269589535 ], [ 130.242455382292206, 33.555596558792061 ], [ 130.242216834193869, 33.555515118470538 ], [ 130.242267819492781, 33.555379526527418 ], [ 130.242314128145239, 33.555256369174536 ], [ 130.24237740010912, 33.555088094368806 ], [ 130.242539852250417, 33.554656050296543 ], [ 130.242557128547475, 33.554650747177497 ], [ 130.242549258466425, 33.554627029148307 ], [ 130.242527747003834, 33.554562206145114 ], [ 130.242529514854539, 33.554482872849547 ], [ 130.24255231150849, 33.554412859359481 ], [ 130.242599997278688, 33.554308545719643 ], [ 130.242656884810373, 33.554184101009945 ], [ 130.242669116629457, 33.554157341963311 ], [ 130.242740434171282, 33.553998846227849 ], [ 130.242815170500137, 33.553832751238154 ], [ 130.242871436781655, 33.553746753983283 ], [ 130.242892335201475, 33.553714811452835 ], [ 130.242957806269914, 33.553653302537349 ], [ 130.243000108469289, 33.55361839952046 ], [ 130.242967009079791, 33.553609653238112 ], [ 130.242815878808386, 33.553569720392261 ], [ 130.24266739140711, 33.553530484409393 ], [ 130.242345414364252, 33.553445408863205 ], [ 130.242067487746056, 33.553371969713915 ], [ 130.241986937106134, 33.55335068523005 ], [ 130.241939612110286, 33.553344082015812 ], [ 130.241898865046778, 33.553323996500531 ], [ 130.241903224277365, 33.55329412158725 ], [ 130.241906882210543, 33.553269044992049 ], [ 130.241847443891658, 33.553107532167147 ], [ 130.241843764427216, 33.553097346344664 ], [ 130.241832736223728, 33.553067430602589 ], [ 130.241803787439608, 33.552988904394688 ], [ 130.241797099178285, 33.552927903574329 ], [ 130.241791815517104, 33.552879733106771 ], [ 130.241750857109992, 33.552883988784274 ], [ 130.241676900133541, 33.552596816515155 ], [ 130.241629236400826, 33.552505456701795 ], [ 130.241539972555898, 33.55244586740271 ], [ 130.241394763727243, 33.552348930755166 ], [ 130.241341495087994, 33.552318374263827 ], [ 130.241256537405121, 33.552269638174693 ], [ 130.24125031729605, 33.55226560400871 ], [ 130.241234929425616, 33.552255625529128 ], [ 130.24118386075466, 33.552222505448725 ], [ 130.241152668082066, 33.55220227515116 ], [ 130.241046683729905, 33.552130393073007 ], [ 130.240991097778704, 33.55208316702732 ], [ 130.240938821457206, 33.552026941797415 ], [ 130.240912238991967, 33.551988009537482 ], [ 130.240891983594651, 33.55196444080088 ], [ 130.24084604223566, 33.551922682116356 ], [ 130.240762621168585, 33.55190364283731 ], [ 130.24073641930886, 33.551897661621737 ], [ 130.240684850291842, 33.551883818964193 ], [ 130.24066125745793, 33.551876218863953 ], [ 130.24064821440723, 33.551872018197322 ], [ 130.240584981910416, 33.551851645632091 ], [ 130.240556075241216, 33.551874704054896 ], [ 130.240370333533491, 33.552055857494352 ], [ 130.240302536790011, 33.552121933920745 ], [ 130.240008282987873, 33.552349290818015 ], [ 130.239899370634163, 33.552470375019098 ], [ 130.239738709778152, 33.552698379694206 ], [ 130.239658643831262, 33.552772411013166 ], [ 130.239630198560434, 33.552773432664388 ], [ 130.239351237287451, 33.552646185342674 ], [ 130.238932360103036, 33.552519621122002 ], [ 130.238926010182297, 33.552533844185007 ], [ 130.238179512615545, 33.553919519625666 ], [ 130.238061918418367, 33.554061254904639 ], [ 130.237625072638309, 33.554452977077077 ], [ 130.237624531402844, 33.554453460741179 ], [ 130.237630652998888, 33.554458306174624 ], [ 130.237733601453158, 33.554539783941962 ], [ 130.237204258944473, 33.554862205100257 ], [ 130.237126855393029, 33.554909350296711 ], [ 130.23710344098248, 33.55493079837921 ], [ 130.236957848671665, 33.555089333258408 ], [ 130.236921068130926, 33.555129326105572 ], [ 130.236814294440023, 33.555245592321839 ], [ 130.23676154501095, 33.555303058781156 ], [ 130.236710323022407, 33.555358880473271 ], [ 130.236442325877562, 33.555650665030555 ], [ 130.236473927876318, 33.555712000166288 ], [ 130.236500647077605, 33.555763938790186 ], [ 130.23652860758483, 33.555818316372054 ], [ 130.23652691866684, 33.555821879550152 ], [ 130.23680409800923, 33.55590808330625 ], [ 130.236353294300244, 33.556842964032441 ], [ 130.236490555136186, 33.556909636042505 ], [ 130.236020447893935, 33.557832664599758 ], [ 130.238194953734904, 33.558587412073514 ], [ 130.238843530095096, 33.558772853112792 ], [ 130.239176418158365, 33.55886367207858 ], [ 130.239195589791336, 33.5588938336493 ], [ 130.239076942016936, 33.559039998841996 ], [ 130.238999021820348, 33.559233645807005 ], [ 130.238880961372331, 33.559466667044404 ], [ 130.238777066115915, 33.559801910169902 ], [ 130.238690150777046, 33.560090702458531 ], [ 130.238569446399623, 33.560404498355268 ], [ 130.238489177161057, 33.560491378841689 ], [ 130.238402852373895, 33.560654244858043 ], [ 130.238212682254982, 33.561013026058582 ], [ 130.238171889288196, 33.56113646120864 ], [ 130.238024527617114, 33.56149647771165 ], [ 130.238049341872141, 33.561506808542113 ], [ 130.239036749890062, 33.561902913365294 ], [ 130.239046191527478, 33.561929459876353 ], [ 130.238578454057404, 33.562848765144928 ], [ 130.238546518009343, 33.562911579661566 ], [ 130.237840995392389, 33.56429838694109 ], [ 130.237676129007838, 33.564617458424763 ], [ 130.237203528122222, 33.565531768932971 ], [ 130.236751460532048, 33.566406475005238 ], [ 130.236806533659944, 33.56649681061095 ], [ 130.236928472009083, 33.56653300156951 ], [ 130.237838739586863, 33.566826807495197 ], [ 130.23875600978144, 33.567061795128396 ], [ 130.238393615045567, 33.567634260421407 ], [ 130.238374416201964, 33.567664538820004 ], [ 130.238162445377185, 33.567981382155338 ], [ 130.238163034043055, 33.567981420479477 ], [ 130.23822682095664, 33.56799981515119 ], [ 130.238241845235166, 33.56800413388283 ], [ 130.238929486957602, 33.568202399157833 ], [ 130.238932591678292, 33.568203300596664 ], [ 130.239091808518452, 33.56824923030706 ], [ 130.239115812118257, 33.56825614162662 ], [ 130.239402856034815, 33.568338894196422 ], [ 130.239615200491443, 33.568400121984915 ], [ 130.23976023315339, 33.56844194704972 ], [ 130.239571712419689, 33.568943956398854 ], [ 130.239549673732341, 33.568990912454467 ], [ 130.239491876600312, 33.5691141475344 ], [ 130.239473045452002, 33.569160100920854 ], [ 130.239470517425104, 33.569294454967036 ], [ 130.239415615791899, 33.569384951250775 ], [ 130.239402149255312, 33.56939497759609 ], [ 130.239363101953643, 33.569424074389843 ], [ 130.23926033883663, 33.56964660280314 ], [ 130.239167845782475, 33.569916392477381 ], [ 130.239134058586728, 33.570036360215589 ], [ 130.239007615367143, 33.570291461537821 ], [ 130.238986075597666, 33.570339194393156 ], [ 130.239364756436942, 33.570498770043663 ], [ 130.239532239410011, 33.570552392751807 ], [ 130.239547175313021, 33.570557170229009 ], [ 130.239682041456746, 33.570607209009864 ], [ 130.239856244769726, 33.57063343461445 ], [ 130.240022642075388, 33.570638373573509 ], [ 130.240030802205666, 33.570638600705976 ], [ 130.240104140561471, 33.570661843273136 ], [ 130.240541994404708, 33.57080050498147 ], [ 130.240684378592334, 33.570464137205306 ], [ 130.240541994404708, 33.570800504981477 ], [ 130.240542749504584, 33.5708007567507 ], [ 130.241002451978972, 33.570933283988374 ], [ 130.240980033662169, 33.570985238299151 ], [ 130.241510959386119, 33.571123484539839 ], [ 130.241990250035968, 33.5712390468968 ], [ 130.241510959386062, 33.571123484539839 ], [ 130.24098003366214, 33.570985238299151 ], [ 130.240756946488005, 33.571360800864674 ], [ 130.240599793967647, 33.571634806169726 ], [ 130.240553382154189, 33.571735957658078 ], [ 130.240488165650618, 33.571774615377926 ], [ 130.240527912678971, 33.57182875015512 ], [ 130.240529910410771, 33.571840807202697 ], [ 130.240539826290416, 33.571899724399223 ], [ 130.240406355525749, 33.572188738872832 ], [ 130.240394174275735, 33.572215115029771 ], [ 130.240264519212275, 33.572500665486125 ], [ 130.240119697865993, 33.572778901081826 ], [ 130.240408556904043, 33.572867049172181 ], [ 130.240713866308823, 33.57296023031671 ], [ 130.240825615715949, 33.573007836991863 ], [ 130.240969725560177, 33.573069238421226 ], [ 130.240599271187023, 33.57391642351655 ], [ 130.240589348108813, 33.573934854111037 ], [ 130.240553592899886, 33.574001027058998 ], [ 130.240359423320371, 33.574474824986481 ], [ 130.240169962287609, 33.574872363400175 ], [ 130.240190786331794, 33.574877458369201 ], [ 130.240079575272603, 33.575151217326471 ], [ 130.239957713400798, 33.575411316463594 ] ], [ [ 130.217578123383561, 33.584252896994549 ], [ 130.217763780742331, 33.5843369491554 ], [ 130.217578123383561, 33.584252896994563 ], [ 130.217039881294937, 33.583874518790978 ], [ 130.217578123383561, 33.584252896994549 ] ], [ [ 130.218304641945252, 33.584481155803488 ], [ 130.218864906507349, 33.584648551187584 ], [ 130.218916909944426, 33.584700884659547 ], [ 130.218864906507349, 33.584648551187591 ], [ 130.218304641945252, 33.584481155803495 ], [ 130.217763780742331, 33.5843369491554 ], [ 130.218304641945252, 33.584481155803488 ] ], [ [ 130.26124643494984, 33.574836892145079 ], [ 130.261185389400111, 33.574663379022248 ], [ 130.261090078257268, 33.574304857846158 ], [ 130.261185389400111, 33.574663379022233 ], [ 130.26124643494984, 33.574836892145065 ], [ 130.261300765594029, 33.574840739322198 ], [ 130.26124643494984, 33.574836892145079 ] ], [ [ 130.282919784627893, 33.580209120724433 ], [ 130.282922252476908, 33.580206027456931 ], [ 130.282919784627893, 33.58020912072444 ], [ 130.282853141230447, 33.580268541204376 ], [ 130.282919784627893, 33.580209120724433 ] ], [ [ 130.239021344290933, 33.587378836329698 ], [ 130.238844236858597, 33.58715126889183 ], [ 130.23902134429099, 33.587378836329684 ], [ 130.239289558226716, 33.587775112079711 ], [ 130.239021344290933, 33.587378836329698 ] ], [ [ 130.238583821918354, 33.586181742059338 ], [ 130.238617270184818, 33.586015695840523 ], [ 130.238583821918411, 33.586181742059352 ], [ 130.238575588820055, 33.586372272815851 ], [ 130.238583821918354, 33.586181742059338 ] ], [ [ 130.238826965599628, 33.58481535440901 ], [ 130.238836361993805, 33.584607112837581 ], [ 130.238826965599628, 33.584815354409024 ], [ 130.23880921440923, 33.584997374286232 ], [ 130.238826965599628, 33.58481535440901 ] ], [ [ 130.238818990113828, 33.584370776267875 ], [ 130.238804525003388, 33.584244523324656 ], [ 130.238818990113828, 33.584370776267868 ], [ 130.238836361993805, 33.584607112837581 ], [ 130.238818990113828, 33.584370776267875 ] ], [ [ 130.240366007432272, 33.580692628451736 ], [ 130.240548241016654, 33.580332555586644 ], [ 130.2403660074323, 33.580692628451743 ], [ 130.240366007432272, 33.580692628451736 ] ], [ [ 130.244731176132035, 33.573677017670398 ], [ 130.244946003948513, 33.573196367413864 ], [ 130.244731176132035, 33.573677017670413 ], [ 130.244722206534817, 33.573696092609111 ], [ 130.244731176132035, 33.573677017670398 ] ], [ [ 130.243804187600887, 33.572814377731767 ], [ 130.244883895685263, 33.573177916618405 ], [ 130.244883895685263, 33.57317791661842 ], [ 130.243804187600887, 33.572814377731767 ] ], [ [ 130.245025806637045, 33.572815595128766 ], [ 130.245095886310651, 33.572636668830441 ], [ 130.245025806637045, 33.572815595128773 ], [ 130.245011911023056, 33.572851072866712 ], [ 130.245025806637045, 33.572815595128766 ] ], [ [ 130.245107738392704, 33.572610012902537 ], [ 130.245485035232463, 33.572709820457384 ], [ 130.245107738392733, 33.572610012902551 ], [ 130.245095886310651, 33.572636668830441 ], [ 130.245107738392704, 33.572610012902537 ] ], [ [ 130.248383106649698, 33.571665401247429 ], [ 130.248425689982611, 33.571684401619486 ], [ 130.248383106649698, 33.571665401247436 ], [ 130.247973522845655, 33.571503519100482 ], [ 130.248383106649698, 33.571665401247429 ] ], [ [ 130.249061729132251, 33.572010422689488 ], [ 130.249501579946724, 33.572321118161362 ], [ 130.249061729132222, 33.572010422689488 ], [ 130.248978483563775, 33.571958265543451 ], [ 130.249061729132251, 33.572010422689488 ] ], [ [ 130.249704871377219, 33.57250730758048 ], [ 130.249847023811867, 33.572669665018289 ], [ 130.249704871377219, 33.572507307580494 ], [ 130.249501579946724, 33.572321118161362 ], [ 130.249704871377219, 33.57250730758048 ] ], [ [ 130.253307504112769, 33.564220163383368 ], [ 130.253104783633404, 33.564260246559925 ], [ 130.25330750411274, 33.564220163383361 ], [ 130.253420198149172, 33.564207605352529 ], [ 130.253307504112769, 33.564220163383368 ] ], [ [ 130.252797825851445, 33.56447470732703 ], [ 130.252736620086523, 33.564491104444237 ], [ 130.252797825851417, 33.564474707327022 ], [ 130.25288289339133, 33.564352150263886 ], [ 130.252797825851445, 33.56447470732703 ] ], [ [ 130.251806114526602, 33.564559891132014 ], [ 130.25163748822672, 33.564443338172914 ], [ 130.251806114526602, 33.564559891131999 ], [ 130.251945226528164, 33.564606102635011 ], [ 130.251806114526602, 33.564559891132014 ] ], [ [ 130.251970642366842, 33.563682585573801 ], [ 130.252042213226105, 33.563623867909705 ], [ 130.251970642366842, 33.563682585573808 ], [ 130.251869383809748, 33.563812638964379 ], [ 130.251970642366842, 33.563682585573801 ] ], [ [ 130.252460168115931, 33.562489601441307 ], [ 130.252440504851421, 33.562398996626477 ], [ 130.252440504851421, 33.56239899662647 ], [ 130.252460168115931, 33.5624896014413 ], [ 130.252547397325515, 33.562648238649224 ], [ 130.252460168115931, 33.562489601441307 ] ], [ [ 130.252449587206172, 33.56233160412576 ], [ 130.252597875191896, 33.562124070135695 ], [ 130.252449587206172, 33.562331604125767 ], [ 130.252445046028811, 33.562365300376122 ], [ 130.252449587206172, 33.56233160412576 ] ], [ [ 130.252674988435643, 33.561737154346858 ], [ 130.252700167462194, 33.561854685816115 ], [ 130.252700167462194, 33.561854685816122 ], [ 130.252674988435643, 33.561737154346858 ] ], [ [ 130.252404841585047, 33.561316827282461 ], [ 130.25225756487805, 33.561329947375114 ], [ 130.25240484158499, 33.561316827282454 ], [ 130.252582781860411, 33.561289838349644 ], [ 130.252404841585047, 33.561316827282461 ] ], [ [ 130.251860252918334, 33.561260854118458 ], [ 130.251833479988704, 33.56122765301356 ], [ 130.251860252918334, 33.561260854118444 ], [ 130.25225756487805, 33.561329947375114 ], [ 130.251860252918334, 33.561260854118458 ] ], [ [ 130.251396407730795, 33.560896523671467 ], [ 130.251506067134642, 33.560796215860478 ], [ 130.251396407730795, 33.560896523671481 ], [ 130.251396383577827, 33.560897176340347 ], [ 130.251396407730795, 33.560896523671467 ] ], [ [ 130.2521403655646, 33.560303253619701 ], [ 130.252167299087318, 33.560175390686005 ], [ 130.2521403655646, 33.560303253619715 ], [ 130.252104394719993, 33.560352185440571 ], [ 130.2521403655646, 33.560303253619701 ] ], [ [ 130.252183278303676, 33.559814827355552 ], [ 130.25221288578166, 33.559884427164668 ], [ 130.25221288578166, 33.559884427164683 ], [ 130.252183278303676, 33.559814827355552 ] ], [ [ 130.252238315080518, 33.559598906317596 ], [ 130.252258837077534, 33.559570555233755 ], [ 130.252238315080518, 33.559598906317603 ], [ 130.252144220582323, 33.559728932692487 ], [ 130.252238315080518, 33.559598906317596 ] ], [ [ 130.252392695733221, 33.559141658815086 ], [ 130.252407214395845, 33.559093905596889 ], [ 130.252392695733221, 33.559141658815093 ], [ 130.252360387917889, 33.559258676964134 ], [ 130.252392695733221, 33.559141658815086 ] ], [ [ 130.25248309695516, 33.558893374581821 ], [ 130.252485615104348, 33.558698653085543 ], [ 130.252483096955217, 33.558893374581821 ], [ 130.252440951381203, 33.558987862766998 ], [ 130.25248309695516, 33.558893374581821 ] ], [ [ 130.252481513333009, 33.558595749320617 ], [ 130.25238945740054, 33.558568633904464 ], [ 130.252481513333038, 33.558595749320617 ], [ 130.252484823189349, 33.558617838213621 ], [ 130.252481513333009, 33.558595749320617 ] ], [ [ 130.219257022947886, 33.585171378676414 ], [ 130.219135637578603, 33.584986943214574 ], [ 130.21902448811386, 33.584831126492524 ], [ 130.219135637578603, 33.58498694321456 ], [ 130.219257022947886, 33.585171378676414 ] ], [ [ 130.227962448328981, 33.594817061007554 ], [ 130.228527668649178, 33.594447641277348 ], [ 130.228746034198252, 33.593964616348558 ], [ 130.22875525038944, 33.593944229811214 ], [ 130.229156031634858, 33.593698088354124 ], [ 130.229303393422242, 33.593607584767952 ], [ 130.229454584956386, 33.593514728611673 ], [ 130.229809397605294, 33.59329681334674 ], [ 130.22996494564569, 33.593201280519295 ], [ 130.230022127095651, 33.593166159089499 ], [ 130.230850613155468, 33.592644139951702 ], [ 130.231047991133494, 33.592519771811581 ], [ 130.231096653795959, 33.592489110505902 ], [ 130.231186918416171, 33.59243223448707 ], [ 130.231213878732689, 33.592415249401945 ], [ 130.231367588656838, 33.59231840826962 ], [ 130.231582679866847, 33.592182893754881 ], [ 130.231907095726513, 33.591978498352603 ], [ 130.231910187624806, 33.591976547986427 ], [ 130.232615244933982, 33.592559974049031 ], [ 130.231971864191024, 33.593072618768687 ], [ 130.23195014212294, 33.593095170792708 ], [ 130.231991039214904, 33.593130693650885 ], [ 130.232202118671125, 33.593314034863852 ], [ 130.231629482621571, 33.593780996030837 ], [ 130.231957689993834, 33.594068867572943 ], [ 130.231312984876553, 33.594607648272273 ], [ 130.231355766510916, 33.594643079645337 ], [ 130.230866344389597, 33.595043070168664 ], [ 130.230973359345342, 33.595124887584376 ], [ 130.230837516055487, 33.595135759499534 ], [ 130.230657430402601, 33.595154473497395 ], [ 130.230533150027611, 33.595197877383207 ], [ 130.230430431623489, 33.595239613482342 ], [ 130.230303756765466, 33.595310055293318 ], [ 130.230345502174316, 33.595340971085271 ], [ 130.230280258528239, 33.595409091155595 ], [ 130.230217768944556, 33.595531324718934 ], [ 130.230139190435835, 33.595645344756896 ], [ 130.230051252020246, 33.595721436404119 ], [ 130.229968897150854, 33.595775021370947 ], [ 130.229881226126849, 33.595698734296064 ], [ 130.229863064273076, 33.595681490662955 ], [ 130.229620830831095, 33.595876269636157 ], [ 130.229469176633643, 33.595998214367647 ], [ 130.229360471295536, 33.595985812490504 ], [ 130.229155932198069, 33.595967401810924 ], [ 130.229002115667726, 33.595939389606855 ], [ 130.228892635185275, 33.595892719497975 ], [ 130.228676580570635, 33.595714643676089 ], [ 130.228783194096366, 33.595476371103516 ], [ 130.228723288348419, 33.595428206607309 ], [ 130.228600904767831, 33.595378750615218 ], [ 130.228761630905723, 33.595234589679237 ], [ 130.228388516815954, 33.594908557495174 ], [ 130.228343590489004, 33.594914167986552 ], [ 130.228242959379259, 33.595109419350948 ], [ 130.228189674244163, 33.595212805666904 ], [ 130.227976280475048, 33.595355433388697 ], [ 130.227959962842078, 33.59536633828985 ], [ 130.227829348455032, 33.595421381579612 ], [ 130.227687465041868, 33.595427959767726 ], [ 130.227426884796188, 33.595379551491511 ], [ 130.227134659614762, 33.595358079281681 ], [ 130.227652879486811, 33.595019386364136 ], [ 130.227962448328981, 33.594817061007554 ] ], [ [ 130.242706175122208, 33.573876908313807 ], [ 130.242855238253043, 33.57357520346568 ], [ 130.242985101605484, 33.573610837007934 ], [ 130.242855238253043, 33.573575203465687 ], [ 130.242706175122208, 33.573876908313807 ] ], [ [ 130.227914333204609, 33.585461157743502 ], [ 130.227611448776855, 33.584116235782702 ], [ 130.227568919132437, 33.58392070279578 ], [ 130.227558926609788, 33.583902443243353 ], [ 130.227568919132437, 33.583920702795773 ], [ 130.227611448776884, 33.584116235782716 ], [ 130.227914333204609, 33.585461157743502 ] ], [ [ 130.234093507822735, 33.586825959093815 ], [ 130.235382889778577, 33.587119115441929 ], [ 130.235393703813571, 33.58712162525336 ], [ 130.235382889778577, 33.587119115441951 ], [ 130.234093507822706, 33.586825959093815 ], [ 130.232895395853831, 33.586567698095806 ], [ 130.231756262907652, 33.58632226395634 ], [ 130.231350618718409, 33.58623570690407 ], [ 130.231756262907652, 33.586322263956333 ], [ 130.232895395853888, 33.586567698095799 ], [ 130.234093507822735, 33.586825959093815 ] ], [ [ 130.238514224777873, 33.587951698794512 ], [ 130.238446928534074, 33.587842706777913 ], [ 130.238370456555344, 33.587800636340752 ], [ 130.238233714564188, 33.587759743796205 ], [ 130.238370456555344, 33.587800636340745 ], [ 130.238446928534103, 33.587842706777927 ], [ 130.238514224777873, 33.587951698794512 ] ], [ [ 130.238561918641807, 33.583569201352219 ], [ 130.238662195094662, 33.583689081895663 ], [ 130.238561918641778, 33.583569201352226 ], [ 130.23868386502545, 33.583443935421876 ], [ 130.238786610309717, 33.583353722889193 ], [ 130.238683865025479, 33.583443935421883 ], [ 130.238561918641807, 33.583569201352219 ] ], [ [ 130.238712873540237, 33.583821898760618 ], [ 130.238736517780154, 33.583889670049366 ], [ 130.238712873540209, 33.583821898760618 ], [ 130.238662195094662, 33.583689081895663 ], [ 130.238712873540237, 33.583821898760618 ] ], [ [ 130.238721831807823, 33.579778468639169 ], [ 130.238721831807794, 33.579778468639162 ], [ 130.238858508091965, 33.579449888306904 ], [ 130.238721831807823, 33.579778468639169 ] ], [ [ 130.222366680709854, 33.600631396662592 ], [ 130.222541989454925, 33.600528085620034 ], [ 130.222689537860703, 33.60043435878206 ], [ 130.222541989454925, 33.600528085620049 ], [ 130.222366680709854, 33.600631396662592 ] ], [ [ 130.223399693969242, 33.599991353725692 ], [ 130.2230153070401, 33.600206768780644 ], [ 130.22294042711161, 33.600263013482099 ], [ 130.223015307040043, 33.600206768780637 ], [ 130.223399693969242, 33.599991353725684 ], [ 130.22347056965819, 33.599948075782436 ], [ 130.223399693969242, 33.599991353725692 ] ], [ [ 130.223671695570317, 33.599807846434388 ], [ 130.223701349607694, 33.599737494103742 ], [ 130.223800358978281, 33.599491312694653 ], [ 130.223701349607694, 33.599737494103763 ], [ 130.223671695570317, 33.599807846434388 ] ], [ [ 130.224700194388333, 33.599713412468169 ], [ 130.2246690945978, 33.599758994886791 ], [ 130.224700194388333, 33.599713412468162 ], [ 130.224700194388333, 33.599713412468169 ] ], [ [ 130.223803086618631, 33.601216681916164 ], [ 130.223907481799785, 33.601098057039835 ], [ 130.223950692625692, 33.601047636295121 ], [ 130.224014985219497, 33.60063055215371 ], [ 130.224017511994674, 33.600627796064643 ], [ 130.224014985219497, 33.600630552153717 ], [ 130.223950692625692, 33.601047636295128 ], [ 130.223907481799785, 33.601098057039842 ], [ 130.223803086618631, 33.601216681916164 ] ], [ [ 130.223460615660599, 33.601342319230355 ], [ 130.223460615660599, 33.601342319230348 ], [ 130.223803086618631, 33.601216681916164 ], [ 130.223460615660599, 33.601342319230355 ] ], [ [ 130.224613634014901, 33.603137019786374 ], [ 130.224525043127898, 33.603289175566253 ], [ 130.224613634014872, 33.603137019786367 ], [ 130.224613634014901, 33.603137019786374 ] ], [ [ 130.224636807724465, 33.603143742448985 ], [ 130.224758113260776, 33.603178933025234 ], [ 130.224807087683075, 33.60320099716705 ], [ 130.224758113260805, 33.603178933025248 ], [ 130.224636807724465, 33.603143742448985 ] ], [ [ 130.22552312029211, 33.603452848234333 ], [ 130.225523120292081, 33.603452848234333 ], [ 130.225346666744883, 33.603419291955916 ], [ 130.22552312029211, 33.603452848234333 ] ], [ [ 130.22670789352361, 33.603567307766937 ], [ 130.226391892235654, 33.603470710782219 ], [ 130.226163016291622, 33.603433488129816 ], [ 130.225768437729442, 33.60343625658296 ], [ 130.225575355515446, 33.603449315388794 ], [ 130.225768437729442, 33.603436256582953 ], [ 130.226163016291622, 33.603433488129802 ], [ 130.226391892235625, 33.603470710782204 ], [ 130.22670789352361, 33.603567307766937 ] ], [ [ 130.230098191526537, 33.603713339109682 ], [ 130.23086871203364, 33.603672621544924 ], [ 130.231471459612834, 33.603637702900699 ], [ 130.230868712033697, 33.603672621544931 ], [ 130.230098191526537, 33.603713339109682 ] ], [ [ 130.232650831855437, 33.603114671574552 ], [ 130.233223951267149, 33.602858105953068 ], [ 130.233989392824412, 33.602523880514532 ], [ 130.233223951267149, 33.602858105953075 ], [ 130.232650831855437, 33.603114671574552 ] ], [ [ 130.245543162898571, 33.558762639547403 ], [ 130.245493273427513, 33.558954984764789 ], [ 130.245543162898542, 33.558762639547396 ], [ 130.245624996977909, 33.558514204825961 ], [ 130.245543162898571, 33.558762639547403 ] ], [ [ 130.245559773645567, 33.558080559993449 ], [ 130.245559773645567, 33.558080559993442 ], [ 130.245560528419617, 33.558072448981328 ], [ 130.245559773645567, 33.558080559993449 ] ], [ [ 130.245597622661052, 33.557859254483468 ], [ 130.245595292224436, 33.557863212972698 ], [ 130.245597622661052, 33.557859254483461 ], [ 130.245913011353252, 33.557911419207954 ], [ 130.245597622661052, 33.557859254483468 ] ], [ [ 130.240938008892442, 33.559326120451495 ], [ 130.240757326611714, 33.559249085837727 ], [ 130.240327128323997, 33.559154005429718 ], [ 130.2394634332762, 33.558936088281612 ], [ 130.240327128324026, 33.559154005429704 ], [ 130.240757326611714, 33.559249085837713 ], [ 130.240938008892442, 33.559326120451495 ] ], [ [ 130.242566686995644, 33.559777970597239 ], [ 130.243075902088663, 33.55991062022909 ], [ 130.242566686995644, 33.559777970597246 ], [ 130.242340085532732, 33.559751600829877 ], [ 130.241634758997151, 33.55955039667905 ], [ 130.241468696161377, 33.559509396726646 ], [ 130.241634758997151, 33.559550396679043 ], [ 130.242340085532732, 33.559751600829863 ], [ 130.242566686995644, 33.559777970597239 ] ], [ [ 130.243411284857387, 33.559986089947316 ], [ 130.243411284857444, 33.55998608994733 ], [ 130.243406540151966, 33.560051511388487 ], [ 130.243411284857387, 33.559986089947316 ] ], [ [ 130.244221661782831, 33.56001448392928 ], [ 130.244126390155827, 33.559985204277865 ], [ 130.244276150170549, 33.559805627508794 ], [ 130.244126390155856, 33.559985204277858 ], [ 130.244221661782831, 33.56001448392928 ] ], [ [ 130.244710889874995, 33.559246832238422 ], [ 130.244683500624149, 33.559284658520021 ], [ 130.244710889874995, 33.559246832238415 ], [ 130.244719913050545, 33.559238114569773 ], [ 130.244710889874995, 33.559246832238422 ] ], [ [ 130.245011480342214, 33.559191872046021 ], [ 130.244929699241567, 33.559190198787036 ], [ 130.245011480342214, 33.559191872046014 ], [ 130.24521023840822, 33.559178831654805 ], [ 130.245011480342214, 33.559191872046021 ] ], [ [ 130.24319159593793, 33.569549654267227 ], [ 130.243868161312008, 33.569833618933338 ], [ 130.24319159593793, 33.569549654267234 ], [ 130.243181468731962, 33.569879828041714 ], [ 130.24319159593793, 33.569549654267227 ] ], [ [ 130.249823059666539, 33.572009610549671 ], [ 130.249879473089067, 33.572450891728145 ], [ 130.249823059666511, 33.572009610549664 ], [ 130.249801880700431, 33.571706542770215 ], [ 130.2498625106997, 33.57171159776869 ], [ 130.2498625106997, 33.571711597768697 ], [ 130.249801880700488, 33.571706542770229 ], [ 130.249823059666539, 33.572009610549671 ] ], [ [ 130.249853182927154, 33.571545648152544 ], [ 130.24991450849376, 33.571557716985971 ], [ 130.249853182927154, 33.571545648152551 ], [ 130.249853182927154, 33.571545648152544 ] ], [ [ 130.25061909002244, 33.571414575696984 ], [ 130.25061692660995, 33.571421362979258 ], [ 130.250619090022411, 33.57141457569697 ], [ 130.250663343906439, 33.571280089717774 ], [ 130.250663343906439, 33.571280089717781 ], [ 130.25061909002244, 33.571414575696984 ] ], [ [ 130.245666469393342, 33.570531317819338 ], [ 130.245206340408913, 33.570360555540766 ], [ 130.245666469393342, 33.570531317819331 ], [ 130.245801153500594, 33.57058322729651 ], [ 130.245666469393342, 33.570531317819338 ] ], [ [ 130.244584475669313, 33.57012367295188 ], [ 130.244227116183254, 33.569979275951042 ], [ 130.24458447566937, 33.570123672951887 ], [ 130.245206340408913, 33.570360555540766 ], [ 130.244584475669313, 33.57012367295188 ] ], [ [ 130.247909715306207, 33.57230642725375 ], [ 130.247909715306207, 33.572306427253721 ], [ 130.248218589483372, 33.572562893690076 ], [ 130.248396854883197, 33.572820008751265 ], [ 130.248218589483372, 33.57256289369009 ], [ 130.247909715306207, 33.57230642725375 ] ], [ [ 130.24838788971806, 33.572912023322395 ], [ 130.248359672312574, 33.572982576016621 ], [ 130.248299425567723, 33.573030037868129 ], [ 130.248359672312574, 33.572982576016614 ], [ 130.248387889718032, 33.572912023322395 ], [ 130.248396854883197, 33.572820008751265 ], [ 130.24838788971806, 33.572912023322395 ] ], [ [ 130.247763122680709, 33.572576240882299 ], [ 130.247763122680681, 33.572576240882285 ], [ 130.247856330328148, 33.572404685911636 ], [ 130.247763122680709, 33.572576240882299 ] ], [ [ 130.245315011937038, 33.583219495200801 ], [ 130.246537923058298, 33.583546974722701 ], [ 130.245315011936981, 33.583219495200801 ], [ 130.245250151468298, 33.583197331239923 ], [ 130.245250151468298, 33.583197331239916 ], [ 130.245315011937038, 33.583219495200801 ] ], [ [ 130.245315157395169, 33.583027752718564 ], [ 130.245266423388074, 33.583154953751986 ], [ 130.245255575441547, 33.583183205410606 ], [ 130.245266423388074, 33.583154953751972 ], [ 130.245315157395169, 33.583027752718564 ] ], [ [ 130.245703430555636, 33.582019251043462 ], [ 130.245676818822432, 33.582118658145006 ], [ 130.245664301174003, 33.582158287033558 ], [ 130.245676818822432, 33.582118658144999 ], [ 130.245703430555636, 33.582019251043462 ] ], [ [ 130.245702632478299, 33.581984975396637 ], [ 130.245701765306336, 33.581958836518119 ], [ 130.24570127546653, 33.58195705457031 ], [ 130.245701765306336, 33.581958836518112 ], [ 130.245702632478299, 33.58198497539663 ], [ 130.245703430555636, 33.582019251043462 ], [ 130.245702632478299, 33.581984975396637 ] ], [ [ 130.245664314374494, 33.581433846564515 ], [ 130.24566797363417, 33.581419428319109 ], [ 130.245664314374494, 33.581433846564522 ], [ 130.245633496253703, 33.581649809417122 ], [ 130.245633496253703, 33.581649809417108 ], [ 130.245664314374494, 33.581433846564515 ] ], [ [ 130.245811394450499, 33.581047385309624 ], [ 130.245926028909452, 33.580987015117373 ], [ 130.245811394450584, 33.581047385309603 ], [ 130.245751936855697, 33.581101120490217 ], [ 130.245743008235479, 33.581121529799702 ], [ 130.245751936855697, 33.581101120490203 ], [ 130.245811394450499, 33.581047385309624 ] ], [ [ 130.246504777841665, 33.580828754478141 ], [ 130.246534013123323, 33.580821584441985 ], [ 130.246504777841665, 33.580828754478155 ], [ 130.246428540911893, 33.580847484090981 ], [ 130.246278597221931, 33.580884287282565 ], [ 130.246428540911893, 33.580847484090974 ], [ 130.246504777841665, 33.580828754478141 ] ], [ [ 130.247905001888313, 33.580217430967124 ], [ 130.247905001888313, 33.580217430967139 ], [ 130.247894859030765, 33.580349273206991 ], [ 130.247852139217315, 33.580433189570748 ], [ 130.247894859030765, 33.580349273206984 ], [ 130.247905001888313, 33.580217430967124 ] ], [ [ 130.247860987919552, 33.579455973441732 ], [ 130.247834216408791, 33.579505849770236 ], [ 130.247831535433932, 33.579621464354801 ], [ 130.247834216408762, 33.579505849770236 ], [ 130.247860987919552, 33.579455973441732 ] ], [ [ 130.248213922833713, 33.579316251138579 ], [ 130.24816738046502, 33.579313463457154 ], [ 130.2480966638349, 33.57930637580499 ], [ 130.248167380464963, 33.579313463457147 ], [ 130.248213922833713, 33.579316251138579 ] ], [ [ 130.248754253939296, 33.578582792629781 ], [ 130.248685359693553, 33.578740127955427 ], [ 130.248641796782238, 33.578882930250195 ], [ 130.248685359693553, 33.578740127955406 ], [ 130.248754253939296, 33.578582792629781 ] ], [ [ 130.248777218687877, 33.57853034752123 ], [ 130.248777218687877, 33.578530347521237 ], [ 130.248142299245615, 33.578259811339528 ], [ 130.248777218687877, 33.57853034752123 ] ], [ [ 130.251511911189567, 33.578137914747927 ], [ 130.251686990134971, 33.57831931210626 ], [ 130.251511911189567, 33.578137914747941 ], [ 130.25138297685362, 33.577983106261357 ], [ 130.251511911189567, 33.578137914747927 ] ], [ [ 130.253387655191005, 33.579018354848458 ], [ 130.252534908447927, 33.578680196317258 ], [ 130.252474072081071, 33.57865606508085 ], [ 130.252534908447927, 33.578680196317244 ], [ 130.253387655191005, 33.579018354848458 ] ], [ [ 130.244299852082122, 33.574664903233547 ], [ 130.244180157207694, 33.57493804994418 ], [ 130.244147540279499, 33.575011159144623 ], [ 130.244180157207694, 33.574938049944173 ], [ 130.244299852082122, 33.574664903233547 ] ], [ [ 130.247698446315042, 33.57606174648533 ], [ 130.247659003777073, 33.576049318568984 ], [ 130.247309567606436, 33.575939119564929 ], [ 130.247659003777073, 33.576049318568977 ], [ 130.247698446315098, 33.576061746485315 ], [ 130.247745484741358, 33.576081688771524 ], [ 130.247698446315042, 33.57606174648533 ] ], [ [ 130.249110239316622, 33.576334356061835 ], [ 130.24918700620475, 33.576177950722887 ], [ 130.249206781741179, 33.576108919699386 ], [ 130.249187006204778, 33.576177950722894 ], [ 130.249110239316622, 33.576334356061835 ] ], [ [ 130.249579725176801, 33.575912746950699 ], [ 130.249613118344712, 33.575991200334848 ], [ 130.24963476395402, 33.576085969409007 ], [ 130.249613118344655, 33.575991200334848 ], [ 130.249579725176801, 33.575912746950699 ] ], [ [ 130.24965315706703, 33.576215943300184 ], [ 130.249660815182722, 33.576322323843712 ], [ 130.24965315706703, 33.576215943300191 ], [ 130.24963476395402, 33.576085969409007 ], [ 130.24965315706703, 33.576215943300184 ] ], [ [ 130.248494268635881, 33.574677303728627 ], [ 130.248494268635824, 33.57467730372862 ], [ 130.24848025715778, 33.574585572536193 ], [ 130.248441037931713, 33.574238471780383 ], [ 130.24848025715778, 33.574585572536186 ], [ 130.248494268635881, 33.574677303728627 ] ], [ [ 130.248386285400983, 33.574215418809523 ], [ 130.248189028767712, 33.574147715070168 ], [ 130.248150734547323, 33.574131604664117 ], [ 130.248189028767712, 33.574147715070161 ], [ 130.248386285400983, 33.574215418809516 ], [ 130.248441037931713, 33.574238471780383 ], [ 130.248386285400983, 33.574215418809523 ] ], [ [ 130.248372450850269, 33.57340858800292 ], [ 130.248060724059826, 33.573324297031668 ], [ 130.248372450850269, 33.573408588002913 ], [ 130.24905348596053, 33.573507456529263 ], [ 130.24905348596053, 33.573507456529271 ], [ 130.248372450850269, 33.57340858800292 ] ], [ [ 130.253944844805829, 33.582121924919065 ], [ 130.253923845499401, 33.582401524353187 ], [ 130.253503333053658, 33.582229701574413 ], [ 130.25342542504589, 33.582089437279961 ], [ 130.252305810500332, 33.582198694922965 ], [ 130.252305810500332, 33.582198694922958 ], [ 130.25342542504589, 33.582089437279954 ], [ 130.253503333053686, 33.582229701574413 ], [ 130.253923845499401, 33.58240152435318 ], [ 130.253944844805829, 33.582121924919065 ] ], [ [ 130.254775770340956, 33.58382038449173 ], [ 130.254724420326397, 33.583772563216712 ], [ 130.25413118008828, 33.583568913481884 ], [ 130.254724420326397, 33.583772563216698 ], [ 130.254775770340984, 33.58382038449173 ], [ 130.254809359504605, 33.5840144396021 ], [ 130.254775770340956, 33.58382038449173 ] ], [ [ 130.254810812998812, 33.584022836893013 ], [ 130.254282748159142, 33.584084973327094 ], [ 130.254810812998812, 33.584022836893006 ], [ 130.254810812998812, 33.584022836893013 ] ], [ [ 130.257499294902317, 33.586789665285337 ], [ 130.257463907061066, 33.586794275510087 ], [ 130.257463907061066, 33.586794275510073 ], [ 130.257499294902317, 33.586789665285337 ] ], [ [ 130.26078153559223, 33.585397097372706 ], [ 130.26081058272527, 33.585340025797464 ], [ 130.261166066230373, 33.584711526632574 ], [ 130.26081058272527, 33.585340025797478 ], [ 130.26078153559223, 33.585397097372706 ] ], [ [ 130.261307665923255, 33.584420921906357 ], [ 130.260947670469449, 33.584325252213134 ], [ 130.260898320137301, 33.584312134689128 ], [ 130.260947670469449, 33.584325252213127 ], [ 130.261307665923283, 33.584420921906357 ], [ 130.261166066230373, 33.584711526632574 ], [ 130.261307665923255, 33.584420921906357 ] ], [ [ 130.262907793527916, 33.582580520606854 ], [ 130.262408483198101, 33.582389556934572 ], [ 130.26236048883564, 33.582481127138813 ], [ 130.261940152781932, 33.5823855934078 ], [ 130.26236048883564, 33.582481127138799 ], [ 130.262408483198101, 33.582389556934565 ], [ 130.262907793527916, 33.582580520606854 ] ], [ [ 130.258823143894006, 33.581555841231186 ], [ 130.258823143894006, 33.581555841231179 ], [ 130.259297497638642, 33.581671684950877 ], [ 130.258823143894006, 33.581555841231186 ] ], [ [ 130.261582306959184, 33.587097601202849 ], [ 130.261537414913334, 33.587081483246394 ], [ 130.261537414913334, 33.587081483246372 ], [ 130.261582306959184, 33.587097601202849 ] ], [ [ 130.262003980711143, 33.587246225484833 ], [ 130.262003980711143, 33.58724622548484 ], [ 130.261582306959184, 33.587097601202849 ], [ 130.262003980711143, 33.587246225484833 ] ], [ [ 130.260512064686878, 33.590803233108716 ], [ 130.260450923819349, 33.590777471782246 ], [ 130.260512064686878, 33.590803233108694 ], [ 130.260512064686878, 33.590803233108716 ] ], [ [ 130.260214189765691, 33.590674652042594 ], [ 130.260214189765691, 33.590674652042587 ], [ 130.260234332620144, 33.590404679463667 ], [ 130.260214189765691, 33.590674652042594 ] ], [ [ 130.259486145341214, 33.58790848755757 ], [ 130.25991022600931, 33.588040439405297 ], [ 130.260153605002728, 33.589002344955567 ], [ 130.260248014856842, 33.589420562330567 ], [ 130.26027899681921, 33.589605245917539 ], [ 130.260248014856813, 33.589420562330567 ], [ 130.260153605002728, 33.589002344955581 ], [ 130.25991022600931, 33.588040439405304 ], [ 130.259486145341185, 33.587908487557577 ], [ 130.259327245313216, 33.587917849924324 ], [ 130.259486145341214, 33.58790848755757 ] ], [ [ 130.25985456252252, 33.570948702087726 ], [ 130.260000069889912, 33.571134313360723 ], [ 130.25985456252252, 33.570948702087733 ], [ 130.25985456252252, 33.570948702087726 ] ], [ [ 130.260014883721084, 33.570505805766324 ], [ 130.259965518433233, 33.570540490651823 ], [ 130.259860825497412, 33.570925660341217 ], [ 130.259965518433205, 33.570540490651808 ], [ 130.260014883721084, 33.570505805766324 ] ], [ [ 130.260082683452566, 33.57040936356924 ], [ 130.260080212467045, 33.570415302201383 ], [ 130.260082683452566, 33.570409363569233 ], [ 130.260082683452566, 33.57040936356924 ] ], [ [ 130.260120139256031, 33.569857993792567 ], [ 130.260120281580953, 33.569910086396099 ], [ 130.260056988525548, 33.570039177963444 ], [ 130.260120281580896, 33.569910086396114 ], [ 130.260120139256031, 33.569857993792567 ] ], [ [ 130.260064006260848, 33.569672287765229 ], [ 130.260067099523752, 33.569679673281172 ], [ 130.260064006260848, 33.569672287765236 ], [ 130.260064006260848, 33.569672287765229 ] ], [ [ 130.259935046252934, 33.569163135190273 ], [ 130.2599605996744, 33.569239154137691 ], [ 130.260073044428225, 33.569540688174996 ], [ 130.260073044428225, 33.569540688175003 ], [ 130.259960599674372, 33.569239154137691 ], [ 130.259935046252934, 33.569163135190273 ] ], [ [ 130.259920107448835, 33.568917309382435 ], [ 130.259915219079573, 33.569026109740662 ], [ 130.259914935315862, 33.569028078156791 ], [ 130.259915219079573, 33.569026109740655 ], [ 130.259920107448835, 33.568917309382435 ] ], [ [ 130.259918123857091, 33.568089077000558 ], [ 130.260008102296524, 33.568253184843371 ], [ 130.260192148733495, 33.568653662714382 ], [ 130.260008102296467, 33.568253184843371 ], [ 130.259918123857091, 33.568089077000558 ] ], [ [ 130.260566828200552, 33.567361612117608 ], [ 130.260301206265666, 33.567593745628734 ], [ 130.260168185497236, 33.567729250354546 ], [ 130.260301206265666, 33.56759374562872 ], [ 130.260566828200552, 33.567361612117608 ] ], [ [ 130.261333139508281, 33.56654572601326 ], [ 130.261302730423608, 33.566560979361782 ], [ 130.260903566911139, 33.566980568797938 ], [ 130.26130273042358, 33.566560979361782 ], [ 130.261333139508281, 33.56654572601326 ] ], [ [ 130.261770059619408, 33.566317090640432 ], [ 130.261645701302911, 33.566355301392193 ], [ 130.261770059619352, 33.566317090640439 ], [ 130.261770059619408, 33.566317090640432 ] ], [ [ 130.262205062746858, 33.566241786419347 ], [ 130.262150041553895, 33.566319365297723 ], [ 130.261902020327625, 33.566304884196903 ], [ 130.262150041553895, 33.566319365297709 ], [ 130.262205062746858, 33.566241786419347 ] ], [ [ 130.261842505838985, 33.566012371947799 ], [ 130.261842505838985, 33.566012371947785 ], [ 130.262113390382183, 33.566078939747477 ], [ 130.262164461227201, 33.566148490105022 ], [ 130.262113390382183, 33.566078939747491 ], [ 130.261842505838985, 33.566012371947799 ] ], [ [ 130.266205106852283, 33.563098781999393 ], [ 130.266221807006161, 33.563024652549146 ], [ 130.26622617911562, 33.563005254178158 ], [ 130.266221807006161, 33.563024652549153 ], [ 130.266205106852283, 33.563098781999393 ] ], [ [ 130.266178349438491, 33.563336697525848 ], [ 130.266183378068462, 33.563254804487741 ], [ 130.266178349438491, 33.563336697525855 ], [ 130.266178349438491, 33.563336697525848 ] ], [ [ 130.265060909752975, 33.564879928695504 ], [ 130.265136677727781, 33.564779908333676 ], [ 130.265239157362458, 33.564711626814947 ], [ 130.265136677727781, 33.564779908333691 ], [ 130.265060909752975, 33.564879928695504 ] ], [ [ 130.265834997697311, 33.571374834790412 ], [ 130.265910657179006, 33.571466544047595 ], [ 130.265922362490358, 33.571549931698939 ], [ 130.265910657179006, 33.571466544047603 ], [ 130.265834997697254, 33.571374834790404 ], [ 130.265535228678374, 33.571170488141377 ], [ 130.265402070710422, 33.57108848605727 ], [ 130.265535228678374, 33.57117048814137 ], [ 130.265834997697311, 33.571374834790412 ] ], [ [ 130.266169300979044, 33.572128174013507 ], [ 130.266169300979044, 33.5721281740135 ], [ 130.266169360572775, 33.572128158795799 ], [ 130.266169300979044, 33.572128174013507 ] ], [ [ 130.266539392948545, 33.572916664988391 ], [ 130.266451554396042, 33.5725312806536 ], [ 130.2664448175193, 33.572510356732138 ], [ 130.26645155439607, 33.572531280653607 ], [ 130.266539392948545, 33.572916664988391 ] ], [ [ 130.266792692502321, 33.572899289257137 ], [ 130.266904179935182, 33.573214578466917 ], [ 130.266792692502264, 33.572899289257137 ], [ 130.266741285671571, 33.5728619634586 ], [ 130.266639293253689, 33.572889596687467 ], [ 130.266741285671571, 33.572861963458585 ], [ 130.266792692502321, 33.572899289257137 ] ], [ [ 130.274828918980063, 33.571280200178784 ], [ 130.274679858733492, 33.571524426914543 ], [ 130.274623671314686, 33.571681573739269 ], [ 130.274679858733464, 33.571524426914557 ], [ 130.274828918980063, 33.571280200178784 ] ], [ [ 130.280147376128525, 33.573045964254604 ], [ 130.279989926253876, 33.573015354650444 ], [ 130.280161514858207, 33.572509210239687 ], [ 130.279989926253904, 33.573015354650444 ], [ 130.280147376128525, 33.573045964254604 ] ], [ [ 130.281135112449192, 33.573134595766852 ], [ 130.280551295511884, 33.57306860657809 ], [ 130.281135112449192, 33.573134595766845 ], [ 130.281676432052166, 33.573159971723527 ], [ 130.281135112449192, 33.573134595766852 ] ], [ [ 130.284752976587413, 33.573236411281449 ], [ 130.285091046607505, 33.573192723131967 ], [ 130.28569805797747, 33.573059130024234 ], [ 130.285979819786604, 33.572965593796894 ], [ 130.285979819786604, 33.572965593796901 ], [ 130.28569805797747, 33.573059130024241 ], [ 130.285091046607505, 33.573192723131974 ], [ 130.284752976587441, 33.573236411281457 ], [ 130.284467159344416, 33.573260430116072 ], [ 130.283942999066909, 33.573276410136707 ], [ 130.283831691669121, 33.573279803732142 ], [ 130.283942999066909, 33.5732764101367 ], [ 130.284467159344416, 33.573260430116058 ], [ 130.284752976587413, 33.573236411281449 ] ], [ [ 130.287066374155501, 33.572909298832087 ], [ 130.286623087659592, 33.572986722217308 ], [ 130.287066374155501, 33.572909298832073 ], [ 130.28716955672806, 33.57297974174697 ], [ 130.287066374155501, 33.572909298832087 ] ], [ [ 130.286585197246552, 33.574032103597176 ], [ 130.28661628341024, 33.573965449566394 ], [ 130.286585197246552, 33.57403210359719 ], [ 130.286525908257289, 33.574132892223233 ], [ 130.286585197246552, 33.574032103597176 ] ], [ [ 130.285549159477767, 33.574920813779173 ], [ 130.286177877224645, 33.574615679012823 ], [ 130.286264920295451, 33.574551273010485 ], [ 130.286464842325444, 33.574233267043752 ], [ 130.28626492029548, 33.574551273010485 ], [ 130.286177877224645, 33.57461567901283 ], [ 130.285549159477767, 33.574920813779173 ] ], [ [ 130.285488958715774, 33.575516578673266 ], [ 130.28538479213276, 33.575575321384129 ], [ 130.28538479213276, 33.575575321384115 ], [ 130.285488958715774, 33.575516578673266 ] ], [ [ 130.284437385341107, 33.576633185505905 ], [ 130.28442789573009, 33.57663971354917 ], [ 130.284414258528386, 33.576589200995301 ], [ 130.284406764016751, 33.576314504826122 ], [ 130.284414258528415, 33.576589200995315 ], [ 130.28442789573009, 33.576639713549163 ], [ 130.284437385341107, 33.576633185505905 ] ], [ [ 130.284576694080329, 33.576557242936111 ], [ 130.284551820441465, 33.576568514754094 ], [ 130.284576694080329, 33.576557242936097 ], [ 130.284720113438851, 33.576575756015522 ], [ 130.284576694080329, 33.576557242936111 ] ], [ [ 130.284861434241634, 33.57684865581691 ], [ 130.284870155801343, 33.57681160228551 ], [ 130.284861434241634, 33.576848655816924 ], [ 130.284835433763334, 33.576929794341318 ], [ 130.284861434241634, 33.57684865581691 ] ], [ [ 130.28478836833753, 33.577003731427631 ], [ 130.284690728877962, 33.577066777282859 ], [ 130.28478836833753, 33.577003731427624 ], [ 130.284835433763334, 33.576929794341318 ], [ 130.28478836833753, 33.577003731427631 ] ], [ [ 130.284610004947865, 33.577129916139953 ], [ 130.284554670391401, 33.577186125457722 ], [ 130.284503397173211, 33.57725738781955 ], [ 130.284554670391401, 33.5771861254577 ], [ 130.284610004947865, 33.577129916139938 ], [ 130.284690728877962, 33.577066777282859 ], [ 130.284610004947865, 33.577129916139953 ] ], [ [ 130.284391747324065, 33.578336763230709 ], [ 130.28414313906444, 33.578173939045399 ], [ 130.284143139064497, 33.578173939045385 ], [ 130.284391747324065, 33.578336763230709 ] ], [ [ 130.283772357322817, 33.578354199550169 ], [ 130.283701386274998, 33.578489494727329 ], [ 130.283772357322817, 33.578354199550162 ], [ 130.283786761054728, 33.578281513390507 ], [ 130.283805235538466, 33.578276161889363 ], [ 130.283955188254993, 33.578237762696681 ], [ 130.283805235538495, 33.57827616188937 ], [ 130.283786761054728, 33.578281513390515 ], [ 130.283772357322817, 33.578354199550169 ] ], [ [ 130.283354832430376, 33.57880953012446 ], [ 130.283220482758651, 33.578847371711994 ], [ 130.283220482758651, 33.578847371711987 ], [ 130.283354832430376, 33.57880953012446 ] ], [ [ 130.28382907064389, 33.579251268088498 ], [ 130.283751644759803, 33.579190043464045 ], [ 130.28382907064389, 33.579251268088491 ], [ 130.28394587276955, 33.579456405216483 ], [ 130.28382907064389, 33.579251268088498 ] ], [ [ 130.283382379246603, 33.580152847682712 ], [ 130.283585542502465, 33.580203970887879 ], [ 130.283382379246603, 33.580152847682726 ], [ 130.283362618214568, 33.580145723292119 ], [ 130.283382379246603, 33.580152847682712 ] ], [ [ 130.283319767618849, 33.580172667105174 ], [ 130.283338944971916, 33.580144371292434 ], [ 130.283319767618906, 33.58017266710516 ], [ 130.283291579304432, 33.580191940700942 ], [ 130.283319767618849, 33.580172667105174 ] ], [ [ 130.283172073949686, 33.580181705959838 ], [ 130.283232546861939, 33.580194205773331 ], [ 130.283172073949657, 33.580181705959852 ], [ 130.283052992111266, 33.580150510697472 ], [ 130.283172073949686, 33.580181705959838 ] ], [ [ 130.282951416815962, 33.580159712655039 ], [ 130.282953508398975, 33.580120628388443 ], [ 130.282951416815962, 33.580159712655046 ], [ 130.28295126286514, 33.580160245686059 ], [ 130.282951416815962, 33.580159712655039 ] ], [ [ 130.276373072294689, 33.572674008250729 ], [ 130.276373072294689, 33.572674008250722 ], [ 130.276439503082713, 33.572679963162059 ], [ 130.276696460830124, 33.572705724599743 ], [ 130.276439503082713, 33.572679963162074 ], [ 130.276373072294689, 33.572674008250729 ] ], [ [ 130.278448445474538, 33.572868182816514 ], [ 130.278543543579076, 33.572877825719075 ], [ 130.278448445474538, 33.572868182816521 ], [ 130.278441243341916, 33.572884094688035 ], [ 130.278448445474538, 33.572868182816514 ] ], [ [ 130.276639896408994, 33.578640451178316 ], [ 130.276639896408994, 33.578640451178302 ], [ 130.277119473649009, 33.578753843448979 ], [ 130.276639896408994, 33.578640451178316 ] ], [ [ 130.27703283744529, 33.577350318437063 ], [ 130.276856328311993, 33.577948250768138 ], [ 130.276655587901104, 33.578590266075594 ], [ 130.276856328311936, 33.577948250768138 ], [ 130.27703283744529, 33.577350318437063 ] ] ] ] } }
]
}
