{
"type": "FeatureCollection",
"name": "門司",
"crs": { "type": "name", "properties": { "name": "urn:ogc:def:crs:EPSG::4612" } },
"features": [
{ "type": "Feature", "properties": { "KEY_CODE": "401010001301", "PREF": "40", "CITY": "101", "K_AREA": "068002020", "S_AREA": "0001301", "PREF_NAME": "福岡県", "CITY_NAME": "北九州市門司区", "S_NAME": "西海岸二丁目", "KIGO_E": null, "HCODE": 8101, "AREA": 26783.373, "PERIMETER": 757.942, "KIHON1": "0680", "DUMMY1": "-", "KIHON2": "02", "KIHON3": "020", "C1": 2, "C2": 1, "DUMMY2": "-", "C3": 3, "DUMMY3": "-", "C4": 1, "KIGO_A": null, "KIGO_D": null, "N_KEN": null, "N_CITY": null, "N_C1": 0, "KIGO_I": null, "KEYCODE1": "1010001-3-01", "JINKO": 0, "SETAI": 0, "KEN_OLD": "40", "CITY_OLD": "101", "X_CODE": 130.953799, "Y_CODE": 33.941271, "KCODE1": "0680-02020", "CCODE1": "1-3- 1" }, "geometry": { "type": "MultiPolygon", "coordinates": [ [ [ [ 130.916117835773719, 33.88927760954595 ], [ 130.916026188270024, 33.889354185933591 ], [ 130.915952171298983, 33.889416052302927 ], [ 130.915554441022806, 33.889579623204114 ], [ 130.915324535346627, 33.889674136761016 ], [ 130.915239035750574, 33.889709299617905 ], [ 130.91520892845395, 33.8897216763405 ], [ 130.915417514568077, 33.890013161130852 ], [ 130.915417249612034, 33.890062750840762 ], [ 130.915754727533226, 33.890447161548821 ], [ 130.915918255514839, 33.890607879793571 ], [ 130.916119512117717, 33.890770872126147 ], [ 130.916202566851041, 33.890856865742251 ], [ 130.916338782410378, 33.891089552999183 ], [ 130.916402439237942, 33.891245128163831 ], [ 130.916460971138349, 33.89140534831035 ], [ 130.916463281314009, 33.891472972436752 ], [ 130.91642681932484, 33.891849942870124 ], [ 130.916420147794696, 33.891918970795146 ], [ 130.91652587117207, 33.891930170463581 ], [ 130.916708565984834, 33.891949454001576 ], [ 130.916708048793737, 33.89203757593787 ], [ 130.916705739831343, 33.892428374695704 ], [ 130.916705089583104, 33.892538824411787 ], [ 130.916704545223496, 33.892633214393967 ], [ 130.916704299913846, 33.892672731151364 ], [ 130.916593811021329, 33.892669980132567 ], [ 130.916525104722268, 33.892723397065218 ], [ 130.915659303670594, 33.893396145184781 ], [ 130.915587061735522, 33.893749703535406 ], [ 130.915534268585361, 33.893816092369327 ], [ 130.915462140988552, 33.893906841291525 ], [ 130.915350083468098, 33.894339970588589 ], [ 130.915116032759528, 33.895244753787459 ], [ 130.914981884820378, 33.895763100515055 ], [ 130.916521940427828, 33.896013370891431 ], [ 130.91655928899425, 33.896019385267437 ], [ 130.917091011119709, 33.896101312991526 ], [ 130.917174017487895, 33.896019800334457 ], [ 130.918009797611006, 33.89520903029419 ], [ 130.918058717255548, 33.895244776543159 ], [ 130.918102974570814, 33.895277136895047 ], [ 130.917634458019563, 33.895729332541535 ], [ 130.917333806432396, 33.896019907722255 ], [ 130.917173912882333, 33.896174908239544 ], [ 130.919862191821693, 33.898106393380495 ], [ 130.920548361960385, 33.898611046967822 ], [ 130.92058631498378, 33.898574301196511 ], [ 130.920337139868849, 33.89841156531179 ], [ 130.91992851647808, 33.898113550401526 ], [ 130.920362999116719, 33.89769358682738 ], [ 130.920607827583979, 33.897460095843812 ], [ 130.921667651155644, 33.898224694734402 ], [ 130.921904766164175, 33.898029656563757 ], [ 130.921949730453974, 33.898071455985992 ], [ 130.921991926021349, 33.898110717797408 ], [ 130.921512209475765, 33.898558904635642 ], [ 130.921064083691761, 33.898975904965781 ], [ 130.922400035692391, 33.899942134125219 ], [ 130.924042068477235, 33.901135911931497 ], [ 130.924172726299332, 33.901008214462195 ], [ 130.924225707363831, 33.901043396406841 ], [ 130.924085165720896, 33.901171722385449 ], [ 130.925056525160386, 33.901865321461763 ], [ 130.925104391052514, 33.901900504865658 ], [ 130.925520881649703, 33.901535597533694 ], [ 130.925104391052514, 33.901900504865665 ], [ 130.925598396316929, 33.902252236426371 ], [ 130.925615821979903, 33.902264869934228 ], [ 130.925961195492732, 33.902511286681481 ], [ 130.92614485833252, 33.902638187474302 ], [ 130.926198478987317, 33.902688936121372 ], [ 130.927080574311645, 33.903465495064715 ], [ 130.929916788163752, 33.905941686451726 ], [ 130.929933843235858, 33.905966985143671 ], [ 130.93124880106231, 33.90793440498539 ], [ 130.931262380014942, 33.90787996130414 ], [ 130.930634627951036, 33.906939873378292 ], [ 130.93054632986977, 33.90682951497525 ], [ 130.930792067838041, 33.906702226306606 ], [ 130.93102553169129, 33.906923607722426 ], [ 130.93164006295919, 33.907564176685526 ], [ 130.931891355314889, 33.907841001938486 ], [ 130.931877769122451, 33.907850010800381 ], [ 130.931403408178227, 33.908148063416633 ], [ 130.932221526546016, 33.909258435834836 ], [ 130.932448613102224, 33.90955356267186 ], [ 130.932393913411261, 33.909391450016727 ], [ 130.932046218757364, 33.90890149062497 ], [ 130.93255690698436, 33.908600427483229 ], [ 130.932921855003002, 33.908924860872986 ], [ 130.933068383823297, 33.909088290205666 ], [ 130.933401286420775, 33.909553723436495 ], [ 130.933534661334591, 33.909802730220981 ], [ 130.933588182087078, 33.909972025492898 ], [ 130.933629392345495, 33.910220982832399 ], [ 130.933644874310829, 33.910312774898621 ], [ 130.93312763213865, 33.910481059677224 ], [ 130.933618806535804, 33.911518552298965 ], [ 130.934189421970558, 33.912724786533722 ], [ 130.934414188989507, 33.91277054933893 ], [ 130.934418582460836, 33.912734064361473 ], [ 130.934215712867228, 33.912694370440143 ], [ 130.93414648898019, 33.912536195170532 ], [ 130.93409581676076, 33.912458755987181 ], [ 130.93455312424777, 33.912296985533267 ], [ 130.934754004406471, 33.912711065723386 ], [ 130.934864307051896, 33.91307205688608 ], [ 130.934968638151133, 33.913129873876144 ], [ 130.9350270586759, 33.913095809902856 ], [ 130.93508919526505, 33.912966797669448 ], [ 130.935065133077245, 33.912939524870382 ], [ 130.935017071635571, 33.912794604402755 ], [ 130.93505978230138, 33.912765394195183 ], [ 130.934988248358849, 33.912767821625955 ], [ 130.934983970317148, 33.912675544822484 ], [ 130.935057523059385, 33.912647829439344 ], [ 130.935587965159698, 33.912812794171103 ], [ 130.935802205220341, 33.9128884873356 ], [ 130.935832764312806, 33.912921116810587 ], [ 130.935048269475516, 33.913283473865192 ], [ 130.935014391624151, 33.913329313042929 ], [ 130.935008610602722, 33.913531963819423 ], [ 130.935189984958981, 33.914046341060008 ], [ 130.935586633056687, 33.914665009911594 ], [ 130.936184197840504, 33.915521513217428 ], [ 130.936339994518448, 33.915511731042464 ], [ 130.937373246872994, 33.915183233856716 ], [ 130.93754221155433, 33.915069910413045 ], [ 130.937583489905336, 33.915122407674552 ], [ 130.937583489905279, 33.915122407674595 ], [ 130.93764503069076, 33.915204360556075 ], [ 130.936339605674334, 33.915620350086819 ], [ 130.936290871805596, 33.915688228503086 ], [ 130.936971690310941, 33.917164992879663 ], [ 130.93708117552049, 33.91770827950559 ], [ 130.937132885952508, 33.917792622529895 ], [ 130.937191330980966, 33.917713970300284 ], [ 130.93711648847588, 33.917225926067076 ], [ 130.937538942986578, 33.916967555700552 ], [ 130.93784269547254, 33.916875290912706 ], [ 130.937896510124119, 33.916937304730006 ], [ 130.937850965746293, 33.91707210249227 ], [ 130.937795657093631, 33.917158153283765 ], [ 130.937830067515222, 33.91740238384137 ], [ 130.937361336447992, 33.917867121999159 ], [ 130.937179715514361, 33.918118711092355 ], [ 130.937128084605035, 33.918207158435152 ], [ 130.937173359543749, 33.918368487684589 ], [ 130.937319989666605, 33.918922781724348 ], [ 130.937519981826512, 33.919347561393984 ], [ 130.938116361829316, 33.920209548361029 ], [ 130.937841515994506, 33.920359941999813 ], [ 130.937737158458674, 33.920382642020918 ], [ 130.937822678293657, 33.920529761625673 ], [ 130.937787240378498, 33.920412180670304 ], [ 130.937990782323965, 33.920299156330231 ], [ 130.938130975192934, 33.920238788076091 ], [ 130.938479583140065, 33.920745703962424 ], [ 130.938790623685236, 33.921220125982053 ], [ 130.93897469254523, 33.921494509169058 ], [ 130.939034785629389, 33.92172262101294 ], [ 130.939185166378735, 33.922112296538792 ], [ 130.939420918204519, 33.922666418226093 ], [ 130.939688061715259, 33.922574200428144 ], [ 130.939769404581966, 33.922737167596139 ], [ 130.939885708676769, 33.922913675361791 ], [ 130.940011017762345, 33.923072575212167 ], [ 130.940259199510734, 33.923321206022862 ], [ 130.940901339271647, 33.923815714019298 ], [ 130.941010404695533, 33.923920298358894 ], [ 130.941087609242999, 33.92401458342836 ], [ 130.94108760924297, 33.924014583428367 ], [ 130.941185305749428, 33.92415931171211 ], [ 130.941255245788398, 33.924310015356681 ], [ 130.941395876559, 33.924660377803278 ], [ 130.94134292956673, 33.924701136988794 ], [ 130.941559117668021, 33.925261865991281 ], [ 130.941797944396143, 33.925896709064958 ], [ 130.941801140402561, 33.925967924935996 ], [ 130.941837907202142, 33.925976958256889 ], [ 130.941837762772451, 33.926349511864878 ], [ 130.941845815660571, 33.927117519031249 ], [ 130.940828245996101, 33.92682852283027 ], [ 130.940380561633503, 33.926701166838477 ], [ 130.939821358901042, 33.925140169095556 ], [ 130.940133369469265, 33.924364074207375 ], [ 130.940104172975452, 33.924353213646086 ], [ 130.939788913529611, 33.925138393614283 ], [ 130.941824982768281, 33.930885397819971 ], [ 130.94185527767695, 33.930875479311432 ], [ 130.9407141309743, 33.927655287392831 ], [ 130.941832724233024, 33.927965252199627 ], [ 130.941841550180499, 33.928014070330924 ], [ 130.941922855346007, 33.928231344009554 ], [ 130.941908197859078, 33.928232675030699 ], [ 130.942129215441327, 33.928961829043239 ], [ 130.942399097963772, 33.929719532165301 ], [ 130.94251374516611, 33.930055089802742 ], [ 130.942797368846215, 33.930867812301216 ], [ 130.942883781977798, 33.931050924001141 ], [ 130.942795973672702, 33.931097445775308 ], [ 130.942431218071505, 33.931750324623863 ], [ 130.942648403851535, 33.932099383625442 ], [ 130.943007004692987, 33.93268306812336 ], [ 130.943773214594501, 33.933969855745808 ], [ 130.94372214479003, 33.934048090812716 ], [ 130.943676854986677, 33.934111396883601 ], [ 130.944206915732906, 33.934989522407683 ], [ 130.944383314572292, 33.935275234927552 ], [ 130.944567501975826, 33.935588138170218 ], [ 130.944763402618918, 33.935906472362205 ], [ 130.944947588004482, 33.936225785606887 ], [ 130.945860769883041, 33.937740284560661 ], [ 130.946137983169905, 33.938212136908469 ], [ 130.94623633182303, 33.938379191413659 ], [ 130.947389247055185, 33.938884802057188 ], [ 130.948841457059814, 33.939537183228481 ], [ 130.949696424966277, 33.939920792428204 ], [ 130.950808351132139, 33.940416496065303 ], [ 130.951248054755183, 33.940608898991904 ], [ 130.951913679858649, 33.940910146050811 ], [ 130.951913679858649, 33.940910146050797 ], [ 130.953232210240401, 33.941497057499213 ], [ 130.954196291533151, 33.941931888943074 ], [ 130.95457354397962, 33.942096855541855 ], [ 130.954591021601601, 33.942101510384738 ], [ 130.953897400487762, 33.942858203090474 ], [ 130.953706388065768, 33.943062336633041 ], [ 130.953736340744882, 33.943080872879364 ], [ 130.953604013169667, 33.943226351675285 ], [ 130.954455980024647, 33.94376538994576 ], [ 130.955354867557361, 33.944340294077904 ], [ 130.956265489672546, 33.944919493140532 ], [ 130.95672861902986, 33.945211836906509 ], [ 130.957647079335004, 33.945799758537341 ], [ 130.959323779432708, 33.94686578098257 ], [ 130.959388958779329, 33.946793038026293 ], [ 130.957931783675178, 33.945865010369076 ], [ 130.957974820649866, 33.945815084058097 ], [ 130.958006088396928, 33.945833619037295 ], [ 130.958113655031667, 33.945722784523035 ], [ 130.958039390574839, 33.945672818622334 ], [ 130.957936377361705, 33.945784570873997 ], [ 130.957963739426816, 33.945802047954814 ], [ 130.957918116137904, 33.94585634282025 ], [ 130.957396342458424, 33.945523762371721 ], [ 130.957393764609577, 33.945484596719126 ], [ 130.957577514286442, 33.945279047970807 ], [ 130.957642800902107, 33.945325419256918 ], [ 130.957622234031106, 33.945348656095163 ], [ 130.957749195574479, 33.945433366728132 ], [ 130.957808492524578, 33.945376965590135 ], [ 130.957679121155138, 33.945289153769338 ], [ 130.957653697499182, 33.945316406747025 ], [ 130.957593237682744, 33.945268064264496 ], [ 130.95780018074538, 33.945037234872487 ], [ 130.957867892321246, 33.94507247691584 ], [ 130.957843704590715, 33.945098741999367 ], [ 130.957976712450488, 33.945185427854327 ], [ 130.958036000145341, 33.945126982770077 ], [ 130.957904215201211, 33.945037270155552 ], [ 130.957878804998501, 33.945061421654437 ], [ 130.957813490502673, 33.945024066703134 ], [ 130.958001686420232, 33.944816475002035 ], [ 130.958053685069046, 33.944846711294936 ], [ 130.958029473961261, 33.944871920068522 ], [ 130.95815038963724, 33.944954658184145 ], [ 130.958208487192849, 33.944894169524872 ], [ 130.958091188463271, 33.944810447927807 ], [ 130.958064562134183, 33.944835655895069 ], [ 130.958014999030723, 33.944804363280191 ], [ 130.958227374921506, 33.944568532003231 ], [ 130.958262430171288, 33.94460383363856 ], [ 130.958765165876912, 33.944923094413404 ], [ 130.958947447695238, 33.944727049865044 ], [ 130.95876516587694, 33.944923094413411 ], [ 130.959726875184742, 33.945532920206297 ], [ 130.960287960184104, 33.945894385466637 ], [ 130.960224829284243, 33.945958322005865 ], [ 130.960194643591478, 33.9459395059869 ], [ 130.960059887507015, 33.946080129872634 ], [ 130.960135353387898, 33.946128545931174 ], [ 130.960270488103447, 33.945990458270309 ], [ 130.960240305454647, 33.945969175241473 ], [ 130.960303436109655, 33.945902771671953 ], [ 130.960636600664657, 33.946117085310647 ], [ 130.960520823993903, 33.94624545848113 ], [ 130.960481728840023, 33.946220932424431 ], [ 130.960214525054994, 33.946509928986075 ], [ 130.960327512454825, 33.946581530919303 ], [ 130.960595493347199, 33.946293874364464 ], [ 130.960559899741838, 33.946270617370743 ], [ 130.960676466088699, 33.946142246070139 ], [ 130.960924185157694, 33.946300531602034 ], [ 130.961054905602737, 33.946384325078142 ], [ 130.960517403402179, 33.946974503390422 ], [ 130.961456771385883, 33.947993565551876 ], [ 130.961541176945929, 33.94794139734374 ], [ 130.960650566271397, 33.946975180949991 ], [ 130.961145084793088, 33.946438592028493 ], [ 130.961278268575654, 33.946353474018125 ], [ 130.962034293713145, 33.947218282170574 ], [ 130.962318158169722, 33.947539150698773 ], [ 130.962252841027407, 33.947532860853457 ], [ 130.962078283938553, 33.947649806093835 ], [ 130.962144636538994, 33.947720335752251 ], [ 130.962320272582161, 33.947603391852589 ], [ 130.962333136049125, 33.947555214903232 ], [ 130.962426245204796, 33.947663227399389 ], [ 130.963448470171272, 33.947072834037087 ], [ 130.962843291672641, 33.946344451591067 ], [ 130.963088011014463, 33.946202661006673 ], [ 130.963129748034646, 33.94625085458069 ], [ 130.963091194274966, 33.94627310222382 ], [ 130.963281675296088, 33.946494548948905 ], [ 130.963370578556152, 33.94644104307072 ], [ 130.963183299123926, 33.946219667339626 ], [ 130.963150090428542, 33.94624015508775 ], [ 130.963108351422619, 33.946191961520057 ], [ 130.96325562099409, 33.94610719786057 ], [ 130.963259634019579, 33.946081839876378 ], [ 130.963263116741956, 33.946059934901342 ], [ 130.963915143414567, 33.946161844026562 ], [ 130.963982867949056, 33.946207226339311 ], [ 130.964096412225416, 33.94634581366757 ], [ 130.964096412225445, 33.946345813667548 ], [ 130.964562619149433, 33.94690713882845 ], [ 130.964556732593593, 33.946910729510662 ], [ 130.963306367725949, 33.94766617170206 ], [ 130.963354501681039, 33.947762617908452 ], [ 130.963335758787679, 33.947776839874784 ], [ 130.963387129380095, 33.947844688202061 ], [ 130.963412837056381, 33.947830397880054 ], [ 130.963436438680105, 33.947897813559422 ], [ 130.963158025369069, 33.948042553668238 ], [ 130.963205954693308, 33.948113219143238 ], [ 130.963032035597109, 33.948206004744215 ], [ 130.962695148899542, 33.947823980574654 ], [ 130.962612898608626, 33.94787749021976 ], [ 130.962942950124301, 33.948252396532567 ], [ 130.962200102616492, 33.948691216166708 ], [ 130.962450975905909, 33.949996249414042 ], [ 130.962530016434755, 33.950434545866749 ], [ 130.962492622263795, 33.950777150204111 ], [ 130.962486704359719, 33.950826716054522 ], [ 130.962487465632762, 33.950826867622474 ], [ 130.962486704359719, 33.950826716054536 ], [ 130.962344336623403, 33.952018663046509 ], [ 130.962200337734316, 33.953258627733568 ], [ 130.962123826985561, 33.953896006387964 ], [ 130.962155512245317, 33.953928207317972 ], [ 130.96274955498717, 33.953973398767822 ], [ 130.96276582885767, 33.953964881728623 ], [ 130.962885732176318, 33.952975392032634 ], [ 130.963009517045322, 33.951915391275179 ], [ 130.963048299851664, 33.951864545993892 ], [ 130.963244792949951, 33.951614124444454 ], [ 130.963900089091027, 33.951600795642058 ], [ 130.963931731398191, 33.952781575748759 ], [ 130.963807981900857, 33.953805228368054 ], [ 130.963810912823362, 33.953936598352605 ], [ 130.963908573160353, 33.953941627878137 ], [ 130.963999245026656, 33.953176335631063 ], [ 130.964530526442644, 33.952863529729022 ], [ 130.964591308353278, 33.952830371115972 ], [ 130.964640105068582, 33.952900964087604 ], [ 130.964914521979068, 33.953233728517219 ], [ 130.96494193150312, 33.953216618045353 ], [ 130.964665798683995, 33.952883081652459 ], [ 130.964603288325407, 33.952821005092503 ], [ 130.965030421112345, 33.952577690745422 ], [ 130.965038982863206, 33.952564168897631 ], [ 130.965634073644708, 33.952549758587637 ], [ 130.965633931128593, 33.952505310405179 ], [ 130.965259147454049, 33.952516474599399 ], [ 130.965065034724176, 33.952521562373789 ], [ 130.965097213753097, 33.952450215708481 ], [ 130.965808676472733, 33.952270446327468 ], [ 130.965805913417654, 33.952136469923133 ], [ 130.965890383954758, 33.952117264244173 ], [ 130.96589508527768, 33.952230389576393 ], [ 130.965898392057085, 33.952343414361117 ], [ 130.965899798459873, 33.952391460239966 ], [ 130.965900755169457, 33.952424169540571 ], [ 130.965883492739493, 33.952553280046196 ], [ 130.965784785259501, 33.952577904442428 ], [ 130.965788214174864, 33.952719699758781 ], [ 130.96565927075585, 33.953017127664097 ], [ 130.965454824086265, 33.953563395468436 ], [ 130.965433422838487, 33.953620586401151 ], [ 130.965052159863035, 33.953363092827651 ], [ 130.965010535343822, 33.953403302104213 ], [ 130.965269602911491, 33.95357545897614 ], [ 130.965336833273938, 33.953620135281653 ], [ 130.965403513100114, 33.95366446140325 ], [ 130.96488470609242, 33.954179714481462 ], [ 130.964857713964079, 33.954256273835639 ], [ 130.964696790399813, 33.954634766184867 ], [ 130.964046427963353, 33.956227058762686 ], [ 130.96438224593939, 33.956314289938327 ], [ 130.964046427963353, 33.956227058762693 ], [ 130.963962850487519, 33.956420106465778 ], [ 130.963760481438158, 33.956364681917414 ], [ 130.963844538000359, 33.956407744541885 ], [ 130.963956678864236, 33.956440531913145 ], [ 130.963817999647347, 33.956793248628934 ], [ 130.963887008917993, 33.956894349493709 ], [ 130.963726015831014, 33.956965163047315 ], [ 130.96363153312069, 33.956986618659613 ], [ 130.963515816508135, 33.956817952777151 ], [ 130.963557096097219, 33.956801835210904 ], [ 130.963502097016573, 33.956710319171378 ], [ 130.963436438662228, 33.956680785556628 ], [ 130.963414188805075, 33.956532011979895 ], [ 130.963601445931971, 33.956410912765712 ], [ 130.963587993404872, 33.956397876446651 ], [ 130.963415185137308, 33.956502356416422 ], [ 130.96337265475475, 33.956503964808483 ], [ 130.963408895123223, 33.956782631315953 ], [ 130.963400790215701, 33.956810663543159 ], [ 130.963400790215701, 33.956810663543166 ], [ 130.963244523546336, 33.956838722045795 ], [ 130.963070754361496, 33.956848952899712 ], [ 130.963064865837708, 33.956826481117119 ], [ 130.962975186167682, 33.956828778318155 ], [ 130.962957014468657, 33.956631825210486 ], [ 130.963013435777384, 33.956630222841724 ], [ 130.963012339798524, 33.956585141643053 ], [ 130.961436153432146, 33.956689111784613 ], [ 130.961440359055103, 33.956727925997264 ], [ 130.961602322810478, 33.956717339872029 ], [ 130.961655808634987, 33.956698761999981 ], [ 130.961679001838945, 33.956940867487205 ], [ 130.961415550429649, 33.956958816509768 ], [ 130.96137652303176, 33.956995714599017 ], [ 130.961383884983661, 33.957512314488078 ], [ 130.96144079200019, 33.957510711367888 ], [ 130.961470165625741, 33.957566438870863 ], [ 130.961623432612043, 33.957635728167979 ], [ 130.961712785786574, 33.957662874751243 ], [ 130.961768989886082, 33.957770594479101 ], [ 130.961760990433248, 33.957919569467023 ], [ 130.96170542806351, 33.957989850973419 ], [ 130.961628141037693, 33.958137394187013 ], [ 130.961637692806733, 33.958168391374315 ], [ 130.961710958904689, 33.958164963007526 ], [ 130.96172166342086, 33.958204622873644 ], [ 130.961682110616806, 33.958544125355473 ], [ 130.961814759938875, 33.958824161922138 ], [ 130.961921911921365, 33.959278807012439 ], [ 130.961984183512016, 33.959345744514771 ], [ 130.961887474339079, 33.959597320914376 ], [ 130.961720811471338, 33.959734483641391 ], [ 130.961683197271498, 33.959890844720398 ], [ 130.961727716406045, 33.959998982317053 ], [ 130.961818333630902, 33.96011683409067 ], [ 130.961880921232165, 33.960198232066553 ], [ 130.96209798751903, 33.960495058281253 ], [ 130.962085098152983, 33.960501253404061 ], [ 130.962042173470081, 33.960701709244518 ], [ 130.962104578877927, 33.96078223923918 ], [ 130.962116786874446, 33.961010182938324 ], [ 130.962222505070883, 33.961057269133832 ], [ 130.962493535996686, 33.961337630033405 ], [ 130.962523176367085, 33.961319325701567 ], [ 130.962524954693976, 33.961443931357707 ], [ 130.962602390379971, 33.961552643507666 ], [ 130.9628674756039, 33.961949925253847 ], [ 130.962855623123772, 33.96202796638245 ], [ 130.962923514754834, 33.962130193381988 ], [ 130.963051196774416, 33.962185948479849 ], [ 130.963218428460635, 33.962231643978704 ], [ 130.963562561908049, 33.962198713553569 ], [ 130.963793668193404, 33.962163351730602 ], [ 130.964179362222922, 33.962082322305477 ], [ 130.964273135327431, 33.962051991331442 ], [ 130.964571183456883, 33.961891621955019 ], [ 130.965421249131794, 33.961362242311637 ], [ 130.96552464841065, 33.961334377573799 ], [ 130.967010617245649, 33.961203918491172 ], [ 130.967091697792199, 33.961167594724763 ], [ 130.967977384003603, 33.961072317645439 ], [ 130.968024751709152, 33.961068244219739 ], [ 130.968189931943186, 33.961182257660155 ], [ 130.968224390943675, 33.961151063396848 ], [ 130.968596803350039, 33.961395231623293 ], [ 130.968869901422664, 33.961580274818871 ], [ 130.970823613939331, 33.96146249951564 ], [ 130.971154632466153, 33.96124302093024 ], [ 130.971503878769937, 33.961020939459289 ], [ 130.972559754149898, 33.960331092279752 ], [ 130.972965302901997, 33.960072743462476 ], [ 130.972699988735542, 33.959742816639306 ], [ 130.972965302902026, 33.960072743462476 ], [ 130.973297152733608, 33.960504397912693 ], [ 130.973221116144657, 33.960542418695553 ], [ 130.973257585679022, 33.960594761948038 ], [ 130.973205176014119, 33.960619756182432 ], [ 130.97290914277383, 33.960706894698795 ], [ 130.972947244596867, 33.960763676626506 ], [ 130.972994279010152, 33.960739384583341 ], [ 130.972974021425472, 33.960706133885338 ], [ 130.973211665341097, 33.960629971295049 ], [ 130.973218139062794, 33.960643497041502 ], [ 130.973550276418678, 33.960498889085031 ], [ 130.973542966801517, 33.960486630526773 ], [ 130.973750207633572, 33.960361857824033 ], [ 130.973772895961588, 33.960398913730174 ], [ 130.973820751165107, 33.960375397493003 ], [ 130.973784282754906, 33.960318545761808 ], [ 130.973535264627429, 33.960477260985144 ], [ 130.973478507713139, 33.960491546533063 ], [ 130.973444461733664, 33.960437441804572 ], [ 130.973370656942308, 33.960473209117261 ], [ 130.973033030409681, 33.960034580104946 ], [ 130.974496754443607, 33.959073968868999 ], [ 130.974503720536887, 33.959045794715571 ], [ 130.974358526867235, 33.958894742376984 ], [ 130.974475911952965, 33.958839543160977 ], [ 130.97454094051426, 33.958936481159718 ], [ 130.974573495821375, 33.958918033573831 ], [ 130.974369043016992, 33.958690330933742 ], [ 130.974345147045739, 33.958704485183453 ], [ 130.974409375842413, 33.958776909737374 ], [ 130.97432813264524, 33.958861138083059 ], [ 130.973741099927537, 33.958234876742047 ], [ 130.975166248799525, 33.957563895550031 ], [ 130.975441751442133, 33.957436036179111 ], [ 130.975441751442133, 33.957436036179118 ], [ 130.975733163761788, 33.957883664984735 ], [ 130.975806333462714, 33.957909038972282 ], [ 130.977166785360652, 33.957719401945567 ], [ 130.977266437607085, 33.957714491338741 ], [ 130.977472458619587, 33.957681071328899 ], [ 130.977562341228094, 33.958088365565771 ], [ 130.977631079158584, 33.958461071823024 ], [ 130.977269070248269, 33.958510452239963 ], [ 130.977247076969007, 33.958620476070756 ], [ 130.977269070248241, 33.958510452239949 ], [ 130.976460313684896, 33.958612714129181 ], [ 130.976336885644997, 33.959547696443259 ], [ 130.976343115694419, 33.959560589115839 ], [ 130.977044735130619, 33.95963229049368 ], [ 130.97869002470415, 33.959803691522623 ], [ 130.979566068426067, 33.959898795626536 ], [ 130.98098205826642, 33.960044628494472 ], [ 130.981380347442723, 33.960086813265121 ], [ 130.981815662221067, 33.960132806641504 ], [ 130.983796026269317, 33.960490499608753 ], [ 130.985359033261346, 33.960771331124576 ], [ 130.98720730882178, 33.961103595426714 ], [ 130.98862365298092, 33.961359575234795 ], [ 130.989285775548439, 33.961480861988214 ], [ 130.989314205443549, 33.961340409173822 ], [ 130.989377766495835, 33.961320974449748 ], [ 130.989596439595033, 33.961405520735816 ], [ 130.991287272062578, 33.962035733055238 ], [ 130.991224766446209, 33.962141667676399 ], [ 130.99129577892279, 33.96216653782691 ], [ 130.991342648273303, 33.962056447229592 ], [ 130.99165649265575, 33.962177201330711 ], [ 130.99159401083125, 33.962276585361487 ], [ 130.991663597504811, 33.962303779108403 ], [ 130.991714718367263, 33.962193757474438 ], [ 130.991924187850856, 33.962273087165194 ], [ 130.991975317190509, 33.962251747924704 ], [ 130.992029251322151, 33.962164266651264 ], [ 130.992148263876913, 33.962214779217653 ], [ 130.992177363403499, 33.962157233592727 ], [ 130.992053740454963, 33.962119398544147 ], [ 130.992146459663786, 33.961936828619301 ], [ 130.992267335653395, 33.961989103265012 ], [ 130.992297341046253, 33.961933811151965 ], [ 130.992169640245606, 33.961894427394412 ], [ 130.992252358223396, 33.961751372647718 ], [ 130.991652547719639, 33.960956782139 ], [ 130.991226781248656, 33.960378166995604 ], [ 130.990625166945989, 33.959579132654916 ], [ 130.990587919071174, 33.959511719166159 ], [ 130.990224871845697, 33.959014884304992 ], [ 130.990176488105789, 33.95898120991373 ], [ 130.989793633347887, 33.958708086152015 ], [ 130.98940376814906, 33.958435453052061 ], [ 130.98910656497452, 33.958428663417095 ], [ 130.988058000981255, 33.958397636890375 ], [ 130.987421090649718, 33.958379961490337 ], [ 130.986037782464024, 33.958333386428301 ], [ 130.985389804461477, 33.958221519753067 ], [ 130.985257557815828, 33.958260034967672 ], [ 130.985183983373645, 33.958239104316284 ], [ 130.985113085824878, 33.958148722937395 ], [ 130.985148541044225, 33.958003271251997 ], [ 130.985038126642024, 33.957985014160947 ], [ 130.985067221094056, 33.957851042674953 ], [ 130.985404407684456, 33.95791095792702 ], [ 130.985419869555102, 33.957846578762613 ], [ 130.985296253284361, 33.957818528750856 ], [ 130.985334911051325, 33.957620882790927 ], [ 130.985446697794259, 33.957641323912853 ], [ 130.985469086568685, 33.957567857337018 ], [ 130.985806159109075, 33.957594384563734 ], [ 130.987073107069733, 33.957561987620984 ], [ 130.987674634771707, 33.957549163335145 ], [ 130.987779144837702, 33.957549976656082 ], [ 130.987867446741603, 33.957550662185717 ], [ 130.988302805674749, 33.957590292711672 ], [ 130.988542712033137, 33.957615886393 ], [ 130.989248037376001, 33.957703650644007 ], [ 130.989541073212592, 33.957745518099316 ], [ 130.989806901758556, 33.957817459825037 ], [ 130.990079998762923, 33.957927297117003 ], [ 130.990295402862984, 33.958045582160182 ], [ 130.990423981063032, 33.958134133367615 ], [ 130.990608936554082, 33.958292425648054 ], [ 130.990657987963345, 33.958345610371168 ], [ 130.990768860320884, 33.958477199516409 ], [ 130.991106930010659, 33.958924089236902 ], [ 130.991417736172508, 33.959345830944109 ], [ 130.99172398267973, 33.959749607952084 ], [ 130.991915279769671, 33.959948118078003 ], [ 130.991997542357609, 33.960015463879962 ], [ 130.991877556634194, 33.96012301428383 ], [ 130.992220625912466, 33.960583497428821 ], [ 130.992249711913274, 33.960569834294887 ], [ 130.99191753707305, 33.960132103720689 ], [ 130.992027078116962, 33.960035117261228 ], [ 130.99230517972984, 33.960212360297341 ], [ 130.992806762049895, 33.960498163759873 ], [ 130.992640060358212, 33.960694043757307 ], [ 130.992774572914499, 33.960773576654184 ], [ 130.99267959740601, 33.960881131621129 ], [ 130.992381026957503, 33.960769818216683 ], [ 130.992366491566855, 33.96079024392813 ], [ 130.992669131046711, 33.960910009729048 ], [ 130.993303060721274, 33.961393118478448 ], [ 130.993373051256981, 33.96130979359728 ], [ 130.993394852445419, 33.961324938106408 ], [ 130.99350485006272, 33.961209848173901 ], [ 130.994096517550304, 33.961538548627971 ], [ 130.994008801093997, 33.961731685715897 ], [ 130.993963350652024, 33.961808179347813 ], [ 130.994035098477269, 33.961911587291581 ], [ 130.994294062991287, 33.96209157144667 ], [ 130.994591222751865, 33.962335302525616 ], [ 130.994485793792705, 33.962462509019808 ], [ 130.994503433193103, 33.9624717373203 ], [ 130.994619498247999, 33.962323611684937 ], [ 130.994832541983754, 33.962445339342985 ], [ 130.99495413124211, 33.96254515503221 ], [ 130.99478771764845, 33.962740472308404 ], [ 130.994962240050086, 33.962920802601687 ], [ 130.994971371789774, 33.962930242858633 ], [ 130.994417442038355, 33.963297482483334 ], [ 130.994331508130131, 33.963178506664349 ], [ 130.993814291877527, 33.963521232385453 ], [ 130.99553101328101, 33.964838652374077 ], [ 130.997083502882219, 33.966025239477744 ], [ 130.997804081965171, 33.966565376820938 ], [ 130.99957558338869, 33.967918864937324 ], [ 130.999912008790773, 33.968177656115351 ], [ 131.00196519803373, 33.96973924785727 ], [ 131.002155354947519, 33.969885121886534 ], [ 131.002929859690852, 33.969619341499246 ], [ 131.003418434789921, 33.969451684912109 ], [ 131.005098876309063, 33.968877131326146 ], [ 131.005913687754457, 33.968598582812227 ], [ 131.007131229064839, 33.968177440495879 ], [ 131.008365402909106, 33.967756072739206 ], [ 131.008331840483976, 33.967415719988423 ], [ 131.00601944644896, 33.965670054343427 ], [ 131.005352309576836, 33.965164270260431 ], [ 131.005485986844491, 33.964805313540985 ], [ 131.005385479675567, 33.964778269706748 ], [ 131.00524064808107, 33.965162302150723 ], [ 131.003119284830916, 33.965897886464958 ], [ 131.001413874065406, 33.964594812932326 ], [ 131.001053290852383, 33.964331869441608 ], [ 131.000889315975144, 33.964022295973081 ], [ 131.000930555150205, 33.964008418326713 ], [ 131.003033559347642, 33.963291751049113 ], [ 131.006441620428916, 33.962132010606631 ], [ 131.006645281807096, 33.962283792916125 ], [ 131.006684654719948, 33.962241669610094 ], [ 131.006482474012216, 33.962089393674077 ], [ 131.006771285322458, 33.961797976492569 ], [ 131.006906185907383, 33.961894469865307 ], [ 131.006936451098568, 33.96181952183408 ], [ 131.007055427975729, 33.961688782817973 ], [ 131.007414866544707, 33.961944381816743 ], [ 131.00691006650095, 33.962411060329451 ], [ 131.006760782131437, 33.962298438048172 ], [ 131.006721108246722, 33.9623420416887 ], [ 131.007988643090812, 33.963291540467814 ], [ 131.009499262153213, 33.964439712566467 ], [ 131.010845929404553, 33.965459181478103 ], [ 131.014147943347183, 33.964332519234119 ], [ 131.017776312767268, 33.963090197884014 ], [ 131.020096172656594, 33.962294505742754 ], [ 131.019729819179986, 33.961539334245529 ], [ 131.019686602445915, 33.961459605069464 ], [ 131.01856869439149, 33.961236994859121 ], [ 131.01777465625895, 33.961071096135186 ], [ 131.017686507710948, 33.961055896170919 ], [ 131.017568283377898, 33.960687171078888 ], [ 131.017344797863956, 33.960006984255621 ], [ 131.019439871513924, 33.959542955947356 ], [ 131.019885188204512, 33.959634095864487 ], [ 131.019905354911259, 33.959623175580049 ], [ 131.021333852582529, 33.959897136647605 ], [ 131.021581818711809, 33.960849134229129 ], [ 131.021560096046898, 33.960944088395316 ], [ 131.021392537835339, 33.961802619531369 ], [ 131.021202436287268, 33.961876612858084 ], [ 131.020927701487039, 33.961962314878193 ], [ 131.020949462506195, 33.962002461100333 ], [ 131.021191587143193, 33.961923526992173 ], [ 131.021500696485816, 33.961814785972919 ], [ 131.021694074631057, 33.960851015773514 ], [ 131.021528471125322, 33.960214917950125 ], [ 131.021479088412718, 33.960221830024551 ], [ 131.021540200807408, 33.960168427110844 ], [ 131.02150312592164, 33.959966769379307 ], [ 131.021548366696663, 33.959966196394298 ], [ 131.021859566509562, 33.960011642501861 ], [ 131.021864858892116, 33.959977407429903 ], [ 131.022034997736881, 33.960011115797251 ], [ 131.022365038341945, 33.960131572706338 ], [ 131.022659209219285, 33.960181457779861 ], [ 131.022936020221579, 33.960177458388529 ], [ 131.023106440834027, 33.960129950149692 ], [ 131.023405539141493, 33.960000565741161 ], [ 131.023635590978074, 33.959858023624221 ], [ 131.023768942531547, 33.959632735112422 ], [ 131.023810078267616, 33.959648504962075 ], [ 131.023865297719112, 33.959554881282656 ], [ 131.023871300135085, 33.959365964026738 ], [ 131.023921988865766, 33.95910659993114 ], [ 131.023993820471105, 33.958802573596984 ], [ 131.024033953043897, 33.958545606471979 ], [ 131.024036907387426, 33.958220392770663 ], [ 131.024008392133595, 33.95795829712165 ], [ 131.023941295861533, 33.957686419521458 ], [ 131.023735689266459, 33.957183461941881 ], [ 131.02379816768908, 33.957012635250067 ], [ 131.023902540012557, 33.956978522391793 ], [ 131.023884200054397, 33.956935840515094 ], [ 131.023777470566188, 33.956975870106184 ], [ 131.023700600531413, 33.956926861733393 ], [ 131.02356962331109, 33.956778756975069 ], [ 131.023285012960372, 33.956216362459799 ], [ 131.023090039682046, 33.95589231562235 ], [ 131.022966338213109, 33.955726669139118 ], [ 131.022878836565468, 33.955534318769814 ], [ 131.022758694730499, 33.955432065322185 ], [ 131.022601323831623, 33.955120618341489 ], [ 131.022428513346313, 33.954990553754989 ], [ 131.022256169178831, 33.95481716765331 ], [ 131.022088255181359, 33.954633003425926 ], [ 131.021748252589333, 33.954292218184541 ], [ 131.021491262871649, 33.954023543659908 ], [ 131.021246014512627, 33.953801427823869 ], [ 131.021287383352302, 33.95374140669972 ], [ 131.021087276803485, 33.953730595857003 ], [ 131.020709081149107, 33.953679176017978 ], [ 131.020535119570042, 33.953603697766908 ], [ 131.020604475424136, 33.95344477652683 ], [ 131.020531874251191, 33.953426263861168 ], [ 131.020462345036151, 33.95359180628116 ], [ 131.020124957110284, 33.953531007951 ], [ 131.019794519241771, 33.953438299541652 ], [ 131.019546623630191, 33.953288590980691 ], [ 131.019348935503501, 33.953053217280747 ], [ 131.019167236104522, 33.952758883728578 ], [ 131.019094016344468, 33.952642037061473 ], [ 131.018952370428167, 33.952375660646538 ], [ 131.018828700804846, 33.952185846711124 ], [ 131.018599203331718, 33.951671186867408 ], [ 131.0183656412581, 33.951117995718313 ], [ 131.018221034581615, 33.950653683931208 ], [ 131.018141483337473, 33.950265364840583 ], [ 131.01811070579376, 33.949878517667685 ], [ 131.018123755054006, 33.949671564673352 ], [ 131.018187350798712, 33.949390151054786 ], [ 131.018271752270493, 33.949181637568209 ], [ 131.018382324521554, 33.94898361473598 ], [ 131.018450488962884, 33.948901682449723 ], [ 131.018612114124039, 33.948786488815642 ], [ 131.018730430405355, 33.948827888363709 ], [ 131.018777809428428, 33.94874962324716 ], [ 131.018986443141216, 33.948883846022639 ], [ 131.019031969399407, 33.94888926065579 ], [ 131.018794978145877, 33.948742364103417 ], [ 131.018844375778144, 33.948723478312665 ], [ 131.019170960356348, 33.948582758418084 ], [ 131.019260541626721, 33.948571895285767 ], [ 131.019373633146927, 33.948673027491139 ], [ 131.019482403714022, 33.948877141235364 ], [ 131.019665958311265, 33.949096245622684 ], [ 131.019798558799209, 33.949198501048123 ], [ 131.019919215630154, 33.949196718149366 ], [ 131.020108107204521, 33.949120822946057 ], [ 131.020351907383827, 33.948983494349697 ], [ 131.020617716003727, 33.948778752280028 ], [ 131.020700817856095, 33.948858262050898 ], [ 131.020747035352855, 33.948822683125755 ], [ 131.020658872317512, 33.948736691693519 ], [ 131.02086219825901, 33.948572249823158 ], [ 131.021036307878916, 33.948518615279951 ], [ 131.02111353401844, 33.948260231269366 ], [ 131.021270973852609, 33.948001972886431 ], [ 131.021529492367108, 33.947625075204321 ], [ 131.021668869656622, 33.947403519615506 ], [ 131.021870725399594, 33.947181315502263 ], [ 131.02193899889977, 33.94712227531393 ], [ 131.021917103424812, 33.946357664646584 ], [ 131.021963699206822, 33.946296936897241 ], [ 131.022266027401855, 33.946287088221503 ], [ 131.022265296920949, 33.946242007376064 ], [ 131.021961866190964, 33.946244459596592 ], [ 131.021861370131916, 33.945864600556192 ], [ 131.02173699598174, 33.945482351404415 ], [ 131.02158408950902, 33.945056715705775 ], [ 131.021517215899166, 33.944818362017735 ], [ 131.021491529175535, 33.944671993471239 ], [ 131.021463617114904, 33.944278875245743 ], [ 131.021489954593335, 33.944122918509365 ], [ 131.021588519900462, 33.943941659113676 ], [ 131.021761484483051, 33.943730942765853 ], [ 131.021856440693995, 33.943570181725754 ], [ 131.021969190871687, 33.943523670702774 ], [ 131.021881311532411, 33.943388865313629 ], [ 131.021903540981242, 33.943249109234984 ], [ 131.022003776951379, 33.943135965303675 ], [ 131.021926019162095, 33.943061806996774 ], [ 131.0218586890295, 33.943048295110543 ], [ 131.021868190985117, 33.942923475663285 ], [ 131.022007467465443, 33.942886398592691 ], [ 131.021941832672297, 33.942758843236994 ], [ 131.021801670706878, 33.942679344121913 ], [ 131.021720170592232, 33.942648507201675 ], [ 131.02165570222823, 33.94247474369449 ], [ 131.021568128210703, 33.942376920359514 ], [ 131.021561433619411, 33.942220404992959 ], [ 131.021426485863969, 33.942153934672149 ], [ 131.021353644275877, 33.942064418152015 ], [ 131.021171865471672, 33.941971963822823 ], [ 131.021030529232206, 33.941852523673184 ], [ 131.020788687807453, 33.941847283036026 ], [ 131.02054107327038, 33.941905510050077 ], [ 131.020376073752743, 33.941912300897513 ], [ 131.020210220500559, 33.941896481129056 ], [ 131.019761162249665, 33.941782867399326 ], [ 131.0193935916692, 33.941736228259074 ], [ 131.019272819564208, 33.941732796583196 ], [ 131.01913960239861, 33.941675126702513 ], [ 131.018824322613938, 33.941593750058239 ], [ 131.018364300756872, 33.941534584351501 ], [ 131.018108876013201, 33.941598229913893 ], [ 131.017730102805132, 33.941824188707535 ], [ 131.017269306172665, 33.942229284756706 ], [ 131.017137283813611, 33.942292910606298 ], [ 131.01698674009927, 33.942308780969725 ], [ 131.016833018800639, 33.942361844267417 ], [ 131.0165579199425, 33.942339696289345 ], [ 131.016427317614017, 33.942305974205169 ], [ 131.016374155864952, 33.942369095578727 ], [ 131.015997946984754, 33.942405283421408 ], [ 131.015731808660888, 33.942354744095887 ], [ 131.015518263213607, 33.942256085806434 ], [ 131.015429828307134, 33.942179953455259 ], [ 131.015205878475712, 33.942156948149979 ], [ 131.014894349473678, 33.941993640712326 ], [ 131.014519249718802, 33.941707562482748 ], [ 131.014016971743672, 33.94120961545967 ], [ 131.01380339290904, 33.940945633812674 ], [ 131.013445620808795, 33.94052958769025 ], [ 131.01336181776125, 33.940467963785402 ], [ 131.01324565827241, 33.940526229682739 ], [ 131.013241070522128, 33.94063844118066 ], [ 131.013336978908939, 33.940621595059014 ], [ 131.014020463212177, 33.941404238727699 ], [ 131.014266721051769, 33.941773102208501 ], [ 131.014369619240995, 33.941939256062298 ], [ 131.013999463129977, 33.942154846278022 ], [ 131.013649322301433, 33.942369024803902 ], [ 131.013641022365817, 33.942937826557959 ], [ 131.013544808962678, 33.943043357078764 ], [ 131.013448306720704, 33.94304188807584 ], [ 131.013246316049845, 33.942942662066791 ], [ 131.0129590474194, 33.942632057036846 ], [ 131.012765705466876, 33.942494299269192 ], [ 131.012618646577494, 33.942527070002825 ], [ 131.012618629065571, 33.942400418364237 ], [ 131.01251459854393, 33.942400923953258 ], [ 131.012438579271191, 33.942325772544983 ], [ 131.012339193397111, 33.942331558804518 ], [ 131.012328483422351, 33.94217455045063 ], [ 131.012426152404402, 33.942174046265755 ], [ 131.012630429577285, 33.942150496531916 ], [ 131.01297398601011, 33.942026062298865 ], [ 131.01313146014266, 33.941985612048136 ], [ 131.013145885276998, 33.9419384158195 ], [ 131.01300835693425, 33.941962522927248 ], [ 131.012844505143676, 33.94187730824639 ], [ 131.012794816246839, 33.941899854489463 ], [ 131.01260150695316, 33.941888394754976 ], [ 131.012474929746901, 33.941842200157424 ], [ 131.012268913729656, 33.941818625101149 ], [ 131.012080204154245, 33.941756093619389 ], [ 131.011920413606816, 33.941791120564545 ], [ 131.011730291618335, 33.941761837326368 ], [ 131.011523115225202, 33.941780523855002 ], [ 131.011491652691092, 33.941686772330272 ], [ 131.011448618034763, 33.941651627794769 ], [ 131.011307125306416, 33.941740607274895 ], [ 131.011025383763638, 33.941797830321569 ], [ 131.010894679772179, 33.942177161899686 ], [ 131.010802833091248, 33.942176465739514 ], [ 131.010832420883673, 33.942080947763273 ], [ 131.010843783257542, 33.942019311375908 ], [ 131.010792461931146, 33.941908937233464 ], [ 131.010489806299546, 33.94166193354026 ], [ 131.010173526167875, 33.941372033030888 ], [ 131.009935104430411, 33.941131710865534 ], [ 131.009679789862759, 33.940799325254865 ], [ 131.009597447581143, 33.940617245298519 ], [ 131.009563916645277, 33.940429525390172 ], [ 131.009543192691723, 33.940160024550011 ], [ 131.009582059466396, 33.939824165013924 ], [ 131.009711698730882, 33.93918892907076 ], [ 131.009744960606156, 33.938742057854569 ], [ 131.009836358671606, 33.938536578549197 ], [ 131.009981560673396, 33.938410339073954 ], [ 131.010025411812876, 33.93827861267205 ], [ 131.009973650216381, 33.937774478257765 ], [ 131.010056776744278, 33.937614504526842 ], [ 131.009991401317563, 33.937566188080964 ], [ 131.008862290223533, 33.936689720592582 ], [ 131.008813888138405, 33.936493900892991 ], [ 131.008729492806793, 33.936511164061422 ], [ 131.008758444575221, 33.936582165363454 ], [ 131.008787427985595, 33.936721493676487 ], [ 131.008735287129269, 33.936731148694136 ], [ 131.008545832058275, 33.936856049828826 ], [ 131.008420473739932, 33.936775968414373 ], [ 131.008129617987152, 33.936647648266209 ], [ 131.008128182622272, 33.936584745683923 ], [ 131.008095259143573, 33.93540642940517 ], [ 131.008083550505489, 33.934970477510227 ], [ 131.007565926270502, 33.934793707905897 ], [ 131.007577339183968, 33.934779688581159 ], [ 131.007794026799161, 33.934489040373045 ], [ 131.008352774191934, 33.933765586679023 ], [ 131.008591905012622, 33.9338621438499 ], [ 131.009313328914544, 33.933125572862416 ], [ 131.009891592004209, 33.932552428408371 ], [ 131.009875439481931, 33.932267640712446 ], [ 131.009892821453747, 33.932262144454555 ], [ 131.009881673863504, 33.932112532686716 ], [ 131.009858457590383, 33.932077877576184 ], [ 131.009878459564305, 33.931991445680197 ], [ 131.009948608963214, 33.931806888616293 ], [ 131.010031335891, 33.931708829563505 ], [ 131.01025927142814, 33.931663375192478 ], [ 131.010448299006185, 33.931357157251973 ], [ 131.010523591415932, 33.93132749417375 ], [ 131.010538901184134, 33.931281989169769 ], [ 131.010465253584357, 33.931240576606768 ], [ 131.010593496310491, 33.93121224872457 ], [ 131.010521079227743, 33.931121316837356 ], [ 131.010572384129915, 33.931036432671732 ], [ 131.010593466423018, 33.930941267011363 ], [ 131.010688600420451, 33.930849544487273 ], [ 131.010743613761463, 33.930750924683835 ], [ 131.010646190850338, 33.93066253044411 ], [ 131.010657931238171, 33.930425429227398 ], [ 131.010578078157721, 33.930290967271127 ], [ 131.010101910103259, 33.9301020890749 ], [ 131.009863743414002, 33.930018285543511 ], [ 131.009771674044288, 33.930028364180458 ], [ 131.009409031639819, 33.929944358877407 ], [ 131.009058092991609, 33.929852319849346 ], [ 131.008759043932486, 33.929792889798541 ], [ 131.008512193434797, 33.929678865583995 ], [ 131.008352916020499, 33.929490309515423 ], [ 131.008210126450507, 33.92922638089474 ], [ 131.008162717278708, 33.929061342837095 ], [ 131.008239493985201, 33.928954338916057 ], [ 131.008392145985567, 33.928853811319492 ], [ 131.008360343137866, 33.928821340155793 ], [ 131.008204392856868, 33.928929335665885 ], [ 131.008130610156144, 33.928899334307133 ], [ 131.00804061771683, 33.928896943664256 ], [ 131.00781656692655, 33.92872586136248 ], [ 131.007643163947449, 33.928241245837228 ], [ 131.007502177279861, 33.927982809511114 ], [ 131.007255598828209, 33.927668734004492 ], [ 131.006748697634265, 33.927158285044897 ], [ 131.006461050274766, 33.926920284107851 ], [ 131.00592565629745, 33.926590300180401 ], [ 131.005430171888037, 33.926347798490823 ], [ 131.004977856883471, 33.926110786218075 ], [ 131.004394784365047, 33.925726769343214 ], [ 131.004076269712641, 33.925525745240478 ], [ 131.003673760360215, 33.925251254479861 ], [ 131.003331233466895, 33.924922731610963 ], [ 131.00316658189584, 33.924750720401597 ], [ 131.00280607022404, 33.924307662095124 ], [ 131.002509454846518, 33.923886155456991 ], [ 131.002322283691171, 33.923584676379697 ], [ 131.002229019155664, 33.923474650223312 ], [ 131.001926990110917, 33.923326731759168 ], [ 131.001883804913859, 33.923234525869098 ], [ 131.001887987984844, 33.923068991732045 ], [ 131.00182557030115, 33.922895569293516 ], [ 131.001736287244228, 33.92282766636427 ], [ 131.001686005811649, 33.922865281477996 ], [ 131.001692938625922, 33.922904165385937 ], [ 131.001542125773113, 33.923094988836816 ], [ 131.001632263156949, 33.923157115257574 ], [ 131.001673871813693, 33.923314689613477 ], [ 131.001728491155632, 33.923443312366473 ], [ 131.001711153760255, 33.923577713282782 ], [ 131.001764897168414, 33.923664424206578 ], [ 131.001894924132273, 33.92371788572099 ], [ 131.001736290811806, 33.923873982036909 ], [ 131.001668681417357, 33.923914416090149 ], [ 131.001765774896143, 33.923947662986663 ], [ 131.001836845261408, 33.92402430069761 ], [ 131.00191831987064, 33.924034372384043 ], [ 131.002225176806405, 33.924154326039776 ], [ 131.002435825231146, 33.924369727618277 ], [ 131.002553717581264, 33.924420160276654 ], [ 131.002688941256821, 33.924589354290809 ], [ 131.002821565298774, 33.924726639432933 ], [ 131.002984542797947, 33.924979584511675 ], [ 131.003077279787504, 33.925085031991301 ], [ 131.003392831129787, 33.925379886001039 ], [ 131.003478634552465, 33.925501250583942 ], [ 131.00358093303862, 33.925553303878068 ], [ 131.0037820387696, 33.925726719397851 ], [ 131.003759512637401, 33.925785961214537 ], [ 131.003558408292008, 33.925751239781597 ], [ 131.003407570806672, 33.925742579417765 ], [ 131.003263671588428, 33.925673271507783 ], [ 131.003020951752205, 33.925608190659624 ], [ 131.003033096982278, 33.925664542348756 ], [ 131.003192590158079, 33.925702083892318 ], [ 131.003443976785093, 33.925790267363709 ], [ 131.003569672256504, 33.925846756614725 ], [ 131.003580077160365, 33.925933397482702 ], [ 131.003739582625229, 33.926007001920119 ], [ 131.003706637848836, 33.926018695411521 ], [ 131.003753451611374, 33.92609533267084 ], [ 131.003847065801011, 33.9260953297523 ], [ 131.00399617710633, 33.92615167693247 ], [ 131.004103656854682, 33.926242611911007 ], [ 131.004209406324293, 33.926225280624067 ], [ 131.004243228022972, 33.926280223174842 ], [ 131.00413918974408, 33.926322138531937 ], [ 131.004023034937831, 33.926281638891453 ], [ 131.00383579996614, 33.926249806615353 ], [ 131.003580948744258, 33.926176062624201 ], [ 131.003667626949721, 33.926108226899927 ], [ 131.003632959026959, 33.926014332001877 ], [ 131.003335627444471, 33.926018706131984 ], [ 131.003209069537178, 33.926048999275444 ], [ 131.003087715528949, 33.926009909325558 ], [ 131.00286407070891, 33.925865440733432 ], [ 131.002851932693858, 33.925840999443281 ], [ 131.00257192685882, 33.925702098569992 ], [ 131.002478302735824, 33.92560968323901 ], [ 131.002532046683314, 33.92557643390554 ], [ 131.002656876569631, 33.925642856161815 ], [ 131.002814638218979, 33.925655884569011 ], [ 131.002887460186969, 33.925643766637428 ], [ 131.002855551672127, 33.925563958879394 ], [ 131.002503276936068, 33.925447246446026 ], [ 131.002318820511107, 33.925498109423977 ], [ 131.00199772638851, 33.92527961022364 ], [ 131.001483863221125, 33.925006732957996 ], [ 131.001225894305293, 33.924806755507916 ], [ 131.000979715598191, 33.924704972445504 ], [ 131.001032420647391, 33.924774354885763 ], [ 131.000925636288002, 33.924730401166144 ], [ 131.000782770373803, 33.924612416218778 ], [ 131.000717606398609, 33.924503796990372 ], [ 131.000696104967204, 33.924414831353602 ], [ 131.00067252607758, 33.924473650012587 ], [ 131.000747415369176, 33.924644887642565 ], [ 131.000832013903562, 33.924794009734747 ], [ 131.000940887244184, 33.924907346392025 ], [ 131.00135765259887, 33.925172056046058 ], [ 131.001576803925474, 33.925274967361226 ], [ 131.00192560745441, 33.925487760499827 ], [ 131.001972766877373, 33.925510794175246 ], [ 131.002080254600202, 33.925655335266448 ], [ 131.002404111268532, 33.925944415581199 ], [ 131.002305642965382, 33.925994077688188 ], [ 131.00258025979403, 33.926033376021905 ], [ 131.002699539803501, 33.926100433397188 ], [ 131.002852806810012, 33.926242647671224 ], [ 131.002988719516566, 33.926281950460854 ], [ 131.003012291709382, 33.926384862139159 ], [ 131.002915899397436, 33.926507430060752 ], [ 131.002958917836963, 33.926568711248834 ], [ 131.003078176423458, 33.926599843297254 ], [ 131.00328685863164, 33.926545107059326 ], [ 131.003377627349266, 33.926573208465108 ], [ 131.003419640194693, 33.926696407899406 ], [ 131.003222987070814, 33.926840815231316 ], [ 131.003122135347496, 33.926807147568248 ], [ 131.00304648811607, 33.926847792811728 ], [ 131.002868303948674, 33.926867378935398 ], [ 131.002809476170142, 33.926948599262403 ], [ 131.002786322038787, 33.92701812295504 ], [ 131.002608816480688, 33.927017281100106 ], [ 131.002513073736026, 33.926978682579616 ], [ 131.002302741462074, 33.926961640317842 ], [ 131.002184401431691, 33.926911419922277 ], [ 131.002007982136575, 33.926920367235425 ], [ 131.001700834800886, 33.92676526424404 ], [ 131.001340985427078, 33.926521404471046 ], [ 131.00114142954169, 33.92635354968359 ], [ 131.000928429790093, 33.926275573362055 ], [ 131.00082191188514, 33.926194920895 ], [ 131.000656783980304, 33.926201190552639 ], [ 131.00049649366494, 33.926091868453142 ], [ 131.000502950240673, 33.925951833671384 ], [ 131.000465843085209, 33.925764463927358 ], [ 131.000452400515826, 33.925583291695311 ], [ 131.000410771676883, 33.925443328073328 ], [ 131.000324030039934, 33.925320340062804 ], [ 131.000193894048579, 33.925219118036544 ], [ 131.000093252674077, 33.925190237206124 ], [ 131.00004814143719, 33.925104794579539 ], [ 130.999911960600258, 33.924996386259984 ], [ 130.99976620717058, 33.925028155643709 ], [ 130.999757533397059, 33.924999274661999 ], [ 131.000052481024028, 33.924958771836252 ], [ 131.000047282701217, 33.92481845418699 ], [ 131.000005640153802, 33.924808310833903 ], [ 130.999932773171849, 33.924844448211751 ], [ 130.999646486216704, 33.924922635642105 ], [ 130.999764469497904, 33.924837191594285 ], [ 130.999959678202202, 33.924502109079491 ], [ 130.999961517081573, 33.924480625417722 ], [ 130.999945597288843, 33.924429697261566 ], [ 130.99991437883466, 33.924152373138483 ], [ 130.999918491848319, 33.9238783619072 ], [ 130.999949624125094, 33.923723605688444 ], [ 131.000060584046167, 33.923486786248681 ], [ 131.000173306981054, 33.923397679496603 ], [ 131.000303636019595, 33.923366263006251 ], [ 131.000432213490143, 33.92329089124447 ], [ 131.000539072468086, 33.92326257449615 ], [ 131.000602473732016, 33.923267504468626 ], [ 131.000770376272897, 33.923194950871739 ], [ 131.000842581076625, 33.92319600701569 ], [ 131.000909522153563, 33.923064847741813 ], [ 131.001074480972619, 33.922884731260979 ], [ 131.001090920649602, 33.92278590318687 ], [ 131.001196027450078, 33.922533304236907 ], [ 131.001407947515645, 33.922147643362756 ], [ 131.001656281606955, 33.921873558152321 ], [ 131.001834173731936, 33.921723800173716 ], [ 131.001924579889078, 33.921673925634458 ], [ 131.002133589830578, 33.921598553098995 ], [ 131.002331434938839, 33.92160242326765 ], [ 131.002504038929658, 33.921654334278976 ], [ 131.002914399680179, 33.921757096921198 ], [ 131.003100512839353, 33.921795270964687 ], [ 131.003438655158277, 33.921745320722565 ], [ 131.003539055118694, 33.921661141546181 ], [ 131.003779750908933, 33.921591680102814 ], [ 131.004016350356295, 33.921569131930831 ], [ 131.004203042766932, 33.921513338404459 ], [ 131.004504196124941, 33.921464372659393 ], [ 131.004762520327915, 33.9213596187817 ], [ 131.005163477934559, 33.921318464784584 ], [ 131.005464663672996, 33.921324368921844 ], [ 131.005667777534711, 33.921344858999397 ], [ 131.005906723848511, 33.921335126636635 ], [ 131.00602649296988, 33.921365410101387 ], [ 131.006140959353331, 33.921287145125291 ], [ 131.006312382803884, 33.921247902581101 ], [ 131.006524903474514, 33.921247891629633 ], [ 131.006682831302584, 33.92127429769981 ], [ 131.006910619182293, 33.921354656735311 ], [ 131.007193024722568, 33.921418319018912 ], [ 131.007355056860746, 33.921508261941838 ], [ 131.007423160043601, 33.921617932385907 ], [ 131.007498912344857, 33.921932090667241 ], [ 131.007606955107576, 33.922207222057523 ], [ 131.007325913430776, 33.922044029567232 ], [ 131.00700267204823, 33.921894997787099 ], [ 131.006959730035334, 33.921991925611749 ], [ 131.007193009113706, 33.922141243956588 ], [ 131.007197461883152, 33.922261063192032 ], [ 131.006986416085823, 33.922221556784521 ], [ 131.006788315994044, 33.922136617719637 ], [ 131.006696503981686, 33.922183606724097 ], [ 131.006765381899527, 33.922252141636868 ], [ 131.007227832332489, 33.92242525589586 ], [ 131.007860949458546, 33.922531440254012 ], [ 131.008032373375499, 33.922637230618058 ], [ 131.008202335911818, 33.922714703420304 ], [ 131.008311183889191, 33.922719626403094 ], [ 131.008296380315869, 33.922864593366491 ], [ 131.008193469568567, 33.922886930241766 ], [ 131.008072398222168, 33.923006404362376 ], [ 131.007885064769113, 33.923053892979532 ], [ 131.007408550850897, 33.923210440036868 ], [ 131.0071853060374, 33.923230599043826 ], [ 131.006758424293167, 33.923379603644769 ], [ 131.006455911459256, 33.923439282470589 ], [ 131.005860933119379, 33.923482772481655 ], [ 131.005853529166302, 33.923574135131012 ], [ 131.006049770823751, 33.923611740071721 ], [ 131.006482590166058, 33.923560790567315 ], [ 131.006758431849164, 33.923499985542946 ], [ 131.007189383402476, 33.923382044170253 ], [ 131.007558884281963, 33.923307356313565 ], [ 131.008219395074093, 33.923136285393127 ], [ 131.008771425685978, 33.923042140781085 ], [ 131.009086876480609, 33.922950757389032 ], [ 131.009409719868472, 33.922808161701816 ], [ 131.009756986210135, 33.92256363777382 ], [ 131.009934329509974, 33.922480574425649 ], [ 131.01018051639673, 33.922282759890564 ], [ 131.010404143085793, 33.922132068788734 ], [ 131.010633323502816, 33.922116974753465 ], [ 131.010860281208267, 33.922226487632244 ], [ 131.010884718560135, 33.922190701898209 ], [ 131.010672927514236, 33.922088230585274 ], [ 131.010619587145641, 33.921906852569322 ], [ 131.010686948795069, 33.921733282489384 ], [ 131.01093887297688, 33.921426917795635 ], [ 131.011020861389881, 33.921283846666348 ], [ 131.011144832740854, 33.920665020160605 ], [ 131.011207754549815, 33.920459398916627 ], [ 131.011381353674864, 33.920215168165754 ], [ 131.011550545234741, 33.92010075677431 ], [ 131.011753053310912, 33.920027549227079 ], [ 131.01204555647044, 33.920040481962609 ], [ 131.012233990711024, 33.920067933737769 ], [ 131.01248686701237, 33.920077486178066 ], [ 131.012874857414403, 33.919854644660781 ], [ 131.013009254428482, 33.919822791857214 ], [ 131.013335063186929, 33.919878332212754 ], [ 131.013568654449529, 33.919760670442344 ], [ 131.013764527813635, 33.919822072526742 ], [ 131.013942607612648, 33.919792184313444 ], [ 131.014025522195681, 33.919682852162474 ], [ 131.014278751245996, 33.919533420603216 ], [ 131.014440152952886, 33.919514312031581 ], [ 131.01462936621482, 33.919586207966638 ], [ 131.014853394487801, 33.919812433274863 ], [ 131.015049269514179, 33.919929972134682 ], [ 131.01525846832493, 33.919985240975279 ], [ 131.015514661542625, 33.919926602046282 ], [ 131.015560534564173, 33.919828262785266 ], [ 131.015824474404155, 33.91960331303909 ], [ 131.015724868124408, 33.91949006017051 ], [ 131.015725588472264, 33.919414124942598 ], [ 131.015448282055985, 33.919374363156678 ], [ 131.015144308242157, 33.919234649601975 ], [ 131.015043610193231, 33.919250651582963 ], [ 131.014934773932907, 33.919366117044675 ], [ 131.014874761335761, 33.919238275322165 ], [ 131.014756662898293, 33.919258998694069 ], [ 131.014708550885985, 33.919357761672366 ], [ 131.014560444061999, 33.919267687408016 ], [ 131.014353033606312, 33.918816476188319 ], [ 131.014309696598929, 33.918672291269537 ], [ 131.014034143659472, 33.917907488865325 ], [ 131.013913009418332, 33.917507758673409 ], [ 131.013803743831915, 33.91720389381009 ], [ 131.01364706380329, 33.916659059379739 ], [ 131.013467085761476, 33.916234259455237 ], [ 131.013318196281944, 33.915931384781345 ], [ 131.01322118515256, 33.915822003251279 ], [ 131.013090149212616, 33.915868366596385 ], [ 131.012812121004089, 33.91592918648481 ], [ 131.012411915443295, 33.916071446958895 ], [ 131.01210725021312, 33.916141003109843 ], [ 131.011888070604186, 33.916153281874223 ], [ 131.011689267343286, 33.916109275233907 ], [ 131.011491563929951, 33.916032093805029 ], [ 131.011224237410715, 33.915887154041108 ], [ 131.010979872584727, 33.915649512876193 ], [ 131.01073810811684, 33.915543593844781 ], [ 131.010754014006295, 33.91542595858774 ], [ 131.010701442858675, 33.915420398648678 ], [ 131.010683676442085, 33.915552615091734 ], [ 131.010527469224797, 33.915639483032813 ], [ 131.010346446419476, 33.915785590018871 ], [ 131.01021463990034, 33.915818990547471 ], [ 131.010035441692338, 33.915734970607936 ], [ 131.009972133270651, 33.915632768847878 ], [ 131.009946190338951, 33.915439553701553 ], [ 131.009891413015112, 33.915427866252813 ], [ 131.009864008203408, 33.915526060887906 ], [ 131.009590808940004, 33.915531012852163 ], [ 131.009260197223142, 33.915467150629652 ], [ 131.008964386137819, 33.915342704638213 ], [ 131.008714831401619, 33.915131685923221 ], [ 131.008746286743389, 33.914963403776831 ], [ 131.008695209362742, 33.914956645220784 ], [ 131.008664855125772, 33.915112178238388 ], [ 131.008630053348156, 33.91510175453066 ], [ 131.008367206037718, 33.915115367715416 ], [ 131.008110651044859, 33.915112003954057 ], [ 131.00762455814592, 33.915127813836968 ], [ 131.007322840661374, 33.915108321120151 ], [ 131.006884126434215, 33.915128492476782 ], [ 131.006626824728386, 33.915111460374945 ], [ 131.006419866704135, 33.914940795664307 ], [ 131.006346563346028, 33.914726662985878 ], [ 131.006305090376117, 33.914732793950307 ], [ 131.006350272303308, 33.914895084543936 ], [ 131.006275480328014, 33.914924110120459 ], [ 131.006030059207262, 33.915204682002411 ], [ 131.005839400836464, 33.915263015885614 ], [ 131.005529520777117, 33.915296067677716 ], [ 131.005305182550615, 33.915302275827472 ], [ 131.005035300305167, 33.915223464852588 ], [ 131.004826108903274, 33.915099781410959 ], [ 131.004601025898523, 33.91484303891383 ], [ 131.004421882548002, 33.914539379369678 ], [ 131.00442188254803, 33.914539379369671 ], [ 131.004198579693877, 33.91405631200864 ], [ 131.004026767905373, 33.913615507406583 ], [ 131.003952355479413, 33.913302829022321 ], [ 131.003939400537092, 33.912969227440122 ], [ 131.003897924532396, 33.91284757960058 ], [ 131.003807602470346, 33.912827858362682 ], [ 131.003461445767812, 33.912725662305732 ], [ 131.003518833994264, 33.912595770503742 ], [ 131.003495505160402, 33.91251335520748 ], [ 131.003586493898581, 33.912421078207807 ], [ 131.00377506591289, 33.912567727561083 ], [ 131.004061972854942, 33.912710498011066 ], [ 131.004228579500193, 33.912767407925287 ], [ 131.004408465187083, 33.912802620619708 ], [ 131.004562739692915, 33.912749362965876 ], [ 131.004650253954708, 33.912596223796527 ], [ 131.004631398271556, 33.912422309621746 ], [ 131.004497576603342, 33.912310385109265 ], [ 131.004336091009151, 33.912339271959169 ], [ 131.004280093446937, 33.912307365404516 ], [ 131.0040458126972, 33.912259967830728 ], [ 131.003824171060359, 33.912105642057888 ], [ 131.00371573605463, 33.91205647815206 ], [ 131.003622594293603, 33.9120785996747 ], [ 131.003316699393253, 33.91187123458306 ], [ 131.002838391007032, 33.911393384958927 ], [ 131.002533062074093, 33.911189398961127 ], [ 131.002271661017403, 33.910959276566025 ], [ 131.002141110180929, 33.910687241771384 ], [ 131.002001409697357, 33.910195294945837 ], [ 131.001918309328744, 33.90962233914037 ], [ 131.001933911516716, 33.90941024558564 ], [ 131.002031461641337, 33.909269928547438 ], [ 131.002209455923975, 33.909145597994886 ], [ 131.002393636628568, 33.909141439327669 ], [ 131.002558958176422, 33.909120092436709 ], [ 131.00268303437332, 33.909040210945051 ], [ 131.002755526086958, 33.908847062497209 ], [ 131.002909640230797, 33.908660605342135 ], [ 131.002958503429312, 33.908480771013032 ], [ 131.002958503429312, 33.908480771013025 ], [ 131.00292553648498, 33.908160271853824 ], [ 131.003016317453614, 33.908151041865516 ], [ 131.003102067153748, 33.908032841748621 ], [ 131.003007162951548, 33.907885273161391 ], [ 131.003027487365387, 33.907653103392072 ], [ 131.002939093141208, 33.907493982463372 ], [ 131.002962655985357, 33.907008932985555 ], [ 131.003064888333199, 33.906582629709909 ], [ 131.003161846047561, 33.906309181182024 ], [ 131.003259671090802, 33.906140615617232 ], [ 131.003436777899367, 33.905893154554732 ], [ 131.003653363487018, 33.905672248831969 ], [ 131.003838420106291, 33.905556300615459 ], [ 131.00417729727684, 33.905478099553605 ], [ 131.004353218457794, 33.905448368010077 ], [ 131.004656144846194, 33.905464627206499 ], [ 131.004819710433878, 33.905533650895556 ], [ 131.005011847412419, 33.905643670163776 ], [ 131.005359570536456, 33.905804891216953 ], [ 131.005696101934262, 33.905951813676275 ], [ 131.005765953130634, 33.90607683913133 ], [ 131.005852312123295, 33.90613656774282 ], [ 131.006074199673094, 33.906060131004935 ], [ 131.006180576149575, 33.90595615475462 ], [ 131.006149602985232, 33.905720536007863 ], [ 131.006151377113383, 33.905543169199738 ], [ 131.006234754983609, 33.905301627472646 ], [ 131.006086824153698, 33.905224996800115 ], [ 131.00606324057037, 33.905042628971998 ], [ 131.005861363701371, 33.904984455474292 ], [ 131.005818636343918, 33.90490951081982 ], [ 131.005613824645252, 33.904757862972993 ], [ 131.005656852857356, 33.904601132456726 ], [ 131.005625899254966, 33.904486387603626 ], [ 131.005490031705051, 33.904283175958923 ], [ 131.005403695847974, 33.904221544670058 ], [ 131.005385720264627, 33.904151528391942 ], [ 131.005234845401844, 33.90418492428369 ], [ 131.004948415922001, 33.904011443772625 ], [ 131.004723861564088, 33.90402279398058 ], [ 131.004649313114101, 33.903975883591315 ], [ 131.004953711957171, 33.903916632192342 ], [ 131.004882386397782, 33.903874864456888 ], [ 131.004738008111815, 33.903848313591567 ], [ 131.004549699020657, 33.903890867349062 ], [ 131.004522604653204, 33.903970464232536 ], [ 131.004379385284977, 33.904013226711697 ], [ 131.004271544159195, 33.903966037804913 ], [ 131.004207590004143, 33.903827695964786 ], [ 131.003988339495123, 33.903737752287086 ], [ 131.003581395295953, 33.903663803596032 ], [ 131.003404877490595, 33.903497007762425 ], [ 131.003299090897286, 33.903430445368301 ], [ 131.002923365745261, 33.903326487364275 ], [ 131.002800497147604, 33.903339028275767 ], [ 131.002545003686862, 33.903233657646858 ], [ 131.002146313399919, 33.903164563605614 ], [ 131.001803614868152, 33.903157456140455 ], [ 131.001671295733871, 33.903195072212654 ], [ 131.001445584816139, 33.903318417009686 ], [ 131.001174197861417, 33.903411540852865 ], [ 131.000895717525083, 33.903499736133092 ], [ 131.000667939102215, 33.903556019531358 ], [ 131.000480806985337, 33.903556302115604 ], [ 131.000305094157966, 33.903520800428844 ], [ 131.000305094157966, 33.903520800428851 ], [ 131.000124559366526, 33.903451841294562 ], [ 130.999725570122507, 33.903233691286708 ], [ 130.999087622289466, 33.902605858219836 ], [ 130.999127976808836, 33.902582542213565 ], [ 130.998547496886516, 33.90200655029512 ], [ 130.998408115216876, 33.90210953168561 ], [ 130.998514771445002, 33.902207796009755 ], [ 130.998561343752158, 33.902175395686051 ], [ 130.999907074229469, 33.903511293582 ], [ 130.999335682711546, 33.904339593899536 ], [ 130.999312109581467, 33.904326844795477 ], [ 130.997926098374961, 33.906287027802314 ], [ 130.997686671161233, 33.906166642716812 ], [ 130.997189005330398, 33.906877018166767 ], [ 130.996856363425366, 33.907266684179277 ], [ 130.995512812697427, 33.906446661641681 ], [ 130.995398858269169, 33.906469550356178 ], [ 130.995322420776091, 33.906422493534109 ], [ 130.995242286853568, 33.906373183012718 ], [ 130.995190281384907, 33.90626639565177 ], [ 130.994306303705059, 33.905727990104204 ], [ 130.994441286675482, 33.905575564485602 ], [ 130.994461150885428, 33.905588173470399 ], [ 130.994615999553787, 33.905412361925123 ], [ 130.994543552981412, 33.905365586459531 ], [ 130.994388098341659, 33.90554189152229 ], [ 130.994404458183169, 33.90555168222965 ], [ 130.994268911946449, 33.905707560987949 ], [ 130.993722626904628, 33.905374779499823 ], [ 130.994926353388564, 33.904001956620547 ], [ 130.994981270081013, 33.904037039358613 ], [ 130.995978621971204, 33.904023899793962 ], [ 130.996682123356663, 33.903636147632575 ], [ 130.997793431890074, 33.903028132032922 ], [ 130.997767719687403, 33.902996927815302 ], [ 130.996379458188073, 33.903755957525064 ], [ 130.996349075127853, 33.903722851144124 ], [ 130.995943570171875, 33.903946908651072 ], [ 130.995007573515892, 33.903962513376165 ], [ 130.994319315654934, 33.903540552353043 ], [ 130.994579933495771, 33.903251195871761 ], [ 130.994650041980719, 33.903281417473934 ], [ 130.994627838520159, 33.903187872216698 ], [ 130.994557717875239, 33.90316251202168 ], [ 130.994422173898499, 33.90319857166515 ], [ 130.994146409332672, 33.902909120878647 ], [ 130.99388585487884, 33.902555429334512 ], [ 130.993663272460083, 33.902393195186335 ], [ 130.993611281410892, 33.902289434394874 ], [ 130.993502610802238, 33.902320634513629 ], [ 130.993480402917385, 33.902288441178918 ], [ 130.993362386515457, 33.90231865454394 ], [ 130.993159055375259, 33.902248486185421 ], [ 130.992760026241228, 33.902126179332342 ], [ 130.992458547493868, 33.902050158268544 ], [ 130.992200890789661, 33.902030137362381 ], [ 130.991918109369465, 33.902040897767648 ], [ 130.991609024765751, 33.902009178209653 ], [ 130.991336762874795, 33.901944848791132 ], [ 130.991224594893566, 33.90189708328564 ], [ 130.991067514649444, 33.901811487639733 ], [ 130.990979807038457, 33.901754353973061 ], [ 130.990788164255775, 33.901714401273182 ], [ 130.990700113102861, 33.901640150971069 ], [ 130.990572009820454, 33.901485385105808 ], [ 130.990490824608742, 33.90132315485225 ], [ 130.990351218222628, 33.901169655794043 ], [ 130.990355314879366, 33.901085409128278 ], [ 130.989796180710357, 33.900948429194031 ], [ 130.989671153703284, 33.900940599661887 ], [ 130.989563669940964, 33.900895792559439 ], [ 130.989435730802512, 33.900755958208975 ], [ 130.989182192263286, 33.900597094187155 ], [ 130.988859108047677, 33.900436813051805 ], [ 130.988610820981449, 33.900323242963715 ], [ 130.988427369731653, 33.900274552097159 ], [ 130.987884602090105, 33.900287672330016 ], [ 130.987704074535287, 33.900285189985588 ], [ 130.987426738738236, 33.900215426241381 ], [ 130.987366385781456, 33.900199430820244 ], [ 130.987160730720575, 33.900179898617523 ], [ 130.987178850630158, 33.900056628977367 ], [ 130.98710408107263, 33.900053734385665 ], [ 130.987075999551109, 33.900198908802622 ], [ 130.987059565186797, 33.900191791550277 ], [ 130.987001137632376, 33.900302940748631 ], [ 130.986884775498851, 33.900275668856622 ], [ 130.986782050767289, 33.900235928165678 ], [ 130.986814929043391, 33.900194866065448 ], [ 130.986862391897603, 33.900217693115117 ], [ 130.987015780343938, 33.900022800941414 ], [ 130.9870907695109, 33.89999308343716 ], [ 130.987513212931105, 33.899618313120648 ], [ 130.987618420523006, 33.899541754454702 ], [ 130.987757503400985, 33.899467453642075 ], [ 130.987736110170317, 33.899434696855273 ], [ 130.987614872198577, 33.899488220638119 ], [ 130.987568516012743, 33.899363324997701 ], [ 130.987661298203449, 33.899009512897699 ], [ 130.987723738831107, 33.89879988890501 ], [ 130.987780812159031, 33.898553071916531 ], [ 130.987866428550291, 33.898392477605476 ], [ 130.988005508484349, 33.898243861550625 ], [ 130.988069720508008, 33.898190332552112 ], [ 130.988112508801805, 33.898092213377929 ], [ 130.988141071432011, 33.897898929194675 ], [ 130.988105445623574, 33.897744309509704 ], [ 130.988048397460403, 33.89768182249135 ], [ 130.987952127701647, 33.897658005016893 ], [ 130.988107317728719, 33.897073718636967 ], [ 130.988360629720006, 33.896160907382004 ], [ 130.988396022511381, 33.89604722012016 ], [ 130.988519370702591, 33.895650933598972 ], [ 130.988571101750949, 33.895450254631314 ], [ 130.988635303335855, 33.895378834640262 ], [ 130.988581821982962, 33.895334239969863 ], [ 130.988588976861791, 33.895123131737229 ], [ 130.988580097642966, 33.894987815742994 ], [ 130.988530203853713, 33.894735069810089 ], [ 130.988469607648824, 33.894553682140476 ], [ 130.988364456719268, 33.894352986324542 ], [ 130.988059639913473, 33.893955956458271 ], [ 130.987831450895555, 33.893771593118387 ], [ 130.987663884380794, 33.893655561374537 ], [ 130.987667713645664, 33.89364365624359 ], [ 130.987697773361333, 33.893550044066856 ], [ 130.987601504712018, 33.893541088549846 ], [ 130.987594393137044, 33.893466773313243 ], [ 130.987729873763499, 33.893484608757554 ], [ 130.987840424460558, 33.893481660066456 ], [ 130.987972371145474, 33.8933419193906 ], [ 130.988086481597406, 33.893255712594495 ], [ 130.988412774607497, 33.893084713973316 ], [ 130.988598213455816, 33.892965829080268 ], [ 130.988680222085179, 33.892888492617651 ], [ 130.988871033312734, 33.892610481547244 ], [ 130.989177718279194, 33.892384536880336 ], [ 130.98921696482742, 33.892218018914271 ], [ 130.989299942438606, 33.892232818594039 ], [ 130.989345313662113, 33.892280439602466 ], [ 130.989445145833457, 33.892304258642959 ], [ 130.989509332900809, 33.892229949610027 ], [ 130.989660869618689, 33.892320617934523 ], [ 130.98982130964626, 33.892439605990873 ], [ 130.989963926414845, 33.892531751884157 ], [ 130.990160023446009, 33.892677510217865 ], [ 130.990553995220466, 33.892919855426243 ], [ 130.99068591315347, 33.892985303867718 ], [ 130.990860608715451, 33.893181563421884 ], [ 130.990924779154113, 33.89335104682295 ], [ 130.990999644926518, 33.893508697545542 ], [ 130.991095898200001, 33.893639512016122 ], [ 130.991220683428821, 33.89378223337156 ], [ 130.991413213806482, 33.893954754951857 ], [ 130.991589716078039, 33.894075219799902 ], [ 130.992113850939006, 33.894357718266491 ], [ 130.992142366938282, 33.894417172156231 ], [ 130.992281424911027, 33.894473673886445 ], [ 130.992377684804495, 33.894574762049686 ], [ 130.992431172420964, 33.894678875374829 ], [ 130.99266114706387, 33.894757711676554 ], [ 130.992725338669175, 33.894751728561573 ], [ 130.992900056838636, 33.894784493293223 ], [ 130.993024852897975, 33.894763650566631 ], [ 130.993224557617793, 33.894674482608913 ], [ 130.99347771538595, 33.894609057676796 ], [ 130.993538343665477, 33.894543621890705 ], [ 130.993467041455887, 33.894513892980029 ], [ 130.993445640204925, 33.89456446791398 ], [ 130.993360059495387, 33.894481203099105 ], [ 130.993081945544759, 33.89444251690054 ], [ 130.993017757677649, 33.894409829079102 ], [ 130.992900092159942, 33.894397917501621 ], [ 130.992835905220488, 33.894356283127266 ], [ 130.992657623101621, 33.894302739312799 ], [ 130.992684388050009, 33.894235821591231 ], [ 130.99261308221881, 33.894131777754865 ], [ 130.992673707051836, 33.8939801230187 ], [ 130.992634484903022, 33.893944408621181 ], [ 130.992563160317673, 33.893929539847605 ], [ 130.992420539023612, 33.893953341690583 ], [ 130.992381309295752, 33.893983064515794 ], [ 130.992456200290121, 33.894015753332631 ], [ 130.992420527776801, 33.894069284626681 ], [ 130.992377733803835, 33.894072241054928 ], [ 130.992292161762379, 33.894137674746993 ], [ 130.992163780241839, 33.894134709349743 ], [ 130.992049680693412, 33.894155481433081 ], [ 130.991910640025736, 33.894033610899854 ], [ 130.991702038681552, 33.893996404728313 ], [ 130.991477414212795, 33.893862552556243 ], [ 130.991370438387406, 33.893788230730841 ], [ 130.991209999939258, 33.893600849004301 ], [ 130.991213570679008, 33.893577110896558 ], [ 130.991349081524447, 33.89353246075131 ], [ 130.991438208835604, 33.893574097108157 ], [ 130.991495266303161, 33.893645528525816 ], [ 130.991609360582572, 33.893675261511035 ], [ 130.991823302258354, 33.89381502917967 ], [ 130.992001569103877, 33.893919080428212 ], [ 130.992019394161872, 33.893954795314379 ], [ 130.992122790258293, 33.893948815033099 ], [ 130.992932237587524, 33.893797205293978 ], [ 130.993871827964711, 33.893617420141098 ], [ 130.99447157005747, 33.893497278333584 ], [ 130.99447157005747, 33.893497278333591 ], [ 130.994829241805405, 33.893425655469457 ], [ 130.99581517389791, 33.893239800831722 ], [ 130.997822660131959, 33.892853345999839 ], [ 130.998851382922254, 33.892646688092015 ], [ 130.999306007369483, 33.892564908727692 ], [ 130.999327403114449, 33.892609498506722 ], [ 130.999769539130881, 33.89252032227796 ], [ 131.001844758709666, 33.892127743473651 ], [ 131.002056147987986, 33.892084769712319 ], [ 131.001682513912073, 33.890752472323385 ], [ 131.001718170422947, 33.890734651538246 ], [ 131.001636151789626, 33.89049381745594 ], [ 131.001563052100352, 33.890209803937722 ], [ 131.001566619882396, 33.890191982537743 ], [ 131.002090756081685, 33.890070042291924 ], [ 131.002076495156984, 33.890007631505441 ], [ 131.002122854174303, 33.889971918622365 ], [ 131.00211216081928, 33.889927329673668 ], [ 131.002502569478963, 33.889857445316146 ], [ 131.002553992854502, 33.890041152018441 ], [ 131.002432137875303, 33.890063554583278 ], [ 131.002435976086048, 33.890081938822242 ], [ 131.002556868904151, 33.890055522288698 ], [ 131.002576060247009, 33.890123496024074 ], [ 131.002445567428822, 33.890149139589205 ], [ 131.002450367763203, 33.89016829919867 ], [ 131.002582774897576, 33.890141952285347 ], [ 131.002603134410805, 33.890216617799688 ], [ 131.002464759143635, 33.890238667465404 ], [ 131.002469062535823, 33.890254729370348 ], [ 131.002608843328858, 33.89023091756475 ], [ 131.002620261511964, 33.890304667553075 ], [ 131.002489043847703, 33.890328478639283 ], [ 131.002497595659605, 33.89034989224924 ], [ 131.002791406531685, 33.89028796873184 ], [ 131.002782843550108, 33.890271344520102 ], [ 131.002657344542143, 33.890297552813358 ], [ 131.002631655096309, 33.890221406536824 ], [ 131.002762883889886, 33.890202384677465 ], [ 131.002757174948215, 33.89018808657066 ], [ 131.002628811417566, 33.890209503322964 ], [ 131.002608678931125, 33.890137090240579 ], [ 131.002745885857706, 33.890108348081789 ], [ 131.002744923302856, 33.890089117954282 ], [ 131.002603877867756, 33.890116311065334 ], [ 131.002586026804295, 33.890052492170753 ], [ 131.002722931385108, 33.890023961365635 ], [ 131.002717233679761, 33.890009661605163 ], [ 131.002580307395817, 33.890040589019016 ], [ 131.002531824938217, 33.889852655307344 ], [ 131.003364730036452, 33.889690902831219 ], [ 131.004027927404508, 33.889565993535072 ], [ 131.004260424697151, 33.890342657423318 ], [ 131.004568549566727, 33.891515402411564 ], [ 131.004520050928193, 33.891555907311115 ], [ 131.003490320364307, 33.892200609839826 ], [ 131.003009683912239, 33.892494358912842 ], [ 131.002961171151981, 33.892472946376508 ], [ 131.002904140087935, 33.892513380426095 ], [ 131.002904141179016, 33.892556207995256 ], [ 131.002981144378197, 33.892629956252961 ], [ 131.003035343706188, 33.892632349810015 ], [ 131.004030865092716, 33.892011460399111 ], [ 131.004708313584928, 33.891567734484717 ], [ 131.004738259781021, 33.891521384276437 ], [ 131.004709747669466, 33.891485671739993 ], [ 131.004652684986269, 33.891264492692173 ], [ 131.004531435873872, 33.890839813565066 ], [ 131.004407332247354, 33.89037477220905 ], [ 131.004280376590856, 33.889923960230064 ], [ 131.004159130161042, 33.889473218313306 ], [ 131.004094948357505, 33.889338820812362 ], [ 131.003973704380542, 33.888888008209591 ], [ 131.003841043698657, 33.888427687491948 ], [ 131.003716936807535, 33.887965039590028 ], [ 131.00331900125417, 33.88659125732714 ], [ 131.002707519078996, 33.884356278819141 ], [ 131.002568773352635, 33.883819880393254 ], [ 131.002289223106857, 33.88287549530574 ], [ 131.001914140947861, 33.881458880239826 ], [ 131.001660269896661, 33.880514492330029 ], [ 131.001541903487322, 33.880087487296883 ], [ 131.001516237436107, 33.880044660003719 ], [ 131.001259533951099, 33.879114569851552 ], [ 131.001000001390167, 33.878203500193919 ], [ 131.000826010645795, 33.877565953040012 ], [ 131.000751855376649, 33.877589762065583 ], [ 131.000814511056092, 33.877810589514802 ], [ 130.999170389036721, 33.878126158688872 ], [ 130.998416026300191, 33.878274849398665 ], [ 130.997029899438729, 33.878541230298673 ], [ 130.99638104594564, 33.878663707738198 ], [ 130.996363927806357, 33.878770776310752 ], [ 130.996301176440966, 33.878770774480323 ], [ 130.996238449010008, 33.878687511784307 ], [ 130.996055901864793, 33.878682716807376 ], [ 130.995913300099744, 33.878597127444003 ], [ 130.995730771775555, 33.878447224697545 ], [ 130.995495504129224, 33.87823667054117 ], [ 130.995372857928743, 33.87817482173449 ], [ 130.995016344005847, 33.878215238780427 ], [ 130.994791033729513, 33.878191492008753 ], [ 130.994562872996397, 33.878122451451084 ], [ 130.994568584886167, 33.878060605683658 ], [ 130.994391759271423, 33.878029675419079 ], [ 130.994252768273697, 33.877973317375869 ], [ 130.994092109079077, 33.878005640584128 ], [ 130.994068842204911, 33.878054666588234 ], [ 130.993931467650299, 33.878099881704685 ], [ 130.993951403207546, 33.878206175576246 ], [ 130.993925910334667, 33.878260695741311 ], [ 130.993684393647527, 33.87840853754134 ], [ 130.993561403415043, 33.878463967092252 ], [ 130.993353685819017, 33.87850875667305 ], [ 130.99319746167464, 33.878618704180781 ], [ 130.993152020337561, 33.87870006168243 ], [ 130.993142045923037, 33.878789659864779 ], [ 130.993174715572707, 33.878897365701349 ], [ 130.993328704916735, 33.879017473351581 ], [ 130.993423983450981, 33.879035018562575 ], [ 130.993537554930725, 33.879017908111429 ], [ 130.99362064480357, 33.878981917493071 ], [ 130.993666071634294, 33.87893014576904 ], [ 130.993792918010456, 33.87891211948056 ], [ 130.993924765392507, 33.878948191324511 ], [ 130.994085949015783, 33.879022583857157 ], [ 130.994287568870391, 33.879135297477539 ], [ 130.99441996247549, 33.879245753610448 ], [ 130.99452188583885, 33.879345571258334 ], [ 130.994693019738406, 33.879645441784049 ], [ 130.995048078341938, 33.88016706620661 ], [ 130.995072428335732, 33.880250257527138 ], [ 130.995128386812326, 33.880344931281407 ], [ 130.995198185424158, 33.880407766607767 ], [ 130.994711757383612, 33.881049033671474 ], [ 130.994422600230763, 33.88110079496817 ], [ 130.994396017082977, 33.881093396450176 ], [ 130.994301851529855, 33.880768100787598 ], [ 130.994023223308972, 33.880814788861031 ], [ 130.993983338160376, 33.880751953795013 ], [ 130.994269098821377, 33.881781380249969 ], [ 130.994479544184173, 33.882548340629839 ], [ 130.994590866581348, 33.882918437331021 ], [ 130.994690017602721, 33.883286632617533 ], [ 130.994779184685996, 33.883589248216516 ], [ 130.995098737694576, 33.884754057769783 ], [ 130.995184600691744, 33.885054840938572 ], [ 130.994760239669631, 33.885135194799865 ], [ 130.992274867919889, 33.885613631767605 ], [ 130.991081745173403, 33.885844663558494 ], [ 130.990900602689322, 33.885607620057115 ], [ 130.99054494487703, 33.885627033785951 ], [ 130.990400639170588, 33.8837926233426 ], [ 130.990386684786841, 33.883772829152235 ], [ 130.990040904233751, 33.883796045575849 ], [ 130.989951106209588, 33.882677944454343 ], [ 130.989909335184734, 33.882238395294344 ], [ 130.989891263522196, 33.881946490345292 ], [ 130.989744856408237, 33.881953452884218 ], [ 130.989748995504726, 33.882224435445679 ], [ 130.989670932387611, 33.882231401919043 ], [ 130.989640286726797, 33.881966263651769 ], [ 130.988533947193957, 33.881979549067751 ], [ 130.988158198254581, 33.881985922399238 ], [ 130.988140012573609, 33.882458010031733 ], [ 130.988142033658022, 33.882916785318073 ], [ 130.988129412777511, 33.883485376731912 ], [ 130.987461511301518, 33.883712126347454 ], [ 130.987227969440767, 33.883788248916538 ], [ 130.986552654380944, 33.882413118266484 ], [ 130.986364495371788, 33.882039764081384 ], [ 130.985343164074891, 33.882387972152443 ], [ 130.985621898716516, 33.882963570408947 ], [ 130.985596578940687, 33.882973710792548 ], [ 130.985573115589773, 33.88293566991937 ], [ 130.985492249875932, 33.882954257635554 ], [ 130.984196332296136, 33.88266515593407 ], [ 130.984182764294161, 33.882629088967001 ], [ 130.984162815473127, 33.88257611560303 ], [ 130.984039420480713, 33.88190529912692 ], [ 130.984472931306414, 33.881849495349563 ], [ 130.984498041260025, 33.881975233230229 ], [ 130.984836232157789, 33.881937730715748 ], [ 130.984924667417573, 33.882027269467898 ], [ 130.985036684640676, 33.882091877432735 ], [ 130.985213089856956, 33.882153462007288 ], [ 130.985336631785231, 33.882150025791987 ], [ 130.98533350156751, 33.882123821758917 ], [ 130.985245558371986, 33.882125502899868 ], [ 130.985090609708976, 33.882084487119272 ], [ 130.984939871623283, 33.882001491928214 ], [ 130.984873650173256, 33.881920969984733 ], [ 130.985215255087695, 33.881832115787361 ], [ 130.985431449176303, 33.88185003331769 ], [ 130.985520439519036, 33.881846592263003 ], [ 130.985801558414295, 33.881757096933825 ], [ 130.986610391476432, 33.88147732846906 ], [ 130.986642999695789, 33.880506317416526 ], [ 130.986676159108441, 33.879317434776482 ], [ 130.986728276393109, 33.877523405279106 ], [ 130.986734046554346, 33.877470576030653 ], [ 130.986781156922575, 33.877461845982339 ], [ 130.986803766987379, 33.876865858687502 ], [ 130.986828925967501, 33.876558531845056 ], [ 130.986855197351872, 33.875910558607785 ], [ 130.986335429801613, 33.875892609807828 ], [ 130.986345406751582, 33.875688757987561 ], [ 130.986780395291532, 33.87569620217181 ], [ 130.986834839205471, 33.875654296847351 ], [ 130.986846964546118, 33.875055700343097 ], [ 130.98686842824128, 33.874450835085767 ], [ 130.987263357730313, 33.87427639719651 ], [ 130.987315508936064, 33.8742976049936 ], [ 130.987333401804023, 33.873627230785381 ], [ 130.987294900166717, 33.873626380968247 ], [ 130.987299798670762, 33.873469442027783 ], [ 130.987283697360454, 33.873505223803399 ], [ 130.987263597365967, 33.874257942531415 ], [ 130.986868668501558, 33.874433154157664 ], [ 130.986902983388944, 33.873282311932002 ], [ 130.986935067482506, 33.872289043275089 ], [ 130.986873145851575, 33.872261352656771 ], [ 130.986633341951034, 33.871864890394242 ], [ 130.986544621648164, 33.87185713389821 ], [ 130.9863759347148, 33.871926216152183 ], [ 130.985809359935445, 33.870967041734346 ], [ 130.985575633014719, 33.870739141664686 ], [ 130.985422049601254, 33.870791529566347 ], [ 130.985358190665295, 33.870725237928518 ], [ 130.985251214382203, 33.870531444208567 ], [ 130.985243666886475, 33.870491012422576 ], [ 130.985194915624049, 33.870506431743571 ], [ 130.985294353123123, 33.870654085901762 ], [ 130.985359413316445, 33.870773841075646 ], [ 130.98534379747673, 33.870819837019312 ], [ 130.985249450144806, 33.870854130969235 ], [ 130.984816881650204, 33.870386215904389 ], [ 130.9850579836816, 33.870216062711961 ], [ 130.983922306289571, 33.869003714263798 ], [ 130.98245036474691, 33.86746551950614 ], [ 130.981401140433547, 33.867623220514119 ], [ 130.979286162582213, 33.867950357722755 ], [ 130.97900779651971, 33.867994616573853 ], [ 130.979159930355735, 33.867809737006603 ], [ 130.979326960460526, 33.867616267170852 ], [ 130.979475666210675, 33.867480482384671 ], [ 130.980474353447562, 33.867318986989098 ], [ 130.981401238978236, 33.867180927565954 ], [ 130.982117253302732, 33.867074881299523 ], [ 130.983409031431762, 33.866217595620249 ], [ 130.983791029624939, 33.865959835478968 ], [ 130.983127038413159, 33.865266543088154 ], [ 130.983487462375706, 33.864990820300797 ], [ 130.983445773942435, 33.864946084541813 ], [ 130.983064513416821, 33.865204476564514 ], [ 130.982808434873135, 33.864931133669664 ], [ 130.984238134193731, 33.863987217076009 ], [ 130.985208827618635, 33.865000973324733 ], [ 130.985956215656017, 33.865803586666026 ], [ 130.985747019264238, 33.865925566273049 ], [ 130.9856974519804, 33.865925560433716 ], [ 130.985625037655609, 33.865852434415238 ], [ 130.985594531764548, 33.865877859146437 ], [ 130.985827044640871, 33.866122737701446 ], [ 130.985849908123697, 33.866100480728605 ], [ 130.985785124187828, 33.866027356248523 ], [ 130.985796558509946, 33.865970089178234 ], [ 130.986002449060692, 33.865833389310801 ], [ 130.986200637945842, 33.866049663928429 ], [ 130.986726617093666, 33.866599859869389 ], [ 130.986726612024142, 33.866631628382116 ], [ 130.986509302984075, 33.866790657704911 ], [ 130.986417817113477, 33.866682521832651 ], [ 130.986387312068842, 33.866698367445203 ], [ 130.986654117160072, 33.866981425150563 ], [ 130.98668081659838, 33.866968749411484 ], [ 130.98660840018951, 33.866901964705583 ], [ 130.986635092491468, 33.866863789087361 ], [ 130.986840954047608, 33.866711168355849 ], [ 130.98763185919276, 33.86754603693646 ], [ 130.987483158266144, 33.867669996306468 ], [ 130.987460302947284, 33.867638225433787 ], [ 130.987368785071396, 33.867704993177533 ], [ 130.987464094319563, 33.867790870726161 ], [ 130.987544152169477, 33.867730440796365 ], [ 130.987521285010587, 33.8677113491607 ], [ 130.987685223445055, 33.867603240330695 ], [ 130.988746756540252, 33.868730667221662 ], [ 130.989556856104883, 33.868687841957644 ], [ 130.9895797195189, 33.868919944152559 ], [ 130.989556821101644, 33.868964531873132 ], [ 130.989434831888559, 33.868974029572755 ], [ 130.989640694140888, 33.868989966886964 ], [ 130.989755062593645, 33.868983567702081 ], [ 130.989755066539175, 33.868951797555361 ], [ 130.989636894218108, 33.868958128174569 ], [ 130.98960258128858, 33.868919946124578 ], [ 130.989591186818274, 33.868678266167336 ], [ 130.989823725987833, 33.868671945297287 ], [ 130.990839688539552, 33.868629129356535 ], [ 130.991722213341632, 33.868598974033539 ], [ 130.992600932755551, 33.868578322675198 ], [ 130.992797261843918, 33.868586294396344 ], [ 130.993533036732288, 33.868560907108552 ], [ 130.994568049916126, 33.868518060930754 ], [ 130.995557330968609, 33.868484714857338 ], [ 130.995730790923261, 33.868473591217658 ], [ 130.995787981893727, 33.86843858510683 ], [ 130.996451301979789, 33.868410007421673 ], [ 130.997448201370474, 33.868376646412528 ], [ 130.997591146591873, 33.868365519465037 ], [ 130.998185852988996, 33.868343271861363 ], [ 130.99797621642773, 33.867640416019604 ], [ 130.997814214025198, 33.867031458515157 ], [ 130.997636963917529, 33.866397070957653 ], [ 130.99752071424615, 33.865867569429767 ], [ 130.997358717899516, 33.865264951493586 ], [ 130.997219605342906, 33.864668672902852 ], [ 130.99702711398686, 33.864011953950161 ], [ 130.996960408211436, 33.863711453380319 ], [ 130.996798429114989, 33.86314067341528 ], [ 130.996632638938593, 33.862503043688193 ], [ 130.996459220360805, 33.861906762361414 ], [ 130.996335798551343, 33.861380923377922 ], [ 130.996184826781587, 33.860688842848759 ], [ 130.995996177506498, 33.860076638902093 ], [ 130.995973129807879, 33.859982390103994 ], [ 130.995841823449695, 33.859445418049134 ], [ 130.995656985660872, 33.85881729569364 ], [ 130.995329244550589, 33.857640718482052 ], [ 130.994650926629674, 33.855166542952858 ], [ 130.994285101303802, 33.853916772699414 ], [ 130.994123152094488, 33.853298227182648 ], [ 130.99377258838922, 33.852032606435998 ], [ 130.993603013971494, 33.851414060044384 ], [ 130.993490613661351, 33.851018108806372 ], [ 130.993437244041417, 33.850983167351593 ], [ 130.993376272416697, 33.850986333701051 ], [ 130.993315286780046, 33.851040357996183 ], [ 130.991725894384842, 33.851154721292893 ], [ 130.989673398361276, 33.851315164246657 ], [ 130.989610490940379, 33.851517111490395 ], [ 130.989438972799775, 33.851478917073507 ], [ 130.989438970796414, 33.85149483661295 ], [ 130.989606685159515, 33.851533030145738 ], [ 130.989290208509203, 33.852499727094731 ], [ 130.989116715712726, 33.853016461229821 ], [ 130.988872790800514, 33.852971921435625 ], [ 130.988857525453454, 33.853019607628582 ], [ 130.989105276384294, 33.853067319821868 ], [ 130.988880296421883, 33.853744654044249 ], [ 130.988361938394917, 33.853630138393022 ], [ 130.988304736179884, 33.853801865972777 ], [ 130.988821190244209, 33.853921171071079 ], [ 130.988798324708114, 33.85398794587806 ], [ 130.988588698532652, 33.853943408779742 ], [ 130.988573443729166, 33.853987924555675 ], [ 130.988783069142073, 33.85403880406642 ], [ 130.988546655689333, 33.854751145380789 ], [ 130.988134991794681, 33.854779703481945 ], [ 130.988112142128728, 33.854579368163918 ], [ 130.987902504651458, 33.85460477668218 ], [ 130.987910121765196, 33.854690644302579 ], [ 130.988077837879246, 33.854681152229581 ], [ 130.988085429997199, 33.854786109182164 ], [ 130.986797091907022, 33.854881349343572 ], [ 130.986797124608387, 33.854878954373291 ], [ 130.986800132851613, 33.854643753626441 ], [ 130.986806353755753, 33.854260630555267 ], [ 130.986814916709164, 33.854106929408751 ], [ 130.986807608714315, 33.853979853540956 ], [ 130.9868076087144, 33.853979853540956 ], [ 130.986811296067572, 33.853829113100439 ], [ 130.986962519101922, 33.853884071523893 ], [ 130.986952758715915, 33.853894284322145 ], [ 130.987118635698948, 33.853957346445064 ], [ 130.98715279429635, 33.85389430594082 ], [ 130.986982054871248, 33.853835258988298 ], [ 130.986979599268665, 33.853851531558782 ], [ 130.986811301234127, 33.853796569076522 ], [ 130.986817454356327, 33.853370192773198 ], [ 130.986680860858627, 33.853335592517993 ], [ 130.986715035899749, 33.853172737467716 ], [ 130.986674794124383, 33.853155475639447 ], [ 130.986687011696745, 33.853055732223844 ], [ 130.986591907075109, 33.852809462904858 ], [ 130.986607784751413, 33.85265576416483 ], [ 130.986668784879186, 33.852543839990737 ], [ 130.986778793853233, 33.852497783584582 ], [ 130.986795654618049, 33.852419737973655 ], [ 130.986945700020527, 33.852239638197759 ], [ 130.986984762581756, 33.85212968545504 ], [ 130.986992079705118, 33.852046284751246 ], [ 130.986987242283391, 33.851747123048234 ], [ 130.986959209595909, 33.851672804756809 ], [ 130.986881161340762, 33.85155269632866 ], [ 130.986865321432987, 33.851468236473025 ], [ 130.986828750258553, 33.851409203889311 ], [ 130.986855587024621, 33.851313548691508 ], [ 130.986860492183865, 33.851187390354902 ], [ 130.986798313642112, 33.851098838731808 ], [ 130.986986290687554, 33.850134177080868 ], [ 130.986999730169629, 33.849954061690305 ], [ 130.986963142464788, 33.849860442847621 ], [ 130.986944890644082, 33.849580581360584 ], [ 130.9869107669046, 33.849429974759296 ], [ 130.986853477055092, 33.849251894900881 ], [ 130.986816912518265, 33.849093119647719 ], [ 130.986691333844504, 33.848874315869693 ], [ 130.98646330263, 33.848596473973622 ], [ 130.986607250482223, 33.848395029849399 ], [ 130.986634072054301, 33.84839094841233 ], [ 130.98668652782689, 33.848308537247263 ], [ 130.986623111282682, 33.848275916191291 ], [ 130.986571872914169, 33.848383825828655 ], [ 130.986437694042991, 33.848575127591943 ], [ 130.98635476199658, 33.84847945937905 ], [ 130.986142580928004, 33.848349191524221 ], [ 130.986037694281038, 33.848300292483216 ], [ 130.985840132769027, 33.848247368384172 ], [ 130.985654736492563, 33.848220861720264 ], [ 130.985459597073401, 33.848222880898263 ], [ 130.985398624355213, 33.848253444645174 ], [ 130.985258360175607, 33.848254413591619 ], [ 130.984953462233364, 33.848201474114056 ], [ 130.984875422612475, 33.848132219806239 ], [ 130.984692492527927, 33.848042666945808 ], [ 130.984692498787325, 33.848008080088789 ], [ 130.984614480632843, 33.847873739619772 ], [ 130.984559604900539, 33.847829988727064 ], [ 130.984496190994122, 33.847734321419011 ], [ 130.984420604266774, 33.847551096454353 ], [ 130.984427988208608, 33.84723770736268 ], [ 130.984351191996637, 33.847053493765188 ], [ 130.984296316303244, 33.846952757372179 ], [ 130.98417487218083, 33.846875395890045 ], [ 130.984046097189605, 33.846764646063811 ], [ 130.983968061076837, 33.846743502499088 ], [ 130.98385487043015, 33.846741867661905 ], [ 130.983597292898736, 33.846775994463883 ], [ 130.9832002121573, 33.846708384800152 ], [ 130.983079833042154, 33.846605594316671 ], [ 130.98283945997531, 33.846427133195917 ], [ 130.982691218931507, 33.846140557272889 ], [ 130.982558595176272, 33.845787558972702 ], [ 130.982493852800246, 33.845555024939848 ], [ 130.982507777781507, 33.845515299050447 ], [ 130.983343917659482, 33.845183224667721 ], [ 130.983593821993168, 33.844560635115343 ], [ 130.983767165042849, 33.844113925511024 ], [ 130.983193514898886, 33.843968593394877 ], [ 130.981947897453352, 33.843646702890069 ], [ 130.982040821703094, 33.843401160664634 ], [ 130.981989316242874, 33.843385514792558 ], [ 130.981895600419591, 33.843634297123415 ], [ 130.981422638419247, 33.843505243926074 ], [ 130.981514014953717, 33.843283159168038 ], [ 130.981507004539139, 33.843221311135594 ], [ 130.981406491843472, 33.843470373196027 ], [ 130.981396102153212, 33.843496152805976 ], [ 130.980499376625914, 33.843253478406986 ], [ 130.980484941446434, 33.84324945975775 ], [ 130.980575902503944, 33.843013148303847 ], [ 130.98048294770004, 33.842989534511069 ], [ 130.980502774137705, 33.842948188633954 ], [ 130.981318492865341, 33.84109559238356 ], [ 130.981284412113837, 33.841007817783961 ], [ 130.98117253672865, 33.840999980208501 ], [ 130.981139871368953, 33.841103593706698 ], [ 130.980973696112414, 33.841495498536624 ], [ 130.980857731946827, 33.84146096297377 ], [ 130.980815773441378, 33.841468705068806 ], [ 130.98096902524648, 33.84150860083755 ], [ 130.980795271369516, 33.841921424450099 ], [ 130.980744575606707, 33.841905426010747 ], [ 130.980721841654514, 33.841955999186652 ], [ 130.98077427534696, 33.84197150318834 ], [ 130.980393837039941, 33.842840184731777 ], [ 130.980368770044038, 33.842832925652672 ], [ 130.980330869764771, 33.842908291278796 ], [ 130.979918040009863, 33.842622019651053 ], [ 130.979827706876534, 33.842617142491797 ], [ 130.979839014921765, 33.842501833665082 ], [ 130.979771915892997, 33.842496257191726 ], [ 130.979768923166461, 33.84254042240596 ], [ 130.979815893140085, 33.842544165580371 ], [ 130.979807673828589, 33.842616295374484 ], [ 130.978316100776311, 33.842515578766054 ], [ 130.978096131499086, 33.844397851510365 ], [ 130.977999682133628, 33.845355263002261 ], [ 130.97751153300419, 33.845562548214829 ], [ 130.977437283877663, 33.84561113819251 ], [ 130.977260540990329, 33.845864831931443 ], [ 130.977158153836996, 33.846074163258088 ], [ 130.977088530970519, 33.846197139690759 ], [ 130.97700237819592, 33.846307011376531 ], [ 130.976936340105908, 33.846360110949838 ], [ 130.976744510962931, 33.846451505022053 ], [ 130.976474768590663, 33.846555422315646 ], [ 130.976275503205756, 33.846568062773791 ], [ 130.976132115220622, 33.846548027951975 ], [ 130.975632930651813, 33.846383938215183 ], [ 130.9754353997441, 33.846490897212711 ], [ 130.973319107172898, 33.847636446131673 ], [ 130.972232900555809, 33.848239036158596 ], [ 130.972030898783601, 33.848343946729564 ], [ 130.971758872724678, 33.848450109148473 ], [ 130.971643880474659, 33.848485866483813 ], [ 130.970009216533271, 33.848811898904152 ], [ 130.969925649534531, 33.848912326567323 ], [ 130.96963868624627, 33.849068351777674 ], [ 130.969523340409467, 33.849192017195016 ], [ 130.969431805140772, 33.849508978490753 ], [ 130.969378841820685, 33.849546017042094 ], [ 130.968716906040754, 33.849674755641423 ], [ 130.968685301399319, 33.849808161967388 ], [ 130.968683840780358, 33.849963695082224 ], [ 130.968717558868974, 33.850544417989518 ], [ 130.96869778809787, 33.850828711716446 ], [ 130.968653209192325, 33.850978176199753 ], [ 130.968585206204551, 33.851060433379011 ], [ 130.967942012092323, 33.851610124998992 ], [ 130.967646509689388, 33.851745996865944 ], [ 130.967377246606532, 33.851644770389214 ], [ 130.966948436791313, 33.851938389654023 ], [ 130.966303668136447, 33.852323661306443 ], [ 130.965731669846292, 33.852601598899682 ], [ 130.96559167951159, 33.852710036638022 ], [ 130.965471342494482, 33.852851728908377 ], [ 130.96525566774676, 33.853053831846452 ], [ 130.965068112522687, 33.85319902382868 ], [ 130.964954071964257, 33.85327084026332 ], [ 130.964706544900423, 33.853387840047354 ], [ 130.964460658645947, 33.853462012349652 ], [ 130.964593009376671, 33.853793124473455 ], [ 130.964634871782039, 33.85395684097147 ], [ 130.9646378489592, 33.854073914622155 ], [ 130.964489111345387, 33.854155440540858 ], [ 130.964468452257023, 33.854191923891122 ], [ 130.964409674512694, 33.854420415601432 ], [ 130.964482253427036, 33.854520463246701 ], [ 130.964621330220155, 33.854799732687106 ], [ 130.964836582195545, 33.855106917779516 ], [ 130.964972258061692, 33.85525333365684 ], [ 130.965104563772115, 33.855469063278882 ], [ 130.9651251309906, 33.855620516555462 ], [ 130.965096204039895, 33.855794355618812 ], [ 130.965142522379324, 33.855902425355467 ], [ 130.965259073080034, 33.856039678481025 ], [ 130.965386725153934, 33.856249206972102 ], [ 130.965444238673683, 33.856463363671253 ], [ 130.96544483287272, 33.856598750566853 ], [ 130.965621209356328, 33.856846329112628 ], [ 130.965814098483634, 33.857161677740223 ], [ 130.966054916173903, 33.857352641612607 ], [ 130.966182272926488, 33.857503419665463 ], [ 130.966291024324704, 33.857692513231534 ], [ 130.966545643242057, 33.857969417576371 ], [ 130.966186458311313, 33.857839565354894 ], [ 130.965990731042609, 33.858115495594625 ], [ 130.96586656865901, 33.85807967822111 ], [ 130.965739697055795, 33.858062030920713 ], [ 130.965591118299642, 33.858006200575787 ], [ 130.965420826205644, 33.857927680218374 ], [ 130.965107668554424, 33.857831649547748 ], [ 130.964926569855351, 33.857753266211951 ], [ 130.964926078188483, 33.857642673948874 ], [ 130.964817336628897, 33.857433151159064 ], [ 130.964748912699207, 33.857207720417399 ], [ 130.964698919991179, 33.856849302674647 ], [ 130.964614194150386, 33.85658554717206 ], [ 130.964459328384436, 33.856331070138047 ], [ 130.964345189048231, 33.856114782805157 ], [ 130.964369037392999, 33.855942350594525 ], [ 130.964477228890559, 33.855660619125274 ], [ 130.964477262552577, 33.855581725343548 ], [ 130.964450283351709, 33.855491553014119 ], [ 130.964369273748815, 33.855390094087483 ], [ 130.96406891429578, 33.855212633156931 ], [ 130.964024413048492, 33.855159366481764 ], [ 130.963370060668211, 33.854636779411209 ], [ 130.963227878784068, 33.85455361497597 ], [ 130.963117839953952, 33.854359587287327 ], [ 130.963001188564704, 33.854221767115746 ], [ 130.963020614946117, 33.854032146575499 ], [ 130.962625971718808, 33.853978206528488 ], [ 130.962501183497238, 33.854153847893613 ], [ 130.962267478108942, 33.854284090897892 ], [ 130.962061049587192, 33.854323753891187 ], [ 130.961782739220439, 33.854393966708159 ], [ 130.961641677367965, 33.854463940040588 ], [ 130.961512271494684, 33.854563079553913 ], [ 130.96122284300489, 33.854834042390166 ], [ 130.960756517532246, 33.854610030238312 ], [ 130.96048365682006, 33.854578664321316 ], [ 130.960370826598421, 33.854591870597929 ], [ 130.959890954604333, 33.854679059135549 ], [ 130.958819094928998, 33.854265076310334 ], [ 130.958643387105752, 33.854241068197936 ], [ 130.958485264159208, 33.854270881590395 ], [ 130.958389913176063, 33.854335655782577 ], [ 130.95833249449305, 33.854406500625423 ], [ 130.958171566743687, 33.854857549803178 ], [ 130.95791080794703, 33.855466916978983 ], [ 130.95788292791292, 33.855466907448829 ], [ 130.957818546273216, 33.855623262715319 ], [ 130.957815450660263, 33.855760622089122 ], [ 130.957729662030147, 33.856787622882941 ], [ 130.957739919883494, 33.857017403135607 ], [ 130.95769124698532, 33.857096139895241 ], [ 130.957340664256634, 33.857293958089691 ], [ 130.957246163038661, 33.857381694576908 ], [ 130.957097563509393, 33.857588739512273 ], [ 130.957091122247192, 33.858135851201659 ], [ 130.957084118825605, 33.858730722115467 ], [ 130.957298694900402, 33.859654841479674 ], [ 130.957135967258864, 33.859625057290934 ], [ 130.956974548572703, 33.859534695301889 ], [ 130.956854414308339, 33.85952725772075 ], [ 130.955895122655079, 33.85892020711443 ], [ 130.955786000453401, 33.85897835237845 ], [ 130.955721681116216, 33.859005097165195 ], [ 130.955516970981392, 33.859044891258179 ], [ 130.955357094024549, 33.859075898479425 ], [ 130.955317490177208, 33.859087435751938 ], [ 130.955291235698127, 33.859108558942147 ], [ 130.955281384662896, 33.859127010276552 ], [ 130.95527563084849, 33.859155043606961 ], [ 130.955275205442206, 33.859264015905921 ], [ 130.954857707712648, 33.859437709678936 ], [ 130.954484554610929, 33.859574577395875 ], [ 130.954484554610929, 33.859574577395861 ], [ 130.954321753943873, 33.859641225657079 ], [ 130.954075397921628, 33.859813501727338 ], [ 130.953850531074323, 33.859973669560794 ], [ 130.952934363786568, 33.860634757553129 ], [ 130.952398180084117, 33.861029720213359 ], [ 130.952101829897259, 33.861226275355698 ], [ 130.951836228635671, 33.861505960093126 ], [ 130.951551718646726, 33.861776900351551 ], [ 130.951419330643176, 33.861944776829588 ], [ 130.951343784636975, 33.862132540543428 ], [ 130.951300454407885, 33.862304255646791 ], [ 130.951254310968977, 33.862669541202756 ], [ 130.951259301258489, 33.862829583114184 ], [ 130.951289016144614, 33.863025135639994 ], [ 130.951266778834423, 33.863169669809643 ], [ 130.95106944472613, 33.863320192002661 ], [ 130.950657997658254, 33.863476824737525 ], [ 130.950388907349378, 33.863603930508852 ], [ 130.950207160287107, 33.86371163002385 ], [ 130.950031024042744, 33.863839475763378 ], [ 130.949903620017295, 33.863978049319236 ], [ 130.949676244683218, 33.864293526728346 ], [ 130.949319284509954, 33.864778992388203 ], [ 130.949205907846562, 33.864958003530617 ], [ 130.949019578320048, 33.865313646360882 ], [ 130.94866841719417, 33.866024379274741 ], [ 130.948573225729177, 33.866155921387204 ], [ 130.947741321239363, 33.866995350353811 ], [ 130.947660155699879, 33.867160568537599 ], [ 130.947581876262575, 33.867731237850109 ], [ 130.947211713783247, 33.867858713019928 ], [ 130.947147494860104, 33.867886438677658 ], [ 130.946687749645122, 33.86796977684115 ], [ 130.946580295801027, 33.867997905094072 ], [ 130.946215635767004, 33.868134254957788 ], [ 130.945884857346186, 33.868187077277732 ], [ 130.945519684413568, 33.868280737643182 ], [ 130.945344784030198, 33.868302636579713 ], [ 130.945261132344257, 33.868296682130492 ], [ 130.945131237421947, 33.868257457849715 ], [ 130.944467979632464, 33.867897206810639 ], [ 130.9444386469942, 33.867881272236794 ], [ 130.943223588975286, 33.868300667325911 ], [ 130.942918367596008, 33.868441121072571 ], [ 130.942536747372827, 33.868712835927774 ], [ 130.942314447284758, 33.868820924808887 ], [ 130.942242018005885, 33.868841882160837 ], [ 130.942013288026118, 33.868866566858358 ], [ 130.941476649936874, 33.868847006547824 ], [ 130.941066791082221, 33.8688375073854 ], [ 130.940923693645232, 33.868818560523842 ], [ 130.940791204507889, 33.868786092675151 ], [ 130.940525187293417, 33.868649026523308 ], [ 130.940305720971764, 33.868565517521489 ], [ 130.939830301504315, 33.868491179692981 ], [ 130.939695002743719, 33.86845420119468 ], [ 130.939346799448941, 33.868227915144708 ], [ 130.939235614720104, 33.868177142727575 ], [ 130.938897166090527, 33.868063141507072 ], [ 130.938710432752799, 33.868010922105675 ], [ 130.938597368776385, 33.868018894140256 ], [ 130.938476507173846, 33.868047008319593 ], [ 130.938098325467251, 33.868181353539136 ], [ 130.937448797887498, 33.868379094487885 ], [ 130.937314530342206, 33.86841424389808 ], [ 130.937112818993228, 33.868440906379348 ], [ 130.936601115846372, 33.868472900226138 ], [ 130.935972964496614, 33.868846036966779 ], [ 130.935865426255759, 33.868981787837349 ], [ 130.935767747386308, 33.86907908180082 ], [ 130.935468467265025, 33.869209657202397 ], [ 130.934926732182788, 33.869347572324813 ], [ 130.93464184127464, 33.869308680694502 ], [ 130.934378102772001, 33.869244371471964 ], [ 130.934271698864933, 33.869229453294153 ], [ 130.934016375096178, 33.869252845193429 ], [ 130.933897591947101, 33.869249542077199 ], [ 130.933737206886775, 33.869220577920906 ], [ 130.933184589067025, 33.869038548241463 ], [ 130.933068288991564, 33.869030736948112 ], [ 130.932940289355685, 33.8690637757676 ], [ 130.932761227227815, 33.869149474531731 ], [ 130.93213164592035, 33.869516264530731 ], [ 130.931350274137856, 33.869382706151647 ], [ 130.930953652720007, 33.869300354563698 ], [ 130.930272473482148, 33.869177691013391 ], [ 130.930066799823976, 33.869158134947085 ], [ 130.929460630341026, 33.869171036448321 ], [ 130.929350582955493, 33.86918520182148 ], [ 130.929217276144129, 33.869224572423647 ], [ 130.929157134213767, 33.869278073016069 ], [ 130.929062188229551, 33.869857596891293 ], [ 130.928222539189278, 33.87012690290382 ], [ 130.928098192451642, 33.870565253931069 ], [ 130.928037082336033, 33.870738222021956 ], [ 130.927845493198333, 33.871182731546696 ], [ 130.927830315365128, 33.871361361318222 ], [ 130.92778748419164, 33.871517996485977 ], [ 130.927590237899665, 33.871879243027941 ], [ 130.927411584486862, 33.872233173645512 ], [ 130.927304047433751, 33.872465986513824 ], [ 130.927232718944936, 33.872580481851195 ], [ 130.927073587448859, 33.872728878135007 ], [ 130.926780930438952, 33.872912132098833 ], [ 130.92669937767343, 33.872970550366695 ], [ 130.926406763641836, 33.87323044441932 ], [ 130.926351493626868, 33.873265772359886 ], [ 130.925798582469696, 33.873410411295964 ], [ 130.925690917479557, 33.873415419895579 ], [ 130.925397178988817, 33.873346211356733 ], [ 130.925116040457368, 33.873328433514317 ], [ 130.924702333300502, 33.873368193073311 ], [ 130.924315852806387, 33.873420789069215 ], [ 130.92403497037148, 33.873482043185106 ], [ 130.923744654339828, 33.873581749189711 ], [ 130.922524025613228, 33.873977855713619 ], [ 130.921731238927833, 33.874949429867847 ], [ 130.92135792960795, 33.87536479010172 ], [ 130.921362006677555, 33.875402969854143 ], [ 130.921293018997659, 33.875657216453718 ], [ 130.920908542597004, 33.875987053671132 ], [ 130.920780876809175, 33.876109819517623 ], [ 130.920734765865092, 33.87617853969526 ], [ 130.92070051748766, 33.876274175848579 ], [ 130.92071515837381, 33.876456486124958 ], [ 130.920759137890059, 33.876703479268585 ], [ 130.920400238419035, 33.877070946117676 ], [ 130.919352918677845, 33.87748980596426 ], [ 130.919324320967775, 33.877668566143939 ], [ 130.919273222449164, 33.877746580266468 ], [ 130.919040021097317, 33.878011705781049 ], [ 130.918934422981295, 33.878224086355623 ], [ 130.918885328891065, 33.878581609677454 ], [ 130.918850167775815, 33.878729088942585 ], [ 130.918654375841982, 33.879207533556666 ], [ 130.91809903545149, 33.880033291156018 ], [ 130.918066537586498, 33.880103990125377 ], [ 130.917551158713735, 33.880843131633682 ], [ 130.917583058987276, 33.881054333143553 ], [ 130.917596537838023, 33.881204944547704 ], [ 130.917567584206068, 33.881300441361773 ], [ 130.917440955836554, 33.881452507859258 ], [ 130.917297868040094, 33.881746994954746 ], [ 130.917113399269937, 33.882017643431283 ], [ 130.916977472762312, 33.882061646889042 ], [ 130.916535168279154, 33.882336982096582 ], [ 130.916276431349814, 33.882494663279701 ], [ 130.915956565749497, 33.882699426829454 ], [ 130.916090312381385, 33.883783738273543 ], [ 130.916104701112175, 33.884103687125283 ], [ 130.916087571072325, 33.884265970302778 ], [ 130.91609760963695, 33.884392206495775 ], [ 130.916126329235567, 33.88453874229085 ], [ 130.916151943438251, 33.884768677480203 ], [ 130.916449354967398, 33.885092061424878 ], [ 130.916489268473725, 33.885177885039013 ], [ 130.916349662556883, 33.885551266578403 ], [ 130.916340782143237, 33.885677489848177 ], [ 130.916523623094207, 33.885946413844422 ], [ 130.916531645174302, 33.885958183948972 ], [ 130.916824634326446, 33.886389125376247 ], [ 130.916840468660723, 33.886445488451635 ], [ 130.916794112575502, 33.886535480535322 ], [ 130.916530931291334, 33.886692523818233 ], [ 130.916417836874274, 33.886782399691114 ], [ 130.916401639751058, 33.88679527813769 ], [ 130.916350126670778, 33.886853568149775 ], [ 130.916004391078246, 33.887410937735019 ], [ 130.915888116510047, 33.8874691832957 ], [ 130.915865049650336, 33.887499527246071 ], [ 130.915851920326133, 33.887516775563434 ], [ 130.915722386843555, 33.887687010732193 ], [ 130.91568729961395, 33.887740098598385 ], [ 130.915425987235125, 33.888135370491767 ], [ 130.91529259860468, 33.888337160318962 ], [ 130.915221852149557, 33.888444180682541 ], [ 130.915658629192649, 33.888439269543497 ], [ 130.915909768666438, 33.888528054203753 ], [ 130.91616181632358, 33.888617121826996 ], [ 130.916368498624507, 33.888558164332856 ], [ 130.916529173361255, 33.888512275499515 ], [ 130.916893715771522, 33.88840827036222 ], [ 130.917068956069642, 33.888866391898517 ], [ 130.916528688771109, 33.889013879794945 ], [ 130.916256068448774, 33.88908829007287 ], [ 130.916220505158833, 33.889191813484516 ], [ 130.916117835773719, 33.88927760954595 ] ] ] ] } }
]
}
